acc_Y_max;acc_Y_std;acc;acc_std;acc_var;acc_max;fb_tilt_max;fb_tilt_std;fb_tilt_var;tilt_std;tilt_var;hole;lat;lon
-0.9534006322014889;0.024472315692872462;1.0145563134289204;0.025025026670406788;0.000626251959854571;1.030204681284032;3.871413744476186;2.4935299416457304;6.217691569883759;0.5683237426439195;0.322991876452792;1;53.7250912;86.84489737142857
-0.9534006322014889;0.024472315692872462;1.0226560013021453;0.025025026670406788;0.000626251959854571;1.030204681284032;3.871413744476186;2.4935299416457304;6.217691569883759;0.5683237426439195;0.322991876452792;1;53.7250912;86.84489737142857
-0.9534006322014889;0.024472315692872462;1.0038979575919267;0.025025026670406788;0.000626251959854571;1.030204681284032;3.871413744476186;2.4935299416457304;6.217691569883759;0.5683237426439195;0.322991876452792;1;53.7250912;86.84489737142857
-0.9534006322014889;0.024472315692872462;1.030204681284032;0.025025026670406788;0.000626251959854571;1.030204681284032;3.871413744476186;2.4935299416457304;6.217691569883759;0.5683237426439195;0.322991876452792;1;53.7250912;86.84489737142857
-0.9534006322014889;0.024061192749827136;0.9534753330907343;0.024694904807543147;0.0006098383234536176;1.030204681284032;3.871413744476186;2.553917920772742;6.5224967460441645;0.4616612591211841;0.2131311181733571;1;53.72502744285715;86.84486287142856
-0.9534006322014889;0.02254743311654675;1.0008800236962858;0.02333055121492275;0.0005443146199921334;1.030204681284032;3.871413744476186;2.6983891782867504;7.281304157495043;0.3640539216905805;0.13253525789829132;0;53.724984028571434;86.84484505714285
-0.9534006322014889;0.022555117433905893;1.0118641020132813;0.023335616551631536;0.0005445509998447798;1.030204681284032;3.871413744476186;2.8488531811632405;8.115964447823915;0.27562134629940005;0.07596712653589381;0;53.724948985714285;86.84483561428571
-0.9534006322014889;0.018483266384724563;1.0042360599016136;0.01985365849894038;0.0003941677557925475;1.0118641020132813;3.871413744476186;2.47130415229597;6.1073442131553035;0.19663207025252272;0.03866417105179303;0;53.72492101428571;86.84482592857141
-0.9778729478943612;0.009408880107186103;1.0053184642677588;0.009884339432543882;9.770016601774192e-05;1.0118641020132813;3.871413744476186;2.0945387218760345;4.387092457438092;0.1278219639535639;0.01633845446894619;0;53.72490457857143;86.84481315000001
-0.9778729478943612;0.011253936165022488;1.0041703123204715;0.011379545057395106;0.00012949404571328536;1.0168518958669823;3.871413744476186;0.5210309928643669;0.271473295525228;0.07194898100487322;0.005176655867639607;0;53.72489920714286;86.84480046428573
-0.9778729478943612;0.010932583680364245;1.0051860720194865;0.011031408000055521;0.00012169196246368894;1.0168518958669823;3.780169491422647;0.5834941104526441;0.34046537693292245;0.04289604160627528;0.0018400703854873;0;53.72489468571428;86.84479594285715
-0.9778729478943612;0.011138961699584738;0.9806177919156764;0.011143409896368651;0.00012417558411848678;1.0168518958669823;3.780169491422647;0.5845004935623002;0.34164082697457254;0.0839849342375218;0.007053469178880861;0;53.72489015714285;86.84479141428571
-0.9778729478943612;0.011291270039605932;1.0168518958669823;0.011204482927887593;0.00012554043768132453;1.0168518958669823;3.6678900038297617;0.5248715095353023;0.2754901015218669;0.11614367174747806;0.013489352486985932;0;53.724886157142855;86.84478741428572
-0.9778729478943612;0.011497669163816723;0.997362099631523;0.011355681089352629;0.0001289514930030809;1.0168518958669823;3.6641784671870634;0.41765573109440246;0.1744363097159998;0.10862652075796635;0.011799721011980893;0;53.72488327142857;86.84478087142857
-0.9778729478943612;0.011549228476985847;1.0065257390852638;0.011365283454900612;0.0001291696680102376;1.0168518958669823;2.873961133973413;0.12258242766305086;0.015026451571767097;0.09570098404020005;0.009158678346262624;0;53.72488031428571;86.8447779142857
-0.9952075048434792;0.005637956118913318;1.0064797692769567;0.005670548108568225;3.215511585158667e-05;1.0168518958669823;2.873961133973413;0.12076936743788672;0.014585240111347292;0.09052932603960272;0.00819555887318469;0;53.724879192857145;86.84478045
-0.9952075048434792;0.003676507877500015;1.0074503710874525;0.0036370033166224025;1.3227793125122355e-05;1.0074503710874525;2.6156794947122166;0.03866790444098144;0.0014952068338568724;0.11880111410860657;0.01411370471344616;0;53.72487816428571;86.84478307857144
-1.00336494340777;0.0012782363016788432;1.0054611801318507;0.001331347243484037;1.772485482732544e-06;1.0097457616889558;2.778343053723211;0.08620996013152742;0.007432157225879547;0.1300779505540604;0.016920273220344586;0;53.72487724285715;86.84478215714284
-1.00336494340777;0.0013164009878006565;1.0074503710874525;0.0013661334476917021;1.8663205969020166e-06;1.0097457616889558;2.778343053723211;0.09057466665882213;0.008203770240356746;0.18662182554035742;0.0348277057680156;0;53.72487675714286;86.84477801428571
-1.00336494340777;0.0012388964949405056;1.0073818659269371;0.00129370962735624;1.6736845999142214e-06;1.0097457616889558;2.778343053723211;0.0907178310880933;0.008229724877327826;0.19532523547169614;0.03815194761207354;0;53.724876314285716;86.84477757142858
-1.00336494340777;0.0012388964949405056;1.0097457616889558;0.00129370962735624;1.6736845999142214e-06;1.0097457616889558;2.778343053723211;0.0907178310880933;0.008229724877327826;0.1665898930622162;0.027752192470480625;0;53.72487585714286;86.84477711428572
-1.0054043030488429;0.0008022797924641842;1.0084687553564489;0.0008911068195830326;7.940713639073875e-07;1.0097457616889558;2.778343053723211;0.09032061904689714;0.008157814225014718;0.11206300521846489;0.012558117138593691;0;53.724875342857146;86.84477294285715
-1.0043846232283062;0.0009699089744178653;1.0074503710874525;0.001039623191522162;1.080816380350726e-06;1.0097457616889558;2.778343053723211;0.09021800531631569;0.008139288483254766;0.07738730816976579;0.005988795465762299;0;53.72487445714285;86.8447684
-1.0043846232283062;0.0010900835807586442;1.0074503710874525;0.001143478251730426;1.3075425121804718e-06;1.0097457616889558;2.778343053723211;0.09000695261164939;0.0081012515184357;0.09309633337536316;0.008666927287936756;0;53.72487377142857;86.84476771428571
-1.0043846232283062;0.0010900835807586442;1.007497328619515;0.0011514486363474509;1.325833962146404e-06;1.0097718902830641;2.836198591800388;0.11165685913493698;0.012467254191879157;0.09544458209661842;0.009109668251598134;0;53.72487398571429;86.84476427142856
-1.0043846232283062;0.0010377286521857936;1.0064797692769567;0.0011090994270651243;1.2301015391161867e-06;1.0097718902830641;2.836198591800388;0.10934025591719741;0.011955291564038224;0.05468591907150367;0.002990549744695049;0;53.72487637142857;86.84476665714284
-1.0043846232283062;0.0010377286521857936;1.0065052078853909;0.0011091201199292969;1.2301474404319777e-06;1.0097718902830641;2.836198591800388;0.1257202195229444;0.01580557359689733;0.04466723394092819;0.0019951617879336073;0;53.724880021428575;86.84476665
-1.0043846232283062;0.0010495887932927329;1.0097718902830641;0.0011197293542425006;1.2537938267523277e-06;1.0097718902830641;2.836198591800388;0.12511282116400252;0.015653218019615677;0.061124346949879234;0.003736185790049211;0;53.724884149999994;86.84476346428572
-1.0043846232283062;0.0010957463907122998;1.0070578546732587;0.0011706330494607776;1.3703817364898392e-06;1.0097718902830641;2.836198591800388;0.12986108998246954;0.01686390269143505;0.06945189894752458;0.004823566267417167;0;53.72488785;86.84476350714286
-1.0043846232283062;0.0010957463907122998;1.007480945333572;0.0011757525087660254;1.3823939618696025e-06;1.0097718902830641;2.836198591800388;0.13396054978132102;0.017945428897713785;0.1806142979702284;0.03262152463127845;0;53.724891035714286;86.8447630357143
-1.0043846232283062;0.0010957463907122998;1.0070583709031184;0.0011784959643828645;1.3888527380666975e-06;1.0097718902830641;2.836198591800388;0.13252385567393793;0.017562572322686733;0.333318155668318;0.1111009928981291;0;53.72489327857143;86.84476162142856
-1.0043846232283062;0.010284429731403788;1.0064828684311593;0.012272538843703565;0.00015061520967021285;1.039285865974866;2.6405669414739656;0.2272952616071818;0.05166313594907721;0.5219346562092171;0.2724157853522336;0;53.72488653571428;86.84475122142858
-1.0043846232283062;0.011365025339583898;1.0064348304685846;0.0128227527696719;0.0001644229885921284;1.039285865974866;2.611528159410346;0.4525367911609009;0.20478954735420482;0.6472482725886678;0.41893032636901434;0;53.72486850714286;86.84472587857144
-0.971754868971143;0.018853575122903945;1.0064797692769567;0.019481139596026084;0.00037951479995985537;1.039285865974866;3.896511137880981;0.7663051382321054;0.5872235648809262;0.7383821914160495;0.5452082606003676;0;53.72483988571429;86.84467897142856
-0.971754868971143;0.021192478967072985;1.039285865974866;0.02132417229053689;0.00045472032387650123;1.039285865974866;5.456885520596053;1.365214960158014;1.8638118874392475;0.717760017019104;0.5151794420312644;1;53.72480348571429;86.84462062857142
-0.971754868971143;0.022250125325654572;1.0233003938798515;0.02269436634165975;0.0005150342636494589;1.039285865974866;5.456885520596053;1.5489351593081984;2.3992001277411137;0.6298921132518248;0.39676407433684974;0;53.7247599;86.84454778571428
-0.971754868971143;0.023085592315293748;0.9753460019482698;0.023166661765815593;0.0005366942173717021;1.039285865974866;5.456885520596053;1.9281939588011703;3.7179319427573287;0.5027807589186961;0.25278849153886;0;53.72470634285714;86.84444668571427
-0.971754868971143;0.026472427828586036;0.9864752756324549;0.026066786377102608;0.0006794773520295022;1.039285865974866;5.456885520596053;1.9240245583579187;3.7018705011643847;0.36143062194402903;0.13063209447884763;0;53.724643657142856;86.8443072
-0.971754868971143;0.023847265303528462;1.0267694800488072;0.022170951085005133;0.0004915510720136903;1.0267694800488072;5.495088335891077;2.2772252568447957;5.185754870411845;0.2692592878368806;0.0725005640864241;1;53.7245836;86.84415571428572
-0.971754868971143;0.020898698595615956;1.022325516403962;0.020187768474284905;0.00040754599597133144;1.0267694800488072;5.848139251586296;2.456349392349504;6.033652337295776;0.16061808815592676;0.02579817024286506;1;53.7245297;86.84399575714285
-0.9737942286122158;0.018876539690719996;0.9801134906147613;0.017523791845856042;0.00030708328065689067;1.0267694800488072;5.848139251586296;2.445204860367463;5.979026809164664;0.10783135227283629;0.011627600532988515;1;53.72448445714286;86.84382982857143
-0.9737942286122158;0.01865159499364226;0.9956103065564804;0.01665631883451703;0.00027743295711708685;1.0267694800488072;5.848139251586296;2.2493052523186714;5.059374118108361;0.1512372374912454;0.022872702003983367;1;53.72445885714286;86.84364331428571
-0.9737942286122158;0.017203747168123715;1.0057479725881169;0.01515837652140316;0.00022977637876462657;1.022325516403962;5.848139251586296;2.0926877889080364;4.379342181844806;0.254174488494146;0.06460467060126074;1;53.72445808571428;86.84347065714284
-0.9737942286122158;0.014288950824587206;1.0100997917059107;0.014725273078295738;0.00021683366723038126;1.0210829542558806;5.848139251586296;1.3294136821331952;1.7673407382429402;0.3955149715880793;0.1564320927503192;1;53.72448504285715;86.84333670000001
-0.9850107066381156;0.013320576784587566;1.0210829542558806;0.011530516088558363;0.00013295280126850327;1.0210829542558806;5.848139251586296;1.061890229765037;1.1276108600704429;0.5284390789128343;0.2792478601222446;1;53.72454135714286;86.8432577
-0.9850107066381156;0.011952146346944225;1.016070393629026;0.01093242427546463;0.00011951790053876833;1.0210829542558806;5.848139251586296;0.9862105360702939;0.9726112214560563;0.5571462227477496;0.3104119135220851;0;53.72463234285715;86.84321702857143
-0.9850107066381156;0.012236157846436235;0.9900571227581452;0.011019741530186665;0.00012143470339212076;1.0210829542558806;4.785378105730554;0.6938062134803797;0.4813670618639823;0.5875985469259302;0.34527205234946456;0;53.724751285714284;86.8432152857143
-0.9850107066381156;0.01122309737025056;1.0167486165454673;0.011502572942045175;0.00013230918428706979;1.0210829542558806;4.785378105730554;0.8059130658448083;0.6494958696993783;0.616988784217001;0.38067515984957306;0;53.724900257142856;86.84325454285714
-0.9850107066381156;0.010754509228030326;0.999380383999375;0.010240429552771773;0.00010486639742528151;1.0167486165454673;4.785378105730554;0.9017376677831412;0.8131308214989789;0.6492229961671404;0.4214904987522388;0;53.7250721;86.84334958571428
-0.9850107066381156;0.01140687960521026;1.0137432981171008;0.010714600654755765;0.00011480266719089265;1.0185912411005453;4.785378105730554;0.8549585722642886;0.7309541602881908;0.659674212293409;0.43517006636492955;0;53.72526445714286;86.84346514285714
-0.99214846538187;0.009699089744176066;1.0007693818941619;0.009475035837883382;8.977630412917444e-05;1.0185912411005453;4.757958005190466;0.8463698609382077;0.7163419415045609;0.7187263410079275;0.5165675532586437;0;53.72547374285715;86.84359762857142
-0.99214846538187;0.008621457418182153;1.0005116897149997;0.008399036311841036;7.054381096762428e-05;1.0185912411005453;4.757958005190466;0.8398119537732267;0.7052841177004042;0.7623888227637239;0.5812367170750569;0;53.72568735714286;86.84372347142858
-0.99214846538187;0.008265219253596318;1.0185912411005453;0.008163402586977947;6.664114179707823e-05;1.0185912411005453;4.757958005190466;0.8914230801047685;0.7946351077434723;0.6975065741127676;0.48651542093052985;0;53.725899157142855;86.8438548142857
-0.9819516671765066;0.010448016576519729;0.9957495844923943;0.010301396426162804;0.00010611876832895978;1.0185912411005453;4.757958005190466;0.8521454222421431;0.7261518206482404;0.6069054152873581;0.3683341831051206;0;53.726113285714284;86.84398117142857
-0.9819516671765066;0.011464787040225024;1.0018997678181785;0.011160401133141422;0.00012455455345262433;1.0185912411005453;4.757958005190466;0.7869749866391218;0.6193296295956459;0.440046552817113;0.19364096864622427;0;53.72633704285714;86.84412081428572
-0.9819516671765066;0.01145506608286338;1.0077945035625222;0.011106514974718583;0.00012335467488364812;1.0185912411005453;4.757958005190466;0.6388875009157883;0.4081772388264213;0.30029206508997996;0.09017532435600477;0;53.7265578;86.84426477142857
-0.9819516671765066;0.010681173642978409;0.9850608448977549;0.01016675252469713;0.00010336285689843549;1.013869958116242;4.757958005190466;0.7505819118190841;0.5633732063499912;0.19090060498772735;0.03644304098468031;0;53.72677664285714;86.84441047142857
-0.9819516671765066;0.010054383804408073;1.0129917300824811;0.009654110560406978;9.320185071256153e-05;1.013869958116242;3.9451781386607983;0.5510514008762556;0.3036576464076837;0.1901895575240323;0.036172067791187194;0;53.726999142857146;86.84455251428572
-0.971754868971143;0.015202660636746131;1.004964689774313;0.015186060033390557;0.00023061641933774202;1.013869958116242;3.9451781386607983;0.5391672516348001;0.2907013252354238;0.19225278680037614;0.03696113403251088;0;53.72723418571429;86.84471075714285
-0.971754868971143;0.015502582932760628;1.013869958116242;0.015465159831325093;0.00023917116860843116;1.013869958116242;3.73287791347917;0.4744425717475561;0.2250957538864349;0.1955984900863716;0.0382587693240684;0;53.72747624285714;86.84487235714286
-0.971754868971143;0.013777811275125215;1.0023743079629481;0.013908174022930342;0.00019343730465211438;1.013869958116242;4.0151849725829845;0.5492481515049847;0.30167353193164265;0.25636323683874973;0.06572210920244088;0;53.72772204285714;86.84504135714285
-0.971754868971143;0.01312068540945987;0.9733852030543566;0.013353543058384031;0.00017831711221211633;1.013869958116242;4.223088290838593;0.5924526028973284;0.3510000866798195;0.37215463012418254;0.1384990687228671;0;53.727954828571434;86.84521197142858
-0.971754868971143;0.0133451787803389;1.0106590889732308;0.013523998952135142;0.0001828985476573524;1.013869958116242;4.223088290838593;0.6160266490525925;0.37948883234296593;0.4799642061881749;0.23036563922184491;0;53.728182571428576;86.8453812
-0.971754868971143;0.01166652583899045;1.0048136252996123;0.011905142492252701;0.00014173241776084083;1.0106590889732308;4.223088290838593;0.3594604662717554;0.12921182681230778;0.4910530920208949;0.2411331391832815;0;53.72840512857143;86.84554524285714
-0.971754868971143;0.012934459139991278;0.9969700111342552;0.013284196950608779;0.0001764698886225636;1.0129075607961107;4.677180316331684;0.48169485025276804;0.2320299287600366;0.45165463463682054;0.20399190898891986;0;53.72864169999999;86.84571964285715
-0.9901091057407974;0.008729180769758526;0.9930372741799203;0.009291742577655837;8.633648012942233e-05;1.0177707222748844;5.807668531061854;0.7691049793703458;0.59152246929226;0.5095775779883115;0.25966930798843363;0;53.7288675;86.84588327142858
-0.9901091057407974;0.008334566437667975;0.9977247900423029;0.009264124594205649;8.582400449696599e-05;1.0177707222748844;6.140946360268596;0.9051130489066727;0.8192296313011328;0.617793563828111;0.38166888750743827;0;53.72908325714286;86.84604417142859
-0.971754868971143;0.013829820119596183;1.0129075607961107;0.013843183272098656;0.00019163372310491205;1.0177707222748844;6.140946360268596;0.9716688483492303;0.9441403508523195;0.706537674558655;0.49919548557075194;0;53.72928782857143;86.84620120000001
-0.971754868971143;0.014536718573509577;1.0177707222748844;0.013877046088719376;0.00019257240814844173;1.0177707222748844;8.475044250740645;1.5611264621789713;2.4371158309154315;0.8268666667289837;0.6837084845475002;0;53.72950027142857;86.84636244285714
-0.971754868971143;0.014478701153197864;1.0103895123810036;0.013451598709781703;0.00018094550784900076;1.0177707222748844;8.475044250740645;1.5321882135168596;2.347600721639986;0.8874217427163862;0.787517349445788;0;53.72969697142857;86.84651891428572
-0.971754868971143;0.014933216732516212;0.9775847581586337;0.013936712083419076;0.0001942319436961193;1.0177707222748844;8.475044250740645;1.2436437663627753;1.546649817612989;0.8053593268307168;0.6486036453132252;0;53.72987507142857;86.84667141428572
-0.971754868971143;0.014146608405526116;0.996303892526393;0.013613634805885138;0.0001853310526280073;1.0177707222748844;8.475044250740645;0.9545169644905408;0.9111026355002364;0.5976782632219969;0.35721930632806265;0;53.730013957142866;86.84681030000002
-0.971754868971143;0.01392792415540098;1.0011184074214647;0.014198714031037984;0.0002016034801351949;1.020622588541623;8.475044250740645;0.8516972464429181;0.7253881995984487;0.3922731800303201;0.1538782477710999;0;53.73013837142857;86.846953
-0.971754868971143;0.013494600740600401;1.0135212203273656;0.01416647717523669;0.0002006890755565021;1.020622588541623;8.475044250740645;0.750524493444069;0.5632870152594763;0.2334702009039721;0.0545083347101411;0;53.730247385714286;86.84710224285713
-0.9850107066381156;0.009580960335856535;0.9964385083751209;0.009206403409485232;8.475786373818131e-05;1.020622588541623;8.475044250740645;0.695050043588619;0.4830945630925411;0.11297892383839075;0.0127642372316809;0;53.73034257142858;86.84726325714284
-0.9880697460997246;0.009185207516750154;1.020622588541623;0.008355221482847666;6.980972602743916e-05;1.020622588541623;7.6579680465475;1.8378696393520226;3.377764811251934;0.1747798151407681;0.03054798378064107;0;53.73041418571428;86.84745921428573
-0.9880697460997246;0.01246665196088004;1.0100448486175564;0.011294769014998528;0.00012757180710217084;1.0307328947801917;7.6579680465475;2.464301902418818;6.072783866265006;0.25159675688186905;0.06330092807347433;0;53.730483628571434;86.84768591428572
-0.9880697460997246;0.02007673352451968;1.0024126867400942;0.019661255637739055;0.00038656497325252577;1.0545747387645057;7.6579680465475;2.4632180659702763;6.067443240522348;0.3127729443124853;0.09782691469390105;0;53.730556314285714;86.84793414285714
-0.9962271846640156;0.01790498921323664;1.0115542464645626;0.01812580521959932;0.0003285448148588539;1.0545747387645057;7.6579680465475;2.319819254916792;5.3815613754827;0.37493714110900345;0.14057785978299275;0;53.73063938571429;86.84819641428571
-0.9962271846640156;0.018104359799872263;1.0307328947801917;0.018268539308944662;0.00033373952848245636;1.0545747387645057;7.6579680465475;2.1656260843760538;4.689936337329958;0.3976493192211962;0.15812498107708078;0;53.73073778571428;86.84845572857141
-0.9962271846640156;0.01733455694911786;1.0545747387645057;0.018221790697598078;0.0003320336562270719;1.0545747387645057;7.6309485282328335;2.1598217439032172;4.664829965437135;0.3925572977824894;0.15410123204229004;1;53.73084771428571;86.84869365714285
-0.9931681452024064;0.017932620385868105;1.00649681450698;0.017602949777027557;0.00030986384085255453;1.0545747387645057;8.038157229675962;2.440012483287028;5.953660918596529;0.39584699148583596;0.1566948406683875;0;53.7309687;86.84890241428572
-0.9931681452024064;0.019784841815859114;1.013129773099869;0.01870151974287219;0.0003497468406930383;1.0545747387645057;8.038157229675962;2.3313403306110683;5.435147737133725;0.39453781901727725;0.15566009063490982;0;53.73109952857143;86.84904787142857
-0.974813908432752;0.023083447511803898;1.0289574871716536;0.022408770121338645;0.0005021529783509996;1.0545747387645057;8.038157229675962;1.5555938987069795;2.4198723776943805;0.38378818199250647;0.14729336863711326;0;53.731235785714276;86.84914389999999
-0.974813908432752;0.013854857962630744;1.0063165336671613;0.013358127479117028;0.00017843956974834146;1.0289574871716536;8.038157229675962;1.047819241731956;1.0979251633437315;0.35642805772132824;0.12704096033099851;0;53.73137062857143;86.8492056
-0.974813908432752;0.014538421463291935;1.0029047384373782;0.013736057503078755;0.00018867927572788616;1.0289574871716536;8.038157229675962;0.8598750898346336;0.7393851701181191;0.3414609358611013;0.11659557071913913;0;53.73149841428572;86.84923464285714
-0.974813908432752;0.014404991546402663;0.9839318519087772;0.014179027848844901;0.00020104483073831925;1.0289574871716536;8.038157229675962;1.2111605555369502;1.4669098912885739;0.3162229821071455;0.09999697441273607;0;53.73161738571429;86.84924755714287
-0.974813908432752;0.012374969503211047;1.008193694455391;0.01076345274046886;0.00011585191489630661;1.0157377660108822;8.038157229675962;1.6497352233405236;2.721626307130407;0.24282327154346608;0.05896314120307187;0;53.731738042857145;86.84925118571428
-0.974813908432752;0.012302741437819634;1.0157377660108822;0.010708291975879917;0.0001146675170406942;1.0157377660108822;7.948028837864733;1.552153300570054;2.409179868470513;0.19204442971422833;0.036881062984263184;0;53.73186504285714;86.84925018571428
-0.974813908432752;0.012446778439618831;0.9968881395783684;0.010927647092157024;0.00011941347097072786;1.0157377660108822;7.80253803886785;1.3212139837568635;1.7456063908746815;0.15649832533134647;0.024491725831515963;0;53.732001000000004;86.84923619999999
-0.986030386458652;0.009022046973562868;1.01294656694472;0.009154976665761401;8.381359775063574e-05;1.0157377660108822;6.679199376296795;0.8836559156144242;0.7808477772003665;0.1225183681029965;0.01501075052262135;0;53.732145214285715;86.84920487142857
-0.986030386458652;0.010610831243849287;1.0032944752545614;0.009899019527822763;9.799058761221639e-05;1.0157377660108822;7.307157595239289;1.0724408764370539;1.150129433453076;0.23010474676755877;0.052948194484962345;0;53.73229395714286;86.84915612857142
-0.986030386458652;0.009249665904172684;1.0092931019737061;0.008259925684402163;6.822637231184655e-05;1.01294656694472;7.307157595239289;1.215872977543532;1.478347097520574;0.27391769470563593;0.07503090347284998;0;53.73244184285714;86.84908824285715
-0.986030386458652;0.009901175817837098;0.989922689460352;0.0095868201115489;9.190711985119846e-05;1.016131789898246;7.307157595239289;1.3295010501372568;1.7675730423160687;0.29016926474861165;0.08419820220474987;0;53.73259108571428;86.84898514285713
-0.986030386458652;0.00853125345706282;0.9941172292981519;0.008919783589543243;7.956253928428495e-05;1.016131789898246;7.307157595239289;1.046701288144708;1.095583586603791;0.2893592288422706;0.08372876331619354;0;53.732725828571425;86.84886022857143
-0.986030386458652;0.00886426315816563;1.0036436586316209;0.009443386771752776;8.917755372091533e-05;1.016131789898246;7.307157595239289;0.950036098904729;0.9025685892221159;0.24086133114355476;0.05801418084024515;0;53.73284281428572;86.84871024285714
-0.986030386458652;0.00813616750184367;1.016131789898246;0.009109101234865061;8.297572530702017e-05;1.016131789898246;7.307157595239289;0.7798195759133696;0.6081185709777076;0.2244947092729257;0.05039787449153543;0;53.732938257142855;86.84848751428571
-0.986030386458652;0.007123872040439112;1.0069632510836772;0.0076366308692262345;5.8318131032819035e-05;1.016131789898246;7.307157595239289;0.5797979573789906;0.3361656713808499;0.3268666918275715;0.1068418342263006;0;53.7330119;86.8482503
-0.9778729478943612;0.009400983437640132;0.9951411607585426;0.009643167667900406;9.299068267123974e-05;1.016131789898246;7.2495158893717715;0.5668110784778438;0.3212747986852164;0.38505968670765955;0.14827096232740092;0;53.73306741428571;86.84799495714286
-0.9778729478943612;0.009903675799146522;1.0060447599601816;0.010286797969532102;0.00010581821246596978;1.016131789898246;7.2495158893717715;0.6149299791727364;0.378138879285382;0.4065318913653735;0.16526817869710783;0;53.73310917142857;86.84772951428572
-0.9778729478943612;0.009777893760456468;0.9996134045471026;0.00986905101005452;9.739816783905815e-05;1.0113085555382617;7.2495158893717715;0.593242684476761;0.3519368826851938;0.3890730148557661;0.1513778108889552;0;53.733134299999996;86.84746938571429
-0.9778729478943612;0.009777893760456468;0.9858178863281117;0.009598884072029813;9.213857542826765e-05;1.0113085555382617;7.2495158893717715;0.7094472262260026;0.503315366799769;0.2961809380401547;0.08772314805834595;0;53.7331543;86.84720047142858
-0.9778729478943612;0.010003162734338942;1.0113085555382617;0.009680076322906626;9.370387761729747e-05;1.0113085555382617;7.2495158893717715;0.7493519338644241;0.5615283207863522;0.24658069399169624;0.06080203864942654;0;53.733170328571426;86.84692392857143
-0.9778729478943612;0.009901175817837289;0.9875608274278941;0.009480309980533569;8.987627732700438e-05;1.0113085555382617;7.2495158893717715;0.9135692947334884;0.8346088562798434;0.190882529750785;0.03643614016405933;0;53.73318161428572;86.84669018571427
-0.9778729478943612;0.0099011758178373;1.0047370497006474;0.009489908916072333;9.005837123534915e-05;1.0113085555382617;7.2495158893717715;0.9510425853714234;0.9044819991899612;0.16182312104848473;0.026186722505872537;0;53.73319942857143;86.84641177142858
-0.9819516671765066;0.007106475501552562;1.004402739203872;0.007472520995426729;5.5838570027093266e-05;1.0113085555382617;7.182282049455456;0.7956148392849551;0.633002972490425;0.13219915319444914;0.01747661610532943;0;53.733218271428576;86.84611975714286
-0.9819516671765066;0.0075988873389379995;1.0038218300363813;0.007473825381279666;5.5858065829860144e-05;1.011314338698864;6.104947178470528;0.42094229906313246;0.17719241914055564;0.1102056961795004;0.012145295470408352;0;53.73323645714286;86.84581245714286
-0.9931681452024064;0.0042728750374617765;0.9984791285578339;0.004438875010951811;1.9703611362852437e-05;1.011314338698864;5.728743023381297;0.32946730295799337;0.10854870371841419;0.17142457237796152;0.02938638401496697;0;53.733254342857144;86.84549388571428
-0.9931681452024064;0.0075087625758682545;0.9980733176302304;0.007550925490145338;5.701647575772662e-05;1.019527876922449;5.728743023381297;0.32981118602403187;0.10877541842657856;0.2308243234079661;0.05327986827674532;0;53.73326971428571;86.84513257142858
-0.9931681452024064;0.007768040688030038;1.011314338698864;0.0076958806715154565;5.922657931020519e-05;1.019527876922449;6.488220835781799;0.5423736932464188;0.2941692231257604;0.29221674100351125;0.08539062372271318;0;53.73328212857143;86.84477195714285
-0.974813908432752;0.012274033742900287;1.0037266624724208;0.012314321884336493;0.00015164252347104866;1.019527876922449;6.488220835781799;0.45738984007083666;0.20920546580002553;0.32926676420994416;0.10841660201328696;0;53.73329187142857;86.84441232857144
-0.974813908432752;0.01390257273725336;1.019527876922449;0.014326187303262048;0.0002052396426481467;1.0221339133559435;6.760344395430391;0.5978314096252446;0.357402394334507;0.3157938378121273;0.09972574800011214;0;53.73329338571428;86.84409567142858
-0.974813908432752;0.013971846238446996;1.0016417176765304;0.014126501693201102;0.0001995580500880136;1.0221339133559435;6.760344395430391;0.8197318963203024;0.671960381844879;0.21872543812968512;0.04784081728502271;0;53.733291928571425;86.84378701428571
-0.974813908432752;0.01384100332466453;0.9799733166556656;0.01400733276785331;0.00019620537126937705;1.0221339133559435;6.760344395430391;0.9140326868504746;0.8354557526310976;0.13260357292346964;0.017583707552069932;0;53.73328664285714;86.84347452857142
-0.974813908432752;0.015585399868104647;1.0221339133559435;0.016214995488184097;0.00026292607868183066;1.0221339133559435;6.760344395430391;0.9825063838800053;0.9653187943649644;0.14547623435173415;0.02116333476116067;0;53.73328141428572;86.84310358571429
-0.974813908432752;0.014016513804168622;1.0118024467803857;0.014670902325290008;0.00021523537503819975;1.0221339133559435;6.760344395430391;1.1679827461562702;1.3641836953187425;0.2283036590383633;0.052122560730305245;0;53.7332799;86.84275464285714
-0.974813908432752;0.014060599318463042;1.0066145736647165;0.014705921616817044;0.00021626413059996682;1.0221339133559435;6.760344395430391;1.0264718493680303;1.0536444575450241;0.30548718701993427;0.0933224214333523;0;53.733279728571425;86.84239241428573
-0.9819516671765066;0.01020893003381309;0.9850988427209222;0.011454021972478223;0.0001311946193460139;1.0221339133559435;6.760344395430391;0.9571291106180734;0.9160961343925442;0.34609423367556436;0.11978121858347614;0;53.73328397142857;86.84201631428573
-0.9819516671765066;0.00870077463921251;1.0025070715361164;0.00916282773582674;8.395741211643578e-05;1.0123988035867812;4.911178319629592;0.37479163478308114;0.14046876950337447;0.34080993006173094;0.11615140842868195;0;53.73329508571428;86.8416288
-0.9819516671765066;0.010101669913668877;1.0040538198150042;0.01031672535848921;0.00010643482212249431;1.0178995624739453;4.911178319629592;0.3657310000536371;0.13375916440023353;0.3858560525693659;0.14888489330441326;0;53.73331777142857;86.84123091428572
-0.9819516671765066;0.011577060562985186;1.0123988035867812;0.011971608010852303;0.00014331939836550303;1.0178995624739453;4.911178319629592;0.3776872097905729;0.14264762843938825;0.34183711869641836;0.11685261571866923;0;53.733359300000004;86.8408409
-0.9850107066381156;0.010980033372652938;1.0010150628425851;0.011215356693383775;0.00012578422575982824;1.0198322512761753;4.911178319629592;0.37441411565852106;0.1401859300043524;0.2848708741637324;0.08115141494680907;0;53.73341242857142;86.84051002857143
-0.9850107066381156;0.011456686815214829;1.0178995624739453;0.011578126756345085;0.00013405301918599394;1.0198322512761753;4.911178319629592;0.2530010479445259;0.06400953026102829;0.22139574886501054;0.04901607761549882;0;53.73347942857142;86.84019668571429
-0.9850107066381156;0.011398195264700654;0.9875208185668288;0.01155053097181771;0.00013341476573092015;1.0198322512761753;5.078360657044447;0.33575944909850336;0.11273440765893046;0.17145191460928144;0.029395759023188334;0;53.73356688571429;86.83990745714286
-0.9850107066381156;0.01163890769301094;1.0198322512761753;0.011753603318171801;0.00013814719096093918;1.0198322512761753;5.078360657044447;0.31752424761169623;0.10082164782137377;0.15792571766724287;0.024940532300713702;0;53.73366657142857;86.83963777142857
-0.9850107066381156;0.011121167819693606;1.0160173084474453;0.011373452911219734;0.00012935543112373263;1.0198322512761753;5.078360657044447;0.37989575112622004;0.1443207817237549;0.10661119457994211;0.011365946809762278;0;53.733775071428575;86.83938055714286
-0.9839910268175792;0.013365568675774665;1.0137115024341392;0.013847679213751182;0.00019175821960695655;1.0198322512761753;5.078360657044447;0.49383419472907414;0.2438722118837131;0.12871178217934245;0.016566722871782496;0;53.733886985714285;86.83909018571428
-0.9839910268175792;0.011247334970105487;1.002811427902371;0.011493069172772393;0.00013209063901013112;1.0198322512761753;5.078360657044447;1.032372869265018;1.065793741194486;0.11427949293289903;0.013059802505000521;0;53.733987042857144;86.8387843
-0.9839910268175792;0.010724542688170143;1.0131975048019997;0.010824828062011752;0.0001171769025721171;1.0160173084474453;5.078360657044447;1.0521654580756723;1.1070521511675893;0.1201359355766243;0.014432643016870824;0;53.73407408571428;86.83846174285715
-0.9839910268175792;0.010538257690920962;0.9860725646597776;0.010432203143567504;0.00010883086242865971;1.0143241630545379;5.078360657044447;1.1655941514218262;1.3586097258287673;0.15968583158917046;0.02549956481032491;0;53.734144500000006;86.83811158571429
-0.9839910268175792;0.010898564563510727;1.0137991945614309;0.010578603156394698;0.00011190684474048388;1.0143241630545379;4.7828364835837744;0.9632613062792333;0.927872344174775;0.1891393128456796;0.03577367966373587;0;53.734198185714284;86.83772641428571
-0.9839910268175792;0.017537589519131615;1.0143241630545379;0.01735958792492798;0.0003013552929233053;1.042847470295791;3.9819068057836415;0.7344289606877635;0.5393858982969085;0.20104738830877214;0.04042005234577821;0;53.73424594285715;86.83731337142856
-0.9839910268175792;0.018133052437458788;1.0114704715362948;0.01783296022292012;0.0003180144703122513;1.042847470295791;3.675930124834002;0.6216940990046717;0.3865035527372304;0.19783017197807826;0.039136776944876016;0;53.73429978571429;86.83688447142856
-0.99214846538187;0.016545407665839628;0.9987418998078355;0.016117587980607917;0.0002597766423126368;1.042847470295791;3.512015538982429;0.9123750988181762;0.832428320943477;0.1613948750268161;0.026048305684921585;0;53.73436801428572;86.83649555714285
-0.99214846538187;0.019309921183159003;1.042847470295791;0.019556522207786208;0.0003824575608636351;1.042847470295791;3.512015538982429;1.210725691171791;1.465856699263411;0.15216547447357318;0.023154331621767648;0;53.73446094285715;86.83611671428572
-0.99214846538187;0.019435711200371148;1.0002289832448155;0.019817707912625052;0.00039274154691012163;1.042847470295791;3.512015538982429;1.3347732943380906;1.7816197472781592;0.16661035307348634;0.02775900975127178;0;53.7345863;86.83574104285715
-0.99214846538187;0.019536710436890897;0.9949039575389825;0.01984312771565318;0.0003937497175397235;1.042847470295791;3.512015538982429;1.3266933306878324;1.760115193691574;0.15934400688524597;0.025390512530245313;1;53.73474678571428;86.83535295714286
-0.99214846538187;0.018314319971670122;1.0399184540576654;0.018773279915581385;0.0003524360387887715;1.042847470295791;3.038743088865898;1.3073057456895376;1.7090483127128782;0.12455559789011257;0.015514096965763413;1;53.7349403;86.83497595714286
-0.9472825532782706;0.02736399077045693;1.0061929593579644;0.027523427634625505;0.0007575390687584669;1.0399184540576654;3.038743088865898;1.1791586641449179;1.390415155228027;0.068514593338492;0.004694249500338932;0;53.73515614285714;86.83459568571428
-0.9472825532782706;0.02736399077045693;1.0173425849669464;0.02750964205954694;0.000756780406244394;1.0399184540576654;3.853509435481896;1.4065148324542567;1.9782839739138256;0.028634056299213072;0.0008199091801465039;0;53.73535608571428;86.8341922
-0.9472825532782706;0.02990427923232543;1.0105237952071813;0.02932909761686385;0.0008601959670195288;1.0399184540576654;6.751780546859036;2.4503419069592707;6.004175461000796;0.03525499289435642;0.0012429145239811219;0;53.735524514285714;86.83377914285714
-0.9472825532782706;0.024957307749889638;0.9497347332486549;0.023586546487776062;0.0005563251752200213;1.0173425849669464;6.751780546859036;2.3877831646064047;5.7015084411777766;0.05427294272987156;0.0029455523125599178;0;53.73564758571428;86.83332072857142
-0.9472825532782706;0.025303874521355078;1.0013858074440343;0.024000020178969978;0.0005760009685909661;1.0173425849669464;6.751780546859036;2.164946719962291;4.686994300275484;0.0613051586774567;0.003758322480468144;1;53.73572921428571;86.83286109999999
-0.9472825532782706;0.026367482210964504;0.9757223707542597;0.024948047072707803;0.0006224050527420444;1.022939116488793;6.751780546859036;2.3034038840981967;5.30566945327866;0.06420948222253955;0.0041228576072866235;0;53.735767685714286;86.83241682857144
-0.9472825532782706;0.025962532336933866;0.9988772280091436;0.024613795393749312;0.0006058389236853549;1.022939116488793;6.751780546859036;2.1403710245271843;4.581188122635548;0.06432636035523702;0.004137880636551809;0;53.735758528571424;86.8319285857143
-0.968695829509534;0.016584637424416432;1.0104780072829813;0.01432981025445273;0.00020534346192861862;1.022939116488793;6.751780546859036;2.3085953994733353;5.329612718469449;0.0736687896554585;0.005427090569300189;0;53.735709771428574;86.83144097142858
-0.968695829509534;0.01886604507108762;1.022939116488793;0.016604602684322848;0.0002757128303042215;1.0249496738430883;6.751780546859036;2.322904429379282;5.395884988029888;0.1383025147051726;0.019127585573774485;0;53.73564712857143;86.8309541
-0.9952075048434792;0.011953181926926496;1.0067731135780675;0.011510492238718735;0.0001324914315776042;1.0249496738430883;3.863201809695928;1.2400224613651025;1.537655704689967;0.14719005856079648;0.021664913339130693;0;53.73558267142857;86.83044347142857
-0.9952075048434792;0.010857030899168825;1.0015037782463128;0.010730813844897668;0.00011515036577384748;1.0249496738430883;2.4290641599484224;0.6912235716094097;0.4777900259484687;0.24665598629618798;0.06083917557574527;0;53.73552862857143;86.82994325714286
-0.9952075048434792;0.010882083867217252;1.0249496738430883;0.010755969392267088;0.00011569087756738642;1.0249496738430883;0.997689867164848;0.22897798150390083;0.052430916013600753;0.30463008793701274;0.0927994904765121;0;53.735476399999996;86.82943022857144
-0.9952075048434792;0.009636995471246223;0.9955469919624335;0.009586348888378374;9.189808500971329e-05;1.0249496738430883;0.997689867164848;0.40069805702176803;0.16055893290102008;0.3689168542183392;0.13609964532635532;0;53.735422285714286;86.82890799999998
-0.9952075048434792;0.013198285709427014;1.0071117992626046;0.013087928419178455;0.00017129387030553902;1.0294662672998574;0.997689867164848;0.44512306022419323;0.19813453874335074;0.3886282515546237;0.1510319179064039;0;53.7353706;86.82841014285714
-0.99214846538187;0.014432033524566866;1.007745496368935;0.014324416893494141;0.00020518891933862031;1.0294662672998574;1.3537728957119617;0.5524909815785717;0.3052462847256537;0.345175746946403;0.11914629628000724;0;53.735316028571425;86.82788014285714
-0.99214846538187;0.014903866033521883;0.9983883985012758;0.014769347901114983;0.00021813363742416957;1.0294662672998574;1.3537728957119617;0.5448724816798779;0.29688602129198893;0.2996304123210291;0.0897783839876699;0;53.73526541428571;86.82735044285714
-0.9839910268175792;0.01696729844356617;1.0294662672998574;0.01682463518804247;0.00028306834921071696;1.0294662672998574;1.3537728957119617;0.49850381013687245;0.24850604872097895;0.1499522367067782;0.022485673293365645;0;53.73521012857143;86.82680875714286
-0.9839910268175792;0.017035735063103238;0.9926791228822041;0.01689290079504872;0.00028537009727135765;1.0294662672998574;1.3537728957119617;0.5051939408409435;0.2552209178624027;0.11859825085003742;0.0140655451046884;0;53.735155299999995;86.82627118571429
-0.9839910268175792;0.017170348357437897;1.0271196985196724;0.017018626776251527;0.0002896336573493454;1.0294662672998574;1.3537728957119617;0.5103022628691983;0.2604083994894244;0.10723723991167863;0.011499825623874922;0;53.73509535714286;86.82573581428571
-0.9839910268175792;0.017053527147967925;0.9844241633286789;0.017015449698456295;0.00028952552844069637;1.0294662672998574;1.3537728957119617;0.4675685951094379;0.21862039113261347;0.10443476755361028;0.010906620673976611;0;53.73503111428571;86.82519614285715
-0.9839910268175792;0.018265931967597387;1.00259522513281;0.01835490279149227;0.0003369024564851307;1.035701222152794;1.3537728957119617;0.4633926593536861;0.21473275674288136;0.10155005735692219;0.010312414149194185;0;53.73495834285715;86.8246589142857
-0.9839910268175792;0.019560138604676494;1.0115850821145367;0.019559236997870648;0.00038256375193887194;1.035701222152794;0.7464409894559533;0.2982631269545113;0.08896089290068293;0.14905521670588787;0.02221745762723919;0;53.734883200000006;86.82414491428571
-0.9839910268175792;0.017934000826991408;1.0175285760469246;0.0180309259894218;0.0003251142920360066;1.035701222152794;0.7464409894559533;0.30135490519440233;0.09081477888472721;0.13546584931589775;0.018350996330877514;0;53.734794085714285;86.82354745714285
-0.9850107066381156;0.01732312819762054;1.035701222152794;0.017492225779883745;0.0003059779627344295;1.035701222152794;0.7464409894559533;0.46970865984585675;0.22062622513419075;0.12029031700664145;0.014469760365558292;0;53.73471188571428;86.82296057142857
-0.9850107066381156;0.01790498921323648;0.9859734430250474;0.018033064894753013;0.00032519142949837346;1.035701222152794;0.7464409894559533;0.7783201143997205;0.6057822004791941;0.1186733121288586;0.014083355011633497;0;53.73462754285715;86.8223752
-0.9850107066381156;0.021577965160685005;1.0118923594062001;0.021819979784941008;0.00047611151781523425;1.0424470871523381;0.7464409894559533;1.308788989884704;1.7129286200434242;0.12127363115204963;0.01470729361280338;0;53.734546328571426;86.82179661428573
-0.9850107066381156;0.022065779768516734;0.9870902258890276;0.022450385518227662;0.0005040198099170463;1.0424470871523381;0.7110720925304519;1.6975392496228447;2.881639504010091;0.13483372195127324;0.018180132575233262;0;53.73446898571429;86.82125115714287
-0.9850107066381156;0.02045904224402864;1.0212173581873394;0.020948836452279105;0.00043885374870433774;1.0424470871523381;0.7110720925304519;1.6785384629400686;2.8174913715692083;0.16073904598440855;0.02583704090397781;0;53.73439602857143;86.820743
-0.9870500662791885;0.017359174590481728;1.0424470871523381;0.017993191506280783;0.00032375494058169493;1.0424470871523381;0.6928575777530676;1.5525292031506324;2.4103469266355373;0.10142938775288439;0.010287920699924975;0;53.73433560714285;86.82030589285715
-0.9870500662791885;0.017896345722888084;1.0284561640856094;0.018539728067346096;0.00034372151681114055;1.0424470871523381;0.3495634900053915;1.4897699711539705;2.219414566952102;0.07312325760266783;0.005347010802426118;0;53.73429409285715;86.82001935000001
-1.0023452635872336;0.014383923748604593;1.0047101433749277;0.014967582660360341;0.00022402853069471956;1.0424470871523381;0.3495634900053915;1.543853112578566;2.3834824332185263;0.06724989246994234;0.004522548037218808;0;53.734255850000004;86.81981287857143
-1.0023452635872336;0.01431750885066677;1.0062717167272257;0.014909210866443777;0.0002222845686600852;1.0424470871523381;2.6597172840300867;2.081881397519768;4.334230153338862;0.106926212846186;0.011433214993627872;0;53.734226092857135;86.81968072142857
-1.0023452635872336;0.00823070252669387;1.0028000226859748;0.0089159414138492;7.949401129519127e-05;1.0284561640856094;2.6597172840300867;1.8424128695331878;3.394485181821515;0.11790587772288529;0.013901796001603977;0;53.73420085;86.81960062142856
-1.0023452635872336;0.004658167915357461;1.0078486666355984;0.004592234955255286;2.1088621884268516e-05;1.0167598652974665;2.9603282820176515;1.4048436693351023;1.9735857352709143;0.15155959377616898;0.02297031046559736;0;53.734179221428576;86.81955339285715
-1.0023452635872336;0.004804670392046837;1.0107989935149837;0.004654068904064969;2.1660357363784495e-05;1.0167598652974665;2.9603282820176515;1.3655372110567874;1.8646918747807488;0.12873993073866588;0.016573969766596485;0;53.73415780714286;86.81952832142858
-0.9911287855613338;0.008199815153674909;1.0167598652974665;0.007900188640362507;6.24129805533128e-05;1.0167598652974665;2.9603282820176515;1.2967522089998755;1.681566291546057;0.1116482018186526;0.012465320969338584;0;53.7341148;86.81949262857142
-0.9911287855613338;0.008364216358551004;1.0069548615232429;0.008047392052228543;6.476051884227113e-05;1.0167598652974665;2.9603282820176515;1.3761946352238879;1.8939116740190096;0.0945932185057298;0.008947876987272743;0;53.7340428;86.81944988571429
-0.9911287855613338;0.008384908920482586;1.0129219316571965;0.008041817624572066;6.46708307068779e-05;1.0167598652974665;2.9603282820176515;1.7859963228589935;3.189782865265846;0.1297658026127348;0.016839163527727245;0;53.73394221428571;86.8194005
-0.9911287855613338;0.008484697838261175;0.9924502363317627;0.008181964292664391;6.69445396864351e-05;1.0167598652974665;2.9603282820176515;2.095684008975244;4.391891465474551;0.13743445717905375;0.01888823002010116;0;53.733817328571426;86.81935241428572
-0.9584990313041704;0.019771073221525198;1.0145142945615386;0.019834369355188328;0.00039340220771803385;1.0145142945615386;2.9603282820176515;2.10117203520077;4.414923921509746;0.152944742198167;0.023392094166063766;0;53.733670871428565;86.8193047
-0.9584990313041704;0.019646721665512647;1.0081416126214777;0.0196652048004717;0.0003867202798444952;1.0145142945615386;2.119723887005976;1.7523197591587027;3.070624538338014;0.1318789718540488;0.01739206321728099;0;53.73349525714286;86.81925342857143
-0.9584990313041704;0.019646721665512647;1.013167744460258;0.019641007975549133;0.00038576919429558467;1.0145142945615386;2.119723887005976;1.6676882735314649;2.781184177674358;0.09728522346024716;0.009464414703710225;1;53.73329164285714;86.81918147142858
-0.9584990313041704;0.019372638753788154;0.959429850745143;0.01935565578556439;0.00037464141088925225;1.0145142945615386;0.9807907446528604;1.3051709736558361;1.7034712704737232;0.09532960954039542;0.00908773445512425;1;53.73306377142857;86.81908525714286
-0.9584990313041704;0.02071756350784073;0.9997080536299965;0.02066800534431438;0.00042716644491260766;1.0236845240284327;0.9807907446528604;1.3550243074362334;1.8360908737430437;0.12609845206347992;0.01590081961280574;1;53.73279671428571;86.81895717142858
-0.9401447945345162;0.030674443200998595;1.0126986470390924;0.030857575487427697;0.0009521899649622987;1.0236845240284327;0.9807907446528604;1.3051449245057638;1.7034032739631562;0.1303295906841065;0.016985802207886737;1;53.73251508571428;86.81879622857143
-0.9401447945345162;0.03134404972955881;1.0011672197440904;0.03140351386024116;0.0009861806827703584;1.0236845240284327;0.9807907446528604;1.1402254211099858;1.3001140109454445;0.12381361269647759;0.015329810688953357;1;53.73221491428571;86.81860577142857
-0.9401447945345162;0.030172588361029568;1.0236845240284327;0.030053631681569843;0.0009032207772514587;1.0310223640268201;0.9807907446528604;1.204423822692391;1.4506367446689519;0.12351511470987578;0.015255983561793772;1;53.73188891428572;86.81838582857142
-0.9401447945345162;0.030249205574016374;0.940672181616785;0.030199860025427287;0.000912031545555401;1.0310223640268201;0.9807907446528604;1.2221005649988848;1.4935297909705934;0.14478434501847126;0.02096250656242772;1;53.73156057142857;86.81814891428571
-0.9401447945345162;0.030420583610824968;1.017760378598262;0.03033246447199445;0.0009200584009448055;1.0310223640268201;0.6467563424201419;1.1604033920623236;1.3465360323097464;0.16524548136102962;0.02730606911023839;1;53.73123541428571;86.8179042142857
-0.9401447945345162;0.03132903972403883;1.0310223640268201;0.03130434218633217;0.0009799618397189759;1.0310223640268201;0.6467563424201419;0.9112610049823627;0.8303966192014657;0.16477167114748958;0.027149703612736456;1;53.730919985714294;86.81765461428571
-0.9401447945345162;0.030434821553666676;1.0137012455494723;0.030360046888947178;0.0009217324470990712;1.0310223640268201;0.6467563424201419;0.8945120461149811;0.8001518006448102;0.20723356390664965;0.042945750009451444;1;53.730645342857144;86.81739460000001
-0.99214846538187;0.013797113282889024;0.9936825629361109;0.01303441321161112;0.0001698959277710225;1.0310223640268201;1.313630471019334;1.0232772582016483;1.0470963471526826;0.3023406066141936;0.09140984240783857;1;53.73039440000001;86.81711440000001
-0.99214846538187;0.015746583389869135;1.0240215509276942;0.015156045716248614;0.00022970572175301797;1.0353672439860866;1.313630471019334;0.5294535770244345;0.2803210902239688;0.40997187439996696;0.1680769377990223;0;53.7301447;86.81672572857144
-0.99214846538187;0.019089435437747132;1.0026107808452898;0.018709973736416034;0.00035006311721737774;1.0483622748765076;1.313630471019334;0.954301864400017;0.9106920483973484;0.5315408907056783;0.28253571849218584;0;53.729926971428576;86.81629954285714
-0.99214846538187;0.02017881822608342;1.0230082314557514;0.019705544756761284;0.0003883084941607221;1.0483622748765076;1.313630471019334;1.2842289582264288;1.6492440171473384;0.6657305224028983;0.4431971284588359;0;53.72972775714287;86.81582970000001
-0.9992862241256244;0.018294794068421265;1.0353672439860866;0.018060016043929983;0.00032616417950700837;1.0483622748765076;1.313630471019334;1.2130142352629225;1.4714035349504926;0.6604112778181224;0.43614305586936525;1;53.72954718571429;86.81533095714288
-0.9992862241256244;0.019751342388015094;1.0483622748765076;0.0195059694179203;0.000380482842932842;1.0483622748765076;1.313630471019334;1.45782825327133;2.1252632160361373;0.6629308762148571;0.4394773466389983;1;53.729359457142856;86.81472631428572
-0.9768532680738248;0.024953401723454324;1.039163804682709;0.025016258003405095;0.0006258131644929295;1.0483622748765076;1.313630471019334;1.4163040941130762;2.0059172870014614;0.6376719743423229;0.4066255468616362;0;53.7291801;86.81408615714288
-0.9182216783929846;0.04475555937592895;1.000557933721833;0.043615995621875826;0.001902355074087491;1.0483622748765076;0.0564276684965017;1.0152693342414714;1.0307718210511203;0.5702909736592454;0.32523179463721014;0;53.72901865714285;86.8134383142857
-0.9182216783929846;0.04285790019056709;1.0053281602803845;0.04232221955544897;0.0017911702680996273;1.0483622748765076;1.6290057233364148;1.4574599986193397;2.124189647575486;0.4240893863762791;0.17985180763700892;0;53.728916842857146;86.81287935714285
-0.9182216783929846;0.037913556436264144;0.9780536877809863;0.03788569842732452;0.0014353261453261795;1.039163804682709;2.9964699313020646;2.0852592212612753;4.34830601985518;0.27194013946389817;0.0739514394516444;1;53.728863571428576;86.81237625714286
-0.9182216783929846;0.038314958288265734;0.923133126652768;0.03887404640875304;0.0015111914841898853;1.0443552558119806;2.9964699313020646;2.215672856153141;4.909206205493818;0.34946079874086367;0.12212284985660242;1;53.7288616;86.81193908571427
-0.9182216783929846;0.0394631836488803;1.0222737731350873;0.040473871890321436;0.0016381343057941516;1.0443552558119806;2.9964699313020646;2.1865688280546283;4.78108323982019;0.5342050694380968;0.28537505621336173;1;53.728914457142864;86.81154577142857
-0.9182216783929846;0.03926839182336376;1.0143267257106905;0.040297659003537704;0.0016239013211654036;1.0443552558119806;2.9964699313020646;1.629452141803085;2.655114282426661;0.7205881663312982;0.5192473054567027;0;53.72906367142856;86.8112744142857
-0.9182216783929846;0.039286039831494396;1.0443552558119806;0.03997637546961562;0.0015981105956876856;1.0443552558119806;2.9964699313020646;1.2916463803040354;1.668350371752517;0.8040914958498775;0.6465631336980936;0;53.72927568571429;86.81107317142857
-0.9671663097787294;0.021399109325159957;0.9679851807162525;0.02326268743005274;0.0005411526264683337;1.0443552558119806;2.9964699313020646;1.2110247866410953;1.4665810338591105;0.8075870774223521;0.6521968876195762;0;53.72953822857143;86.81091514285716
-0.9671663097787294;0.02465548615516291;1.0009844209419525;0.025366890408927447;0.0006434791290185353;1.0443552558119806;2.9964699313020646;1.595634278674259;2.5460487512803227;0.7014358708493336;0.492012280914163;0;53.72982982857143;86.81078251428572
-0.9671663097787294;0.024825591565085757;1.0066533072187416;0.025540888211986423;0.000652336970657187;1.0443552558119806;2.7982135912797803;1.3661678814689016;1.8664146803572264;0.6156383014660447;0.37901051823199655;0;53.73013905714286;86.81063825714286
-0.9671663097787294;0.04466890982314327;1.0024723265183837;0.0449421398733888;0.0020197959363992433;1.1090620119172911;1.3279426266127674;0.8954470589123944;0.8018254353148571;0.5762246559679816;0.33203485414541867;0;53.73046091428571;86.81045542857143
-1.0003059039461608;0.039336733751435246;1.03738528611337;0.03960776127356964;0.0015687747531040828;1.1090620119172911;0.8091989131320361;0.772823581691225;0.5972562884180534;0.6232967204130909;0.38849880167771483;1;53.73077032857143;86.81024552857141
-0.9156724788416436;0.056690132605792413;1.000974682853387;0.05643513511655444;0.0031849244756237557;1.1090620119172911;4.2352170774217335;1.8440401314099752;3.400484006250519;0.6918123363095598;0.4786043086700915;1;53.73104641428572;86.81000961428572
-0.9156724788416436;0.05663661310848258;1.1090620119172911;0.05643428134477455;0.0031848281109011687;1.1090620119172911;4.703938201953645;2.4574624581371585;6.039121733153526;0.7133232620925336;0.5088300762423333;1;53.731287099999996;86.80975292857144
-0.9156724788416436;0.05678590464134341;1.0108195660791102;0.056353172877369115;0.00317568009334665;1.1090620119172911;5.530682168709206;2.9150895225667792;8.497746924578612;0.6802501261204924;0.46274023408694576;1;53.731480971428574;86.8094786857143
-0.9156724788416436;0.05573579777285596;0.9181803467426601;0.055504416332051394;0.003080740232361694;1.1090620119172911;5.530682168709206;2.7472002198301335;7.547109047834734;0.570492844208384;0.32546208529297144;1;53.73162988571428;86.8091924
-0.9156724788416436;0.05571480703340698;1.0195926341843198;0.055405949156994684;0.00306981920198748;1.1090620119172911;5.530682168709206;2.391284125717381;5.71823976990794;0.4187304627950062;0.17533520047252008;0;53.7317308;86.80890565714286
-0.9156724788416436;0.03358684138535429;1.0050924560389827;0.03437415442890469;0.0011815824927021879;1.0195926341843198;5.530682168709206;1.719023583338275;2.955042080073163;0.24832391955561833;0.06166476902346521;0;53.731780771428575;86.80856065714286
-0.9156724788416436;0.03358684138535429;1.0034240084881503;0.03438071653696268;0.0011820336695949792;1.0195926341843198;5.530682168709206;2.3364643956650006;5.459065872210218;0.14947994600321607;0.02234425425712439;0;53.73180392857142;86.80819981428571
-0.9972468644845518;0.006277846769855604;1.006065429741424;0.006141911993208579;3.7723082932319376e-05;1.0195926341843198;5.530682168709206;2.8251787378196624;7.981634900628301;0.11481169285206642;0.01318172481555724;0;53.73180837142858;86.80782757142856
-0.9972468644845518;0.005213631711510033;1.0011625463268612;0.004040999020891444;1.6329673086845607e-05;1.0109044234807105;5.530682168709206;3.3352934478842147;11.124182383499374;0.13501998194590484;0.018230395524672472;0;53.73180447142857;86.80742869999999
-0.9936779851126748;0.005907064589819278;1.0109044234807105;0.005628211457985372;3.167676421579783e-05;1.0109044234807105;5.189025773158132;3.337124160543743;11.13639766288478;0.33887758608155055;0.1148380183484587;0;53.73179721428571;86.80700452857143
-0.9936779851126748;0.00799575253803114;1.0099052256832626;0.007587429795031109;5.756909089452582e-05;1.0173660912111744;4.709060834549901;2.7581715502045916;7.607510300358001;0.5566295039304389;0.30983640464584644;0;53.73178225714286;86.80655802857143
-0.9936779851126748;0.00882577898276619;1.0003911334908546;0.00847347329832349;7.179974973740114e-05;1.0173660912111744;2.3348665476914694;1.8093415882215338;3.2737169828680224;0.7434749874422276;0.5527550569522205;0;53.731765457142856;86.80608774285714
-0.9936779851126748;0.009423996895422341;0.9949417100729498;0.009671989658732524;9.354738395862888e-05;1.0224221307310133;-0.6942209413003603;1.139565015078376;1.2986084235905793;0.8760633151997232;0.7674869322387297;0;53.73174995714286;86.80566995714285
-0.9809319873559702;0.014156667050998892;1.0173660912111744;0.013973401650037581;0.000195255953673273;1.0224221307310133;-0.6942209413003603;1.2076018110126556;1.4583021339610458;0.8810720857058244;0.7762880202100116;0;53.731731942857145;86.80525697142856
-0.9809319873559702;0.014979975606407472;1.015763356617868;0.01473607856093347;0.00021715201135400302;1.0224221307310133;-1.5506935627916103;0.9491980248298466;0.900976890340882;0.776990885320381;0.6037148358709493;0;53.73170394285715;86.80485594285715
-0.9809319873559702;0.015776818114324926;1.0224221307310133;0.015535341216754782;0.00024134682672099996;1.0224221307310133;-1.5506935627916103;0.9087381860128874;0.825805090717993;0.5973548418919129;0.3568328071317122;1;53.731664828571425;86.80446574285715
-0.9809319873559702;0.016094891190762302;0.9834378403091004;0.016090017660637064;0.0002588886683196126;1.0224221307310133;-1.5506935627916103;0.9216312784775569;0.849404213468176;0.452300542151176;0.20457578043024774;1;53.731616928571434;86.80407772857143
-0.9809319873559702;0.015507372854992136;0.992651889720404;0.015677514054869397;0.0002457844469406275;1.0224221307310133;-2.76187076899846;0.48264577483060106;0.23294694396183127;0.34572708958557347;0.11952722047331114;1;53.731561985714286;86.80368998571429
-0.9809319873559702;0.014711080791352797;0.9908040503624556;0.015138549464043898;0.00022917567987530381;1.0224221307310133;-2.14200383117924;0.6801884134134595;0.46265627774191925;0.2573510973939935;0.06622958732989272;1;53.73149661428571;86.80329912857144
-0.9809319873559702;0.013014596694362819;1.0178907523157856;0.014345670686752061;0.00020579826745273735;1.018116600263753;-1.0329634868525923;1.1228067738258984;1.260695051349322;0.20958056543589854;0.04392401340843095;1;53.73141965714286;86.80290765714287
-0.9890894259202612;0.011721566912431971;1.0133960557459205;0.014436962221665808;0.00020842587818980577;1.0310395077392964;-1.0329634868525923;1.1200314352531748;1.2544704159552869;0.13424720210516103;0.01802231127306395;1;53.73134077142857;86.80250694285715
-0.9890894259202612;0.009544717718873526;1.0094134963126318;0.012186610246236044;0.00014851346929366534;1.0310395077392964;1.3886174550863568;1.7974340563725897;3.2307691870080215;0.10687174862789152;0.011421570654783234;1;53.731281671428576;86.8020931
-1.0023452635872336;0.00570343980260472;1.018116600263753;0.008872097589231905;7.871411563285459e-05;1.0310395077392964;2.446489419844837;2.3357957962317606;5.4559420016939635;0.13441254128179578;0.018066731253830456;1;53.73125141428572;86.80167884285713
-1.0023452635872336;0.008292878455616166;1.0310395077392964;0.009924615223613362;9.849798733677809e-05;1.0310395077392964;2.446489419844837;2.0319632430735814;4.128874621202107;0.2297584427644522;0.052788942021546055;1;53.73125291428572;86.80125611428572
-1.0023452635872336;0.012091659272517494;1.0098516877150703;0.012146337085615558;0.00014753350459739985;1.03513574307028;2.446489419844837;1.728333866508108;2.9871379541188663;0.339666949274643;0.1153736364295429;0;53.731273814285714;86.80079792857144
-1.0023452635872336;0.013180454618803615;1.0032851482163336;0.013441575295103793;0.00018067594641394462;1.039591081523438;2.446489419844837;1.8270307416672908;3.338041330997331;0.40626067361905205;0.16504773492940594;0;53.73130044285714;86.80031987142857
-1.0023452635872336;0.012490953933144942;1.0265218599269057;0.01324109706354571;0.00017532665144623884;1.039591081523438;2.446489419844837;1.8743356035331857;3.5131339546721114;0.42858303352487825;0.1836834166253869;1;53.731338;86.79981982857143
-1.0023452635872336;0.014197702219952351;1.03513574307028;0.014762196864334092;0.00021792245626135528;1.039591081523438;2.446489419844837;1.8359949590454423;3.3708774896402756;0.4244943324992396;0.18019543832397503;0;53.73138302857143;86.79931628571428
-0.9972468644845518;0.01596245247820051;1.039591081523438;0.01684716916335846;0.0002838271088188162;1.039591081523438;2.446489419844837;1.683887809205385;2.835478153990511;0.44407625299095327;0.19720371847048512;1;53.73141811428572;86.79880645714286
-0.9972468644845518;0.014690451967297352;1.0240946539862432;0.015573499216796377;0.0002425338778555574;1.039591081523438;0.7416548455806361;1.1003543111030474;1.210779609963062;0.46808280032514193;0.21910150796022668;0;53.73143558571428;86.79828998571429
-0.9972468644845518;0.01511406224404974;1.0040662463261951;0.0160810541651259;0.00025860030306171304;1.039591081523438;0.7416548455806361;1.1145756900065418;1.2422789687535587;0.45837616985270674;0.21010871308883747;0;53.73143282857143;86.7977862
-0.9972468644845518;0.013212345887814425;0.9973823955373067;0.014539160816325843;0.00021138719724298472;1.039591081523438;0.7416548455806361;1.2740458234404475;1.6231927602260479;0.47987016365734697;0.23027537396852896;0;53.731425214285714;86.79733241428572
-0.9972468644845518;0.01114173942629281;1.0265594625338672;0.01137684507576286;0.0001294326038779096;1.0265594625338672;0.8558403069068872;1.0365779426896993;1.0744938312708097;0.4179546922735091;0.17468612479344373;0;53.73142505714286;86.79691534285713
-0.9972468644845518;0.011839770577145275;1.009245068994585;0.012055508590900621;0.00014533528738527868;1.0265594625338672;0.8558403069068872;1.03067620279794;1.06229343501398;0.29688021214881033;0.08813786036552264;0;53.73142885714285;86.79653514285714
-0.9972468644845518;0.013057799187893971;1.0190275266534161;0.013471521961794741;0.00018148190396711803;1.0303969278498;1.6445214093893998;1.0394315695509182;1.0804179877790854;0.40249053610815044;0.16199863165662634;0;53.7314303;86.79619647142859
-0.9982665443050882;0.01067305856984703;1.0240027666601852;0.011015497077523712;0.00012134117586493346;1.0303969278498;2.241348422171886;1.216930723628855;1.4809203861118483;0.611510474431528;0.37394506033947233;0;53.73142754285715;86.79588651428571
-0.9982665443050882;0.010143245779612049;0.9983436162090742;0.010658325578639815;0.00011359990414028774;1.0303969278498;4.113664283269918;1.717638120519142;2.9502807130605304;0.7302177897909087;0.5332180205271198;0;53.73142692857142;86.7955787
-0.9982665443050882;0.015651970576304866;1.0303969278498;0.016872926999927457;0.00028469566554488094;1.054544667179681;4.113664283269918;1.2371445492218462;1.530526635669325;0.7677040805898891;0.5893695553543671;0;53.73142987142857;86.79527444285715
-0.971754868971143;0.024777929898805156;1.0168396256056322;0.026050775800065696;0.0006786429197852885;1.054544667179681;4.113664283269918;1.3019485450272699;1.6950700138986248;0.6625606080090628;0.43898655928533903;0;53.73144504285714;86.79495315714284
-0.9421841541755888;0.036589588136843695;1.0234421261165274;0.03766931133053449;0.0014189770161167341;1.054544667179681;4.113664283269918;1.2544022492964504;1.573525003039994;0.46313838068919877;0.2144971596674132;0;53.73147742857143;86.7946052
-0.9421841541755888;0.0365733465492401;1.054544667179681;0.03759144366973266;0.0014131166371746837;1.054544667179681;4.113664283269918;1.3457376768495701;1.8110098948924778;0.247129371408129;0.061072926212576956;0;53.731525514285714;86.79424002857142
-0.9421841541755888;0.03643228282669756;0.9717875024573245;0.0374129034964831;0.0013997253480371576;1.054544667179681;4.113664283269918;1.8153931939159371;3.2956524485163072;0.24739000856714904;0.06120181633885408;1;53.73159251428571;86.79384988571428
-0.9421841541755888;0.03575601540597242;0.9434485254134194;0.03687812570813627;0.0013599961557451013;1.054544667179681;4.113664283269918;2.0607961091494196;4.246880603485387;0.2890251012111511;0.08353550913011613;0;53.7316964;86.79343445714287
-0.9421841541755888;0.035595026473550596;1.0121774580449583;0.03632184524095729;0.0013192764417080517;1.054544667179681;3.942175295354452;2.0145863192036337;4.058558037522444;0.2721470632102175;0.07406402401394611;0;53.731819585714284;86.7930749
-0.9421841541755888;0.026692212539139937;0.9788343395939406;0.02733617188523046;0.0007472662933388644;1.02234178893;4.691260573383291;2.474348065274338;6.12239834812686;0.27702450696796854;0.07674257746084605;1;53.73195605714285;86.79277251428572
-0.9421841541755888;0.02644435823334415;0.9873291747021593;0.027167199121350176;0.0007380567080990898;1.02234178893;7.242826117763208;3.3544956438132596;11.252641024362136;0.31453400634883527;0.09893164114984916;0;53.7320962;86.79254328571429
-0.9605383909452432;0.02020333982733785;0.9640656140675755;0.02046448936598616;0.00041879532501056064;1.02234178893;7.242826117763208;3.6503564153248256;13.325101958903112;0.512135150150167;0.2622824120193341;1;53.732236457142854;86.79239462857142
-0.9605383909452432;0.0183811926319838;1.02234178893;0.01917291260027135;0.0003676005775776439;1.02234178893;7.242826117763208;3.710750047405835;13.769665914322404;0.7558147423678583;0.5712559247805921;0;53.7323764;86.79231514285713
-0.9605383909452432;0.01850200802272519;0.9948114643081801;0.019011107346296408;0.0003614222025324052;1.02234178893;7.242826117763208;2.985969977965488;8.916016709311217;0.8852051751321519;0.7835882020807438;0;53.732514428571434;86.79231054285715
-0.9605383909452432;0.018946246379046412;1.0089555349526673;0.018919728546860113;0.0003579561282868735;1.02234178893;7.242826117763208;1.1402776604856772;1.3002331430026894;0.8953991306542313;0.8017396031763532;0;53.732634942857146;86.79239082857143
-0.986030386458652;0.011227508098411583;0.997207765565451;0.009784129372799256;9.572918758367317e-05;1.02234178893;7.242826117763208;0.8838921643849666;0.781265358261141;0.8488916139014572;0.7206169721522206;0;53.73274985714285;86.79250574285716
-0.986030386458652;0.009209432281941913;1.0114084068007754;0.007809734737757438;6.0991956674135235e-05;1.015734695094718;7.242826117763208;0.8209592467450699;0.6739740848162326;0.749493038279525;0.5617398144294735;0;53.73286452857143;86.79264235714285
-0.9829713469970428;0.010050074034967604;1.011253549602022;0.008739520884594367;7.63792252922611e-05;1.015734695094718;7.269043697332234;0.8282241499819547;0.6859552426133314;0.5517912993540476;0.3044736380428282;0;53.73297758571429;86.79279198571429
-0.9829713469970428;0.010455714399293969;1.015734695094718;0.009463748560088473;8.956253680857666e-05;1.015734695094718;7.269043697332234;0.9146871081320191;0.8366525057829161;0.38069368991152264;0.14492768553845053;0;53.733087000000005;86.79294894285715
-0.9829713469970428;0.011372646663177208;1.0041444262649535;0.01068117648203468;0.00011408753104037073;1.0198986458376635;7.269043697332234;0.9945129925388263;0.9890560923285315;0.2607039455242429;0.06796654721190741;0;53.73319825714286;86.7931114
-0.9829713469970428;0.011265478948563229;0.991242601310842;0.01050199836963103;0.0001102919697557328;1.0198986458376635;7.269043697332234;1.2331846028667026;1.5207442647475071;0.2138347853433435;0.04572531542283379;0;53.73331652857143;86.79328452857143
-0.9829713469970428;0.011172802784785208;0.9948381157820313;0.010625362610451486;0.00011289833060358039;1.0198986458376635;7.269043697332234;1.2502098838036348;1.5630247535602984;0.28828600920357583;0.0831088231025242;0;53.73345404285715;86.79345495714287
-0.9829713469970428;0.012317321427067979;1.0198986458376635;0.011310369153951956;0.0001279244503986679;1.0198986458376635;7.269043697332234;1.2404553572234804;1.5387294932644326;0.3794544930604857;0.14398571230379018;0;53.73361352857143;86.79361444285713
-0.9656367900479248;0.0181470407016723;1.0070288485828578;0.017589418098338704;0.0003093876290381652;1.0198986458376635;7.269043697332234;1.306987583970533;1.708216544653131;0.5024495804063973;0.2524555808505647;0;53.73378641428571;86.79377269999999
-0.8861017640460895;0.04567401964539431;0.9983003941848813;0.0443499468791041;0.001966917788179356;1.0198986458376635;6.686427875426416;1.1067298228366818;1.2248509007561128;0.6236638567346371;0.38895660619712197;0;53.73396518571428;86.79392587142857
-0.8861017640460895;0.045586943671057485;1.0192592433347085;0.044298357408935285;0.001962344469129772;1.0198986458376635;6.686427875426416;1.0957478546799517;1.2006633610357167;0.6645786850825258;0.441664828666019;1;53.734156757142856;86.79408452857142
-0.8861017640460895;0.0504318306403127;0.9694415187884066;0.049471456803073514;0.0024474250382183686;1.0506537625269678;6.686427875426416;1.1034051450425042;1.2175029141062699;0.5894160043531728;0.3474112261876594;1;53.73437475714286;86.79426961428571
-0.8861017640460895;0.0498671042830675;0.8932616388591932;0.049066832032437294;0.0024075540056994146;1.0506537625269678;6.686427875426416;1.2063990710703782;1.4553987186794715;0.5277774070362389;0.27854899137789574;0;53.73458877142857;86.79444339999999
-0.8861017640460895;0.05140517564413314;0.9931461600758767;0.050734767302178366;0.002574016613206187;1.0506537625269678;6.686427875426416;1.2135235319185544;1.4726393625200827;0.4492135160760924;0.2017927830254457;0;53.7347823857143;86.79462238571429
-0.8861017640460895;0.05140517564413314;1.0506537625269678;0.05103296227547457;0.0026043632386100104;1.0506537625269678;6.686427875426416;1.1347504492280147;1.2876585820231814;0.319209696401234;0.10189483027656798;0;53.734955657142855;86.79480297142858
-0.8861017640460895;0.051853501111822846;0.997755532048911;0.05108648390026302;0.002609828837291833;1.0506537625269678;6.686427875426416;1.0623283570364486;1.1285415381637602;0.18732663427621954;0.03509126790925651;0;53.73511368571429;86.79498660000002
-0.9880697460997246;0.019487308448929052;1.0231317120155021;0.019202459991676153;0.00036873446973192334;1.0506537625269678;6.454669451207642;0.9824395057504068;0.9651873824591037;0.21889294848138455;0.04791412289487407;0;53.73527210000001;86.79517792857142
-0.9850107066381156;0.02019476065386132;1.0224806033887546;0.02008091035900766;0.00040324296084650116;1.0506537625269678;6.454669451207642;0.9525194234604138;0.9072932520693592;0.34817853841765595;0.12122829461465513;0;53.73542558571428;86.79537895714286
-0.9850107066381156;0.014924925567182373;1.024726980715336;0.014956019063728992;0.00022368250623462505;1.024726980715336;6.454669451207642;1.5696894397137968;2.463924937149013;0.39078145317913415;0.1527101441487958;0;53.73555051428571;86.79555874285714
-0.9850107066381156;0.01345970006090671;1.0245109627269946;0.013959547667214602;0.00019486897107323664;1.024726980715336;5.547603761628733;1.3573582277005487;1.8424213583063747;0.3847354703165218;0.14802138211967522;0;53.73567131428571;86.79574171428571
-0.9850107066381156;0.02538202132420918;0.9894394190282293;0.026083970352677354;0.0006803735093593512;1.0710643251520942;5.23629304649054;1.2338486307636123;1.522382443637241;0.3851717583954221;0.14835728346542143;0;53.73579431428571;86.79591957142857
-0.9850107066381156;0.025435607978596148;1.0031592247125691;0.026230270801688226;0.0006880271063298978;1.0710643251520942;5.23629304649054;1.755870976718857;3.0830828868836324;0.3437420651960628;0.1181586073852543;0;53.73592542857143;86.7960836
-0.9330070357907616;0.03977062545488274;1.0055640677711586;0.040770129468279424;0.001662203456860266;1.0710643251520942;5.23629304649054;3.101862660565551;9.621551965010797;0.23164179970354787;0.05365792336989859;0;53.73606602857143;86.79622785714285
-0.9330070357907616;0.039923458539513;1.0710643251520942;0.04057739833056189;0.001646525255277087;1.0710643251520942;5.23629304649054;3.117978887700745;9.721792344147573;0.22994589563417758;0.05287511491900409;1;53.73620741428572;86.79635095714286
-0.9330070357907616;0.041456630038213343;1.0119298634544809;0.04232331783203094;0.0017912632323111085;1.0710643251520942;5.23629304649054;2.894100006350626;8.375814846758695;0.3377912134510995;0.1141029038847663;1;53.73637648571429;86.79646517142858
-0.9330070357907616;0.0412842922619345;0.9347266483425147;0.042100795127914654;0.0017724769504026423;1.0710643251520942;5.23629304649054;2.9376210127419458;8.629617214503016;0.4330922418509974;0.1875688899515228;1;53.73656102857143;86.7965729142857
-0.9319873559702252;0.05154800748225422;1.0218377288878164;0.0520554439120614;0.00270976924088177;1.0710643251520942;4.36799015405572;2.4024768952030167;5.771895231984327;0.464859208792095;0.2160940839988126;1;53.736758571428574;86.79666805714285
-0.9319873559702252;0.04886971660622485;1.044917113762289;0.04893700421825344;0.002394830381857355;1.0549926943075483;2.5834838728702683;2.0779001568817064;4.31766906196902;0.4920585694332644;0.24212163575271073;1;53.73697405714285;86.79674822857143
-0.9319873559702252;0.05721727466805779;1.0179826806476373;0.058671097272307696;0.0034422976551365912;1.0878669585376175;2.5834838728702683;2.0956543717280316;4.391767245742812;0.4700202355552443;0.22091902183140733;0;53.73718982857143;86.79681771428571
-0.9319873559702252;0.04595675247882546;0.9352620934376592;0.04718550357704288;0.0022264717478191263;1.0878669585376175;2.5834838728702683;1.6418227272719645;2.6955818677867516;0.40550720136729324;0.1644360903607345;0;53.73739912857143;86.79688072857142
-0.9319873559702252;0.04686408646553529;1.0549926943075483;0.04807305975879872;0.0023110190745730327;1.0878669585376175;2.5834838728702683;1.8234183660034522;3.3248545374786995;0.3690877926880484;0.1362257987113358;1;53.73760525714285;86.79692594285714
-0.9319873559702252;0.04613860044301367;1.0878669585376175;0.047494411273509986;0.0022557191022173125;1.0878669585376175;2.5834838728702683;1.8242459385646332;3.32787324436956;0.3596636778556612;0.12935796116866086;1;53.73779002857143;86.79693517142856
-0.9319873559702252;0.048164679261310836;1.032624070334552;0.049449012812411236;0.0024452048681220108;1.0878669585376175;2.212679000568518;1.5833409738459372;2.506968639459401;0.31129030542513814;0.0969016542516758;1;53.73798287142857;86.79693784285713
-0.979912307535434;0.037160066968847744;1.0035975568095634;0.03889985048429087;0.0015131983677001849;1.0878669585376175;2.212679000568518;1.6229321216912016;2.633908671617105;0.2504696252968448;0.06273503319634184;1;53.738184842857144;86.79693867142858
-0.979912307535434;0.034338533975498464;1.0104093215061776;0.036590109051713685;0.0013388360804162999;1.0878669585376175;2.212679000568518;1.2395695047856035;1.5365325571944262;0.19646686091583115;0.03859922743812055;1;53.73838057142857;86.79693325714287
-0.979912307535434;0.01913250666574029;0.9842641363087643;0.020426025552933273;0.000417222519889083;1.032624070334552;3.1212152492764766;1.407456514951149;1.9809338414784339;0.21157296502267245;0.044763119528484975;1;53.73858467142857;86.79693255714287
-0.979912307535434;0.01609219925505743;0.9814713578089775;0.01833337523842975;0.0003361126476330691;1.0323697973262347;3.1212152492764766;1.4513019564352703;2.106277368752843;0.33143618986411205;0.10984994795163971;1;53.73879402857143;86.79693711428571
-0.979912307535434;0.03467750310584186;1.0323697973262347;0.03536006885315982;0.0012503344693002036;1.0813059064909982;3.1212152492764766;2.0665309759062627;4.27055027438009;0.5049875680550849;0.255012443890189;1;53.7390247;86.79695567142856
-0.979912307535434;0.03492239460072791;1.0112797677578873;0.03572574269528136;0.0012763286911294492;1.0813059064909982;3.1212152492764766;2.1499144043731735;4.622131946131256;0.5718622998547009;0.3270264899951079;1;53.739257928571426;86.79698410000002
-0.979912307535434;0.03340058309383296;0.9878555796038488;0.034300885137404306;0.0011765507212094036;1.0813059064909982;3.1212152492764766;2.2426461124609363;5.029461585736151;0.7021943873143774;0.4930769575758139;1;53.73948305714286;86.79700442857143
-0.9870500662791885;0.030583919773258937;1.0813059064909982;0.03130516198439526;0.0009800131668692262;1.0813059064909982;3.613483318855006;2.470109711803512;6.101441988346029;0.8569786967732252;0.7344124867231355;1;53.73970102857144;86.7970176
-0.9870500662791885;0.03594246531067128;0.9993378570887258;0.03625259671324971;0.0013142507684535236;1.0813059064909982;3.613483318855006;2.4547274370907797;6.025686790406269;0.9158760110032506;0.8388288675312264;1;53.73994425714285;86.79703408571427
-0.9819516671765066;0.03923228323966798;1.0324468411074157;0.039804904999984236;0.0015844304620577698;1.0813059064909982;3.613483318855006;2.2720506778570435;5.162214282750651;0.9142810159269683;0.8359097760844493;0;53.74018317142857;86.79704625714285
-0.9819516671765066;0.03880975672154754;1.0030902969241504;0.03929677315591536;0.0015442363804674699;1.0813059064909982;3.613483318855006;2.4641749727507225;6.0721582963310246;0.9011173055320151;0.812012398329279;0;53.74046258571428;86.79703675714288
-0.9085347200978892;0.048727670872793255;1.0693451847769078;0.0492900043960621;0.002429504533363821;1.0693451847769078;3.613483318855006;2.121921303160566;4.502550016806635;0.9796353621297635;0.9596854427351129;1;53.74073427142857;86.79701587142858
-0.9085347200978892;0.04895474621182292;0.9819754911823713;0.04955344019820737;0.0024555434354773145;1.0693451847769078;3.613483318855006;2.1022598842757563;4.419496621035116;0.9665311886259692;0.9341825385867288;0;53.74100931428571;86.79698371428572
-0.9085347200978892;0.048590814415375404;0.9915362590131911;0.0491066723128886;0.00241146526564542;1.0693451847769078;3.613483318855006;2.0168162195485184;4.067547663433977;0.9287973723116777;0.8626645588130771;0;53.741291857142855;86.7969298
-0.9085347200978892;0.05323443005068413;0.9087023624244176;0.0539644877851867;0.0029121659419175648;1.0693451847769078;1.1474053284192955;1.4319654001894373;2.0505249073396956;0.8780862589950036;0.7710354782358405;1;53.74157935714286;86.79686621428571
-0.9085347200978892;0.05323443005068413;0.9842667772297913;0.05375869467175798;0.0028899972528112993;1.0683417647343696;0.3569766985742346;1.1023488242668993;1.215172930362615;0.7313273603651235;0.5348397080186192;1;53.741836885714285;86.79679094285714
-0.9085347200978892;0.05685833532428637;1.028659477014068;0.05728088017432109;0.0032810992335449312;1.0683417647343696;-0.6815634835628069;0.7759140550225417;0.6020426207815239;0.5318767455199459;0.28289287242488925;1;53.74209844285714;86.7966941
-0.9085347200978892;0.06693148693370483;1.0539647587466514;0.06714315865820326;0.004508203754600657;1.0683417647343696;-0.6815634835628069;0.9869984716881071;0.9741659831146591;0.2835130099635229;0.08037962681857663;1;53.74232494285714;86.79658414285714
-0.9197511981237892;0.05471452264907395;1.0683417647343696;0.05428128698696067;0.0029464581169607856;1.0683417647343696;-0.6815634835628069;0.9919596358125294;0.983983919081326;0.14879580765864273;0.0221401923767878;1;53.742544128571424;86.79644127142856
-0.9197511981237892;0.053469567294227235;1.0634502829237016;0.05292953651267937;0.0028015358354470583;1.0683417647343696;1.6000146093310263;1.723251772121255;2.969596670119046;0.1583479195077575;0.02507406361243525;1;53.74274534285714;86.7962658
-0.9177118384827164;0.06438177577306539;0.9215406797812162;0.0643477550513078;0.0041406335801431075;1.0683417647343696;1.6000146093310263;1.9916643698341763;3.966726962066966;0.2541904191018519;0.06461276916317511;1;53.7429209;86.7960537
-0.9177118384827164;0.06041108647306433;0.9817848829482718;0.06019357393230546;0.003623266342743924;1.0683417647343696;1.6000146093310263;2.1145372930805495;4.471267963828418;0.35852521855593944;0.12854033234058412;1;53.743072700000006;86.79580321428571
-0.9177118384827164;0.05066336176905475;1.0042726851321149;0.05061487622974502;0.002561865695752407;1.0634502829237016;1.6000146093310263;2.139393588137387;4.577004924963362;0.5253166895225078;0.27595762429088677;1;53.74321292857143;86.79551921428572
-0.9177118384827164;0.039914001145379636;0.9178591137504676;0.03977950381905531;0.001582408924090236;1.0156840236374964;1.6000146093310263;2.064750292761214;4.263193771457519;0.6510872457595588;0.42391460159076805;0;53.7433233;86.79522364285715
-0.9177118384827164;0.03403657609300523;1.0033820415517605;0.03473617002442382;0.00120660150796568;1.018231483894166;1.6000146093310263;1.8898042947313802;3.5713602723851694;0.7462154348611946;0.5568374752250816;0;53.74340192857143;86.79494021428572
-0.9177118384827164;0.03409634664157633;0.9779542849770017;0.03495218043890858;0.001221654917434024;1.018231483894166;1.6000146093310263;1.4788500117800456;2.186997357341841;0.8102255199601055;0.6564653931946233;0;53.743455114285716;86.79469717142857
-0.9177118384827164;0.034322128766614106;1.0156840236374964;0.035275295929726405;0.0012443465029297722;1.018231483894166;1.164608712245963;1.3539303721508338;1.8331274526324954;0.8802287862941607;0.7748027162208911;1;53.74349338571428;86.79449041428572
-0.9778729478943612;0.01232586029909979;1.018231483894166;0.01333345699210459;0.00017778107536030278;1.018231483894166;1.164608712245963;1.2957853801459387;1.679059751399955;0.9776284785268672;0.9557574420267573;0;53.743520342857146;86.79434182857143
-0.9778729478943612;0.01256456299192762;1.0024436739373164;0.01352967147643349;0.00018305201026021795;1.018231483894166;0.7169031379736364;1.1851599310004288;1.404604062048941;0.9829620205610256;0.966214333865414;0;53.74353752857143;86.79423832857142
-1.0008157438564291;0.004691266014698288;1.0088613669672333;0.005169796109794614;2.6726791816847527e-05;1.018231483894166;0.4371112194715236;1.1526382532222499;1.3285749427912392;0.9462949649478669;0.8954741606856848;0;53.74354185714286;86.79418048571428
-1.0008157438564291;0.0034793138756571973;1.0097075329216778;0.004696183028797682;2.205413503996737e-05;1.018231483894166;0.4371112194715236;1.1557020681179777;1.3356472702521707;0.8656502742380434;0.7493503972883997;0;53.74354211428572;86.79416245714286
-1.0008157438564291;0.0038540274600725026;1.0119068731240042;0.0038163761924314464;1.4564727242157545e-05;1.0150143087068435;0.4371112194715236;0.13914224125634958;0.01936056330184019;0.7640648882983138;0.5837951535303146;0;53.74354344285714;86.79416378571429
-1.00336494340777;0.0031761644905636717;1.008501102949543;0.002974169184680918;8.845682339105558e-06;1.0150143087068435;2.4411688766216986;0.8349548473437967;0.6971495971029028;0.5503021300549391;0.3028324343430031;0;53.7435436;86.79416394285714
-0.9758335882532884;0.01257293395168152;1.0094299769870403;0.009763820129600288;9.53321835231878e-05;1.0150143087068435;6.745047915317279;2.455247679416016;6.02824116727773;0.34554663429648524;0.11940247647362891;0;53.74354272857143;86.79417404285714
-0.9758335882532884;0.01244926436475495;1.0150143087068435;0.009661984339142513;9.335394136983518e-05;1.0150143087068435;6.745047915317279;2.4590970856229393;6.047158476519233;0.25519808503312347;0.0651260626045733;0;53.74354422857142;86.79416822857142
-0.9758335882532884;0.01217124408426951;1.0054704869845705;0.009752399292317837;9.510929195680145e-05;1.0150143087068435;6.745047915317279;2.6151558166864715;6.839039945549086;0.2108982148517105;0.04447805702763825;0;53.743555099999995;86.79413887142857
-0.971754868971143;0.01646290885872375;0.9853734917332112;0.015406035900465957;0.0002373459421664459;1.0150143087068435;6.745047915317279;2.4352733970795923;5.930556518523577;0.2869013890993347;0.08231240706712785;0;53.7435839;86.79407990000001
-0.971754868971143;0.017844050026145274;1.0054239518594694;0.0170979696605728;0.00029234056651386786;1.0150143087068435;6.745047915317279;2.1087861444816136;4.446979003157629;0.4859048839623856;0.23610355625849944;0;53.743633499999994;86.79397589999999
-0.971754868971143;0.01581717160568198;1.012731501197992;0.015549987047247818;0.00024180209716957493;1.012731501197992;6.745047915317279;1.6197762057794636;2.623674956809315;0.6146271293226901;0.37776650809945084;0;53.74370757142857;86.7938268857143
-0.971754868971143;0.01777872516994326;0.9738844474118649;0.017118366680524473;0.00029303847780889046;1.015762333005967;6.745047915317279;1.6317407653979654;2.662577925461538;0.8299107905108267;0.6887519202063054;0;53.74380225714285;86.79362900000001
-0.971754868971143;0.016834646055376375;0.9777267367808326;0.016866025726669422;0.0002844628238126748;1.015762333005967;5.372937545029073;1.005556701221913;1.0111442793722958;0.9789151420577652;0.9582748553499746;0;53.74392522857143;86.79337528571429
-0.971754868971143;0.01935601920383967;1.0040130442448738;0.01911307474223443;0.0003653096261022398;1.0234781910438557;5.372937545029073;1.0302289026140095;1.061371591781266;1.0109936253154692;1.0221081104285152;0;53.7440707;86.7930745857143
-0.971754868971143;0.019935668749822746;1.015762333005967;0.019428924084110497;0.00037748309106612894;1.0234781910438557;3.709986449296474;0.5513648338117652;0.30400317996427545;1.0003955696637752;1.0007912958029095;0;53.744244557142856;86.79273278571429
-0.9737942286122158;0.018418864563881865;1.0085504600264708;0.017532166603353796;0.0003073768658077542;1.0234781910438557;3.709986449296474;0.5677578458589214;0.32234897153436276;0.8998841775250793;0.8097915329599884;0;53.74442802857143;86.79237134285714
-0.9829713469970428;0.01832994260047639;1.0234781910438557;0.017695052363083358;0.00031311487813226197;1.0421122777231493;3.709986449296474;0.5737293057135072;0.329165316234503;0.7856148367670701;0.6171906717485502;0;53.744621071428575;86.79199387142857
-0.9829713469970428;0.018568788027676916;0.9853004177710513;0.018257603512679316;0.00033334008602620016;1.0421122777231493;3.709986449296474;0.5581143180418814;0.31149159200335436;0.5866581601139341;0.3441677968282663;0;53.74482008571429;86.79159677142857
-0.9829713469970428;0.021481377812657187;1.0205410862535507;0.020949110869864663;0.0004388652462378818;1.0421122777231493;3.709986449296474;0.6528151228940479;0.4261675846791709;0.43883899251234004;0.19257966134924565;0;53.74502808571429;86.79119402857143
-0.9829713469970428;0.022307906411605048;1.0421122777231493;0.02180916950479072;0.00047563987448869346;1.0421122777231493;3.498522995204998;0.4955362066374965;0.24555613208867963;0.33326732881990717;0.11106711245875611;0;53.74523115714286;86.7907900142857
-0.9829713469970428;0.021805077860264654;0.9990978777558623;0.02126394986496298;0.0004521555638596592;1.0421122777231493;3.498522995204998;0.48635162866623555;0.23653790670629984;0.23382725011316946;0.0546751828954867;0;53.74543461428571;86.79036810000001
-0.9829713469970428;0.01880065016482694;0.9858790573133446;0.018308846473166725;0.00033521385917798955;1.0421122777231493;3.498522995204998;0.4920631103487602;0.24212610456609618;0.14757501318312324;0.021778384515999002;0;53.74561117142857;86.78996317142857
-0.9595187111247068;0.02680697051767116;1.0254684271234291;0.02645724319646508;0.0006999857175568977;1.0421122777231493;3.498522995204998;0.543449662813241;0.2953375360118254;0.14399227876166418;0.020733776342976802;0;53.74575057142857;86.78957228571429
-0.9595187111247068;0.02135423375477775;1.0146864583901423;0.021197305050772608;0.00044932574141550986;1.0254684271234291;3.498522995204998;0.5519216181073852;0.30461747253427435;0.27217708698372534;0.0740803666789464;0;53.745838871428575;86.78923269999999
-0.9595187111247068;0.021491459248275533;1.0081746152839617;0.02122004808591116;0.0004502904407683818;1.0254684271234291;3.498522995204998;0.5313427382285716;0.28232510546823636;0.4669290701423752;0.21802275654402314;0;53.74587127142858;86.78897252857142
-0.9595187111247068;0.020886849580576683;0.9614137044076221;0.02070090065343601;0.00042852728786342754;1.0254684271234291;3.496330679162277;0.5309174113785154;0.28187329770486375;0.678792194187791;0.46075884289027574;1;53.74584444285715;86.78879575714284
-0.9595187111247068;0.017880430783570867;0.9894394190282293;0.01808541285566913;0.00032708215816000226;1.0146864583901423;3.496330679162277;0.466152907809619;0.21729853345936312;0.7885782880210056;0.6218557163381401;0;53.74576212857143;86.7887171
-0.9595187111247068;0.016310703797930114;0.9944650608427027;0.016962607512583844;0.0002877300536259659;1.0084081813755565;3.6524546152722936;0.5062897578556096;0.2563293189094918;0.8545634977752029;0.7302787717297893;0;53.74562078571429;86.78875130000002
-0.9595187111247068;0.015008868210125387;1.00321674728638;0.01594344884477388;0.00025419356106592153;1.0084081813755565;3.6524546152722936;0.7434506308304387;0.5527188404821773;0.8946606177204854;0.8004176209000006;0;53.74543512857143;86.78888381428571
-0.9778729478943612;0.014202060685817346;0.9809468266589952;0.014638407024277272;0.0002142829602084102;1.0189688558438337;3.6524546152722936;0.7760123337921598;0.6021951421975545;0.8525625361808538;0.7268628780991295;0;53.74522512857143;86.78909438571428
-0.9778729478943612;0.026026577783696037;1.0084081813755565;0.02594099672659916;0.0006729353111694283;1.0547778227560658;3.6524546152722936;0.7735174252077623;0.5983292071000462;0.7799013974153653;0.6082461896904396;0;53.74498727142857;86.78936487142857
-0.9778729478943612;0.027568197234424715;0.9792335237969294;0.027564807664732183;0.0007598186215936781;1.0547778227560658;3.6524546152722936;0.7637124996660671;0.5832567821461926;0.7275530573671973;0.5293334512843563;0;53.74472684285713;86.78967495714286
-0.9778729478943612;0.029035094599333355;1.0189688558438337;0.02928801414545744;0.000857787772584515;1.0547778227560658;3.6524546152722936;1.1923157821925787;1.4216169244655008;0.7118666991614505;0.5067541973750191;0;53.74444608571428;86.79000494285712
-0.9778729478943612;0.02765964023919254;1.0547778227560658;0.027405149781477046;0.0007510422345451914;1.0547778227560658;3.6524546152722936;1.2775797763630026;1.6322100849717398;0.5955409967473886;0.35466907880687315;0;53.744157599999994;86.7903198857143
-0.9778729478943612;0.028827163595907583;1.0355294144445173;0.02942348829285233;0.000865741663319618;1.0547778227560658;3.391656328191105;1.1392221642777867;1.2978271395817644;0.4422770290554643;0.195608970430128;0;53.74386502857143;86.79062708571428
-0.9432038339961252;0.038742721666187314;1.0409248010397352;0.03973179590466701;0.001578615605810114;1.0547778227560658;3.391656328191105;1.1652658803979472;1.357844572019603;0.3480855310322336;0.12116353691399206;0;53.7435643;86.79090784285714
-0.9432038339961252;0.04282192781455031;0.991051283717664;0.04369021660777089;0.0019088350272339395;1.0547778227560658;3.391656328191105;1.1677688255408651;1.3636840299050916;0.304875528714592;0.09294908800900202;1;53.74325962857142;86.79116271428572
-0.9432038339961252;0.03930604182547643;1.0507264970065835;0.040372286407271814;0.0016299215097507847;1.0507264970065835;3.391656328191105;1.1831804505574706;1.3999159785813788;0.4011485826567807;0.16092018536754402;0;53.74296294285714;86.79137437142857
-0.9432038339961252;0.038419325288581614;0.9438259091358935;0.039516712043906096;0.001561570530760993;1.0507264970065835;3.391656328191105;1.1854503584820373;1.405292552425191;0.4387914312664726;0.19253792015287952;0;53.74267671428572;86.79153431428573
-0.9432038339961252;0.03857173631668153;0.9713915468024732;0.03958221450517132;0.0015667517051333945;1.0507264970065835;3.391656328191105;0.8288760107020862;0.6870354411174048;0.4012495480947623;0.16100119984625097;0;53.742402128571435;86.79165470000001
-0.9432038339961252;0.040165795787409024;1.027220511711112;0.04140123078769694;0.0017140619107361447;1.0507264970065835;2.9588242239053364;0.6908601763842578;0.4772877833136877;0.33191593663288854;0.11016818899088766;0;53.742087000000005;86.79177111428571
-0.9432038339961252;0.03821969939883066;1.0266332710534;0.038057707493543244;0.0014483890996640977;1.0413856767989076;2.9588242239053364;1.0005171544871363;1.001034576423036;0.21475544719753803;0.04611990210101454;0;53.741775042857135;86.79186144285714
-0.9676761496889976;0.030195347981319818;1.0413856767989076;0.0306909912194594;0.0009419369420329339;1.0433243140000814;4.709073493347486;1.4339707965363497;2.0562722453190934;0.18479497605910053;0.034149183176683535;0;53.74147887142857;86.79194561428572
-0.9707351891506067;0.024322140018055213;0.9728108889031472;0.02549826558351081;0.000650161547767252;1.0433243140000814;4.709073493347486;1.581172939866662;2.500107865766583;0.23568788805878715;0.05554878057761139;1;53.74119124285715;86.79202735714286
-0.9707351891506067;0.02610896199034601;1.02889988786852;0.027342265943038034;0.0007475995068998176;1.0433243140000814;4.709073493347486;1.605343934367448;2.577129147610357;0.2984741680797938;0.089086829010925;1;53.74091871428572;86.79210957142857
-0.9707351891506067;0.027040518765178163;1.0433243140000814;0.028734087384125234;0.0008256477777985449;1.0433243140000814;4.709073493347486;1.604621672574746;2.5748107120965753;0.3267708344443589;0.10677917824346261;1;53.740659157142865;86.79220475714285
-0.9707351891506067;0.028579634115706052;0.9976832347227143;0.0298390913113252;0.0008903713702856031;1.0469092990103965;4.709073493347486;1.6030066905290954;2.569630449881043;0.2771493329758564;0.07681175276896213;1;53.74041074285714;86.79230742857143
-0.9850107066381156;0.02507290973254741;0.9909084598765886;0.02663004996946578;0.0007091595613762444;1.0469092990103965;4.709073493347486;1.5407470598091466;2.37390150231053;0.17867487962027995;0.03192471260732153;0;53.74022025714286;86.79239854285713
-0.9850107066381156;0.02460648896738848;0.9851885539881641;0.02681450595656066;0.000719017729694427;1.0469092990103965;4.709073493347486;1.5565476933688098;2.4228407217317622;0.1458166082182706;0.02126248323228062;1;53.74004717142857;86.79251437142857
-0.9850107066381156;0.02298564723849272;1.0469092990103965;0.023642396068074847;0.0005589628918397211;1.0469092990103965;3.1194479163382822;0.9320367109988088;0.8686924306494771;0.12638055445886512;0.01597204454533017;1;53.7398793;86.79264638571428
-0.9850107066381156;0.02957908536633251;0.9919771066468188;0.030319784099578802;0.0009192893078450716;1.0575338285251115;3.1194479163382822;1.766014368098836;3.118806748331531;0.13292303065603137;0.017668532078784254;1;53.73972025714285;86.79279454285714
-0.9850107066381156;0.02785495958273048;1.0305901474392962;0.028608786188161612;0.0008184626471599466;1.0575338285251115;3.1194479163382822;1.820566650999427;3.314462930731269;0.1503929398404436;0.02261803635385129;1;53.739566028571424;86.79295482857142
-0.9911287855613338;0.029174589060482554;0.9936485557441382;0.029260855933335203;0.0008561976899513979;1.0633011715571916;3.1194479163382822;2.04618645460091;4.186879006992242;0.1346249016809401;0.01812386415260279;1;53.73941871428571;86.79312934285713
-0.9911287855613338;0.02784340353638836;1.0575338285251115;0.028096735736307832;0.0007894265590359176;1.0633011715571916;3.1194479163382822;2.1111184525773266;4.456821120812485;0.10675300378671021;0.011396203817485365;0;53.7392814;86.79330654285714
-0.9911287855613338;0.023967382553933513;1.014665451868712;0.023990956729525777;0.0005755660047979781;1.0633011715571916;3.1194479163382822;2.058006922512524;4.23539249310947;0.11841444105958343;0.014021979851453559;1;53.739146271428574;86.79347861428572
-0.9850107066381156;0.029263550391742756;1.0633011715571916;0.02959955994011983;0.0008761339486487465;1.0633011715571916;1.8230201585339505;1.591332859726489;2.5323402704452858;0.15566073422735785;0.024230264180200134;1;53.73900547142858;86.79361941428571
-0.954420312022025;0.037983847273081246;1.025695014079514;0.038121451035339225;0.001453245029039766;1.0633011715571916;1.8230201585339505;1.592533498724775;2.536162944560573;0.17592154851592925;0.030948391232242453;0;53.73886748571429;86.79372279999998
-0.954420312022025;0.03464625639524148;1.0351965107944316;0.03451639841198853;0.0011913817593351245;1.0633011715571916;1.8230201585339505;1.1740384847910563;1.3783663637704795;0.1836686175447977;0.03373416107081718;0;53.73873668571428;86.79378217142856
-0.954420312022025;0.035672835977069675;0.9857915183534526;0.03565010932612561;0.0012709302949647082;1.0633011715571916;2.4251482946517444;1.439360119367604;2.071757553225923;0.13929128553341125;0.019402062225550302;0;53.73861915714286;86.79379995714285
-0.9534006322014889;0.03072605113351497;0.9569623134868265;0.03083806739835003;0.0009509864008651791;1.0351965107944316;3.791525013011385;1.4362859283665046;2.062917268023632;0.13426801342547576;0.018027899429223736;1;53.738516942857146;86.79376357142858
-0.9534006322014889;0.03232791682691117;1.0037550194658025;0.032297864468732666;0.0010431520492406238;1.0351965107944316;3.791525013011385;1.5780872825659524;2.4903594713963924;0.110241290711087;0.012153142177646398;1;53.73843208571429;86.79368237142856
-0.9534006322014889;0.029693524581545255;0.9880108154775923;0.02893917387410019;0.000837475784515403;1.0333910416514094;3.791525013011385;2.035095783561639;4.14161484827036;0.13648070142160837;0.018626981860534214;1;53.73837534285714;86.79357442857143
-0.9534006322014889;0.031535586070275984;0.9560513864686552;0.030678158549536805;0.0009411494119905183;1.0333910416514094;3.791525013011385;2.1541249243510903;4.640254189710591;0.19504567776192736;0.038042816413609605;1;53.73834451428571;86.79347045714285
-0.9534006322014889;0.028177483303969672;1.0333910416514094;0.02767032977567918;0.0007656471498948378;1.0333910416514094;3.791525013011385;2.1717318010401363;4.716419015649033;0.265665855598545;0.07057834683090697;1;53.73833167142857;86.7933735
-0.9534006322014889;0.02835265273516417;1.016511852570133;0.027910694115137753;0.0007790068459887853;1.0333910416514094;3.791525013011385;2.164546221944489;4.685260346934162;0.3484084799479327;0.12138846889962902;1;53.73833232857144;86.79329735714285
-0.9534006322014889;0.028245928601089848;1.0201961576361815;0.027881852821070374;0.0007773977167358299;1.0333910416514094;3.791525013011385;2.0011212311632187;4.0044861818121955;0.4433086703795108;0.19652257723364977;1;53.73833677142857;86.79324694285715
-0.9880697460997246;0.016893364915399698;1.0328133497793233;0.01732878626875016;0.0003002868335480241;1.0333910416514094;1.0182630420171572;1.172900390491028;1.3756953260140061;0.5503858330966686;0.3029245652735139;1;53.73834133571428;86.79322225
-0.9880697460997246;0.014365410227270245;0.9973354830263784;0.014922633636345932;0.000222684994644603;1.0328133497793233;1.0182630420171572;1.1938460609783137;1.4252684173134356;0.6696512713991035;0.44843282528643585;1;53.73834602142857;86.79322693571429
-0.9880697460997246;0.016438831465423815;0.988275975604308;0.016933913182148746;0.00028675741566055107;1.0328133497793233;1.0182630420171572;1.0081722385999785;1.016411262683692;0.8011118825521812;0.6417802483662999;1;53.73834026428572;86.79325409285715
-0.9880697460997246;0.016438831465423815;1.0044477689276374;0.016933913182148746;0.00028675741566055107;1.0328133497793233;1.0182630420171572;1.0081722385999785;1.016411262683692;0.8011118825521812;0.6417802483662999;1;53.73834026428572;86.79325409285715
-0.9880697460997246;0.016438831465423815;1.0126139399940637;0.016933913182148746;0.00028675741566055107;1.0328133497793233;1.0182630420171572;1.0081722385999785;1.016411262683692;0.8011118825521812;0.6417802483662999;1;53.73834026428572;86.79325409285715
-0.9880697460997246;0.016438831465423815;1.031659011255239;0.016933913182148746;0.00028675741566055107;1.0328133497793233;1.0182630420171572;1.0081722385999785;1.016411262683692;0.8011118825521812;0.6417802483662999;1;53.73834026428572;86.79325409285715
