vel;vel_std;acc_Y_max;acc_Y_std;acc;acc_max;acc_std;acc_range;fb_tilt_max;fb_tilt_std;tilt_max;tilt_std;hole;lat;lon
5.0;1.6733200530681511;-4.367046827269254;0.12241492970559227;4.451509619003463;9.223004054048484;2.096717479083;4.771494435045021;-0.986030386458652;0.01736302462740292;0.0851432650147853;0.09426552520743;0;53.72906766;86.84436238
7.0;1.6733200530681511;-4.367046827269254;0.12241492970559227;6.580573070181316;9.223004054048484;2.096717479083;4.771494435045021;-0.986030386458652;0.01736302462740292;0.0851432650147853;0.09426552520743;1;53.72906766;86.84436238
7.0;1.6733200530681511;-4.367046827269254;0.12241492970559227;4.6871523757260425;9.223004054048484;2.096717479083;4.771494435045021;-0.986030386458652;0.01736302462740292;0.0851432650147853;0.09426552520743;1;53.72906766;86.84436238
9.0;0.9999999999999998;-4.310040699488586;0.1453672579868312;8.159305741678304;9.223004054048484;1.7149971071016927;4.535851678322442;-0.9788926277148976;0.02066078664385098;0.0851432650147853;0.09423325699059026;1;53.72916194;86.8443389
9.0;1.1401754250991378;-4.013868128317795;0.2759334928043044;9.223004054048484;9.223004054048484;1.7007774225445713;4.535851678322442;-0.9788926277148976;0.015045029347138065;-0.0061180789232181;0.0512057987364354;0;53.72926506;86.84431402
8.0;1.5165750888103102;-3.648558036142661;0.40492918444245796;7.43540268570439;9.223004054048484;1.3171606081090281;3.448333243896422;-0.9788926277148976;0.014636934660204045;-0.0805547058223717;0.02279389269351769;0;53.72937079999999;86.84430712000001
10.0;2.0736441353327724;-3.2251616776205587;0.5200076154749899;6.751562845518312;9.223004054048484;1.3091171715743477;3.448333243896422;-0.9788926277148976;0.017370508367514845;-0.0805547058223717;0.022309792882476726;0;53.72947828;86.84431732
12.0;2.1679483388678804;-2.754730307408863;0.6189372324244115;5.774670810152062;7.43540268570439;0.775050420126894;1.9338042492284693;-0.9788926277148976;0.02005427921923437;-0.0805547058223717;0.009954289680322774;1;53.72958912;86.8443616
13.0;2.5495097567963927;-2.248315180164951;0.7010341706772469;6.496535869916475;7.024352880329522;0.6481056081198102;1.522754443853601;-0.9962271846640156;0.014474425988149523;-0.0805547058223717;0.013969985682311064;0;53.729695140000004;86.84444202
13.0;2.0000000000000004;-1.7169675505461963;0.7660233921876282;5.501598436475921;7.024352880329522;0.6000042737282151;1.522754443853601;-0.9595187111247068;0.02756343749306481;-0.0805547058223717;0.014029401094210353;0;53.72980352;86.84457088
17.0;2.60768096208106;-1.171738673209974;0.8137758430839893;7.024352880329522;8.253435518637046;1.0391423876118637;2.751837082161125;-0.9595187111247068;0.027221822892281266;-0.0856531049250535;0.02142055842029591;0;53.72992758;86.8447615
15.0;3.0822070014844885;-0.6236798028136793;0.8442261287512131;6.129812199961344;8.944975815476731;1.432753965505139;3.44337737900081;-0.9595187111247068;0.024521126673245554;-0.0856531049250535;0.028871527824469754;0;53.73004018;86.84497137999999
10.0;3.5637059362410923;0.1278755847202496;0.9267488874130273;8.253435518637046;8.944975815476731;1.1231304242865956;2.815163615515387;-0.9595187111247068;0.013857895192083016;-0.0989089425920261;0.022070827798422912;0;53.730140819999995;86.84517442
10.0;2.345207879911715;0.6636859528465504;0.9599713034179445;8.944975815476731;8.944975815476731;1.1011877069267457;2.815163615515387;-0.9595187111247068;0.015182618213005658;-0.0989089425920261;0.021323258083409187;0;53.73023092000001;86.84536691999999
9.0;0.7071067811865476;1.0206329452425469;0.9028309013791923;6.9581735150523425;8.944975815476731;1.1716120806684363;3.031294012193153;-0.986030386458652;0.010645769867350517;-0.1029876618741715;0.01992163160053243;0;53.7303093;86.84555282
11.0;5.412947441089743;1.330708124293983;0.7728173650767896;7.336140811165946;8.944975815476731;2.294435534343794;6.172305261719732;-0.9839910268175792;0.011230374142762137;-0.0418068726419904;0.04234188992534601;0;53.730376879999994;86.84576888000001
10.0;8.167006795638166;1.4713691955761743;0.5422023114206683;5.913681803283578;7.336140811165946;2.265357053267109;4.685456221394908;-0.9839910268175792;0.011746251251419905;-0.0387478331803813;0.043173537414723136;0;53.73045218;86.84602338
22.0;9.137833441248532;1.7503481479537106;0.41898826253497445;2.7726705537569996;7.336140811165946;2.2215686620784543;4.732106502659956;-0.9839910268175792;0.016495507669006457;-0.0346691138982359;0.043375362608653455;0;53.73054046;86.84634718
27.0;8.786353054595518;2.0246764034289635;0.38578534833399397;2.6506845897710387;5.913681803283578;1.4237634045901293;3.309647494777588;-0.9534006322014889;0.029133235731561086;-0.0346691138982359;0.02931823310381035;0;53.73064038;86.84674917999999
30.0;4.037325847637269;2.0246764034289635;0.27520971953003115;2.60403430850599;3.2656135817967478;0.2686399047482734;0.6615792732907577;-0.9534006322014889;0.02887332841244281;-0.0346691138982359;0.0049640711510711465;0;53.730763880000005;86.84724132
32.0;4.438468204234429;2.0246764034289635;0.20275164755640332;2.9487070985129726;4.497117467413736;0.7756707492502172;1.8930831589077464;-0.9534006322014889;0.028903921246167814;-0.0346691138982359;0.016122553585033117;1;53.730902019999995;86.84774297999999
31.0;7.463243262818116;2.0246764034289635;0.16258966166086816;3.2656135817967478;5.585129126739224;1.236050680267338;2.9810948182332337;-0.9534006322014889;0.028091207474717935;-0.0346691138982359;0.025518493416990484;1;53.731057220000004;86.84822586
21.0;9.093954035511725;2.0246764034289635;0.1808475080773757;4.497117467413736;6.964985888715812;1.6634223617168937;4.016278790202839;-0.9534006322014889;0.01781669833851619;-0.0356887937187723;0.03325625980561108;1;53.73122565999999;86.8486503
15.0;8.04363102087608;1.7975081981007863;0.09955410990997585;5.585129126739224;6.964985888715812;1.4959098572172662;3.699372306919064;-0.979912307535434;0.007999776492876476;-0.0469052717446721;0.028399501731060327;0;53.731394699999996;86.84898317999999
12.0;3.7815340802378055;1.651571614794983;0.12260844625480659;6.964985888715812;6.964985888715812;0.9374029366844014;2.467868421302075;-0.986030386458652;0.006049718353907083;-0.0734169470786173;0.01677675462316621;0;53.73155658;86.84919113999999
12.0;2.1679483388678764;1.609478195730833;0.18011712982605513;6.452493438519003;6.964985888715812;0.7401046227870895;1.8756646517973588;-0.986030386458652;0.006049718353907083;-0.0866727847455898;0.012371368115104012;0;53.731745339999996;86.8492775
13.0;2.588435821108954;1.5925651018272458;0.2130516362596189;5.759044813218281;6.964985888715812;0.9474968234068551;2.3062381488321453;-0.986030386458652;0.016823171998483086;-0.0815743856429081;0.014927081713196951;0;53.73192858;86.8492969
17.0;2.345207879911712;1.532418044843518;0.1840471952972838;5.089321236918453;6.452493438519003;0.7126367407721049;1.7937456986353366;-0.9890894259202612;0.016161201391788765;-0.0815743856429081;0.011386678311527397;0;53.732107740000004;86.84925589999999
17.0;1.8165902124584916;1.3395840580636842;0.1391564055690477;4.658747739883666;5.759044813218281;0.46626162179147923;1.1002970733346151;-0.9788926277148976;0.019130889200870544;-0.0815743856429081;0.007159575683304563;0;53.73229846;86.84917526000001
16.0;2.167948338867877;1.1948575522780345;0.20724547871708535;5.014110342946395;6.670811643230201;0.7878427329479569;2.012063903346535;-0.9788926277148976;0.02087730623769918;-0.0815743856429081;0.013204755250885828;0;53.73248694;86.8490719
14.0;2.5495097567963896;1.1066294353658226;0.2887814168120345;5.67429446414864;6.670811643230201;0.9097580144771305;2.012063903346535;-0.9788926277148976;0.021697866549640694;-0.0815743856429081;0.015379935891708324;0;53.73262856;86.84895752000001
12.0;2.408318915758456;1.1066294353658226;0.4136876339301092;6.670811643230201;6.670811643230201;0.700996117795367;1.6567013002838058;-0.9788926277148976;0.008239871051631193;-0.0846334251045171;0.012910129120437569;0;53.732754420000006;86.8488325
11.0;1.5165750888103056;0.9627078551523178;0.4674258307572149;6.603210000193891;6.670811643230201;0.6380642214351392;1.4825301819491798;-0.9788926277148976;0.01066040994284488;-0.0907515040277353;0.010776814594159528;0;53.73286218;86.8486945
10.0;1.1401754250991316;0.6649587487926655;0.403950177048184;6.294790139807979;6.670811643230201;0.63157764637096;1.4825301819491798;-0.979912307535434;0.010363679777523506;-0.0907515040277353;0.010058199486617847;0;53.7329469;86.84854881999999
11.0;1.3416407864998687;0.4485753527107112;0.30462463975536047;5.188281461281021;6.603210000193891;0.5752328665102795;1.4149285389128696;-0.979912307535434;0.00848236334988662;-0.0907515040277353;0.009403748026270642;0;53.733013119999995;86.84837952000001
13.0;1.6431676725154944;0.0690883841806555;0.15614946206351885;5.715960437401256;6.294790139807979;0.7659229951097516;2.0718347589350845;-0.9967370245742836;0.0014599593212251828;-0.0734169470786173;0.013554456228985287;0;53.73306448000001;86.84817488
13.0;1.0954451150103264;-0.2133244972363421;0.11234345169060372;5.527743371910479;5.755100019665072;0.6330272040254935;1.532144638792177;-0.9850107066381156;0.006160419074943235;-0.0734169470786173;0.010913432620658648;0;53.73310354;86.84794258
14.0;0.7071067811865382;-0.2500131654048587;0.14417846826432393;4.222955380872895;7.111643124930254;1.0249157595009581;2.888687744057359;-0.9850107066381156;0.0057047418091968225;-0.0734169470786173;0.017712809999021317;0;53.73313186;86.84770466
13.0;0.7071067811865382;-0.2554806008567225;0.14982613356645283;5.755100019665072;7.111643124930254;1.042227408982863;2.888687744057359;-0.9809319873559702;0.007224631216036606;-0.0734169470786173;0.017893855623290513;0;53.7331549;86.84740002000001
12.0;1.140175425099132;-0.3392458629541623;0.13500941372991979;7.111643124930254;7.111643124930254;1.1044323984141546;2.888687744057359;-0.9809319873559702;0.008730031525646312;-0.0734169470786173;0.01893147561549807;0;53.73317588;86.84707284
13.0;1.9999999999999967;-0.4936096574785245;0.15547642677701873;6.081821402684445;7.111643124930254;0.8309055651585769;2.1778103914113744;-0.9809319873559702;0.009925523775839292;-0.0856531049250535;0.01436808109052897;0;53.73319576;86.84674967999999
15.0;2.5495097567963896;-0.5702493051518762;0.22781443864169423;4.933832733518879;7.111643124930254;1.0896495673769382;2.8268437791076817;-0.9809319873559702;0.009317664363463034;-0.0723972672580809;0.019305369443650203;0;53.73321602;86.84640642
17.0;2.167948338867877;-0.6028119368544866;0.2592882629272839;5.3323007878585384;6.081821402684445;0.7076222370152079;1.7970220568618727;-0.9809319873559702;0.011558870244472679;-0.0723972672580809;0.01245512918087283;0;53.733235220000005;86.84602626
18.0;1.224744871391584;-0.7000079382550447;0.21142790177259466;4.284799345822572;5.3323007878585384;0.45643465003961875;1.0475014420359665;-0.9952075048434792;0.006302248247317655;-0.0723972672580809;0.008365104232484455;0;53.7332506;86.845673
18.0;0.5477225575051546;-0.8973569445470123;0.12089320453915339;4.539359058457344;5.398919241755956;0.515499298270788;1.114119895933384;-0.9941878250229428;0.007367142599444196;-0.0723972672580809;0.009165781606707165;0;53.733263120000004;86.84532200000001
17.0;0.836660026534068;-1.1147821482184843;0.1240846981537079;5.2747166120522175;5.398919241755956;0.5170796781593477;1.114119895933384;-0.9941878250229428;0.010562426154851152;-0.0723972672580809;0.009063112488340581;0;53.7332727;86.84497830000001
17.0;1.1401754250991327;-1.1518586113323712;0.1400699522244138;5.398919241755956;5.710896015284988;0.43257439058621766;1.1715369568276444;-0.9941878250229428;0.010562426154851152;-0.0774956663607627;0.007224631216036858;0;53.73327820000001;86.84465100000001
16.0;1.3038404810405255;-1.1518586113323712;0.1644700004657937;5.341126176640592;5.710896015284988;0.2813073668645008;0.7852770035254695;-0.9931681452024064;0.010181491519417791;-0.0815743856429081;0.005566368538373082;0;53.73328210000001;86.8443477
15.0;1.5811388300841862;-1.1554443899599085;0.15942662163266624;5.710896015284988;5.710896015284988;0.28107631079458817;0.7852770035254695;-0.9911287855613338;0.010815337736104807;-0.0815743856429081;0.005566368538373082;0;53.73328566;86.84406966
14.0;1.3038404810405255;-1.4234544422471198;0.08916068436144677;4.925619011759519;6.108375893788706;0.44104426551584225;1.182756882029187;-0.9911287855613338;0.010483379759334808;-0.0815743856429081;0.008009518460958702;0;53.733288300000005;86.84381118000002
13.0;0.8366600265340688;-1.4234544422471198;0.09622301958790498;5.408714962846419;6.108375893788706;0.7010649010256748;1.804388169657794;-0.9839910268175792;0.006424792088109851;-0.0683185479759355;0.013554456228985323;0;53.733287700000005;86.84355458
13.0;0.8366600265340688;-1.4180906945576648;0.0980942596208532;6.108375893788706;6.108375893788706;0.6969231772724779;1.804388169657794;-0.9778729478943612;0.008009518460958919;-0.0683185479759355;0.013244066904550383;0;53.73328636;86.84330747999999
14.0;1.6733200530681476;-1.1734309736793125;0.20018500850009355;4.303987724130912;6.108375893788706;0.8526265022221989;2.0972233831820404;-0.9778729478943612;0.0076441989656335484;-0.0662791883348628;0.015470932252497365;0;53.73328596;86.84306132
15.0;2.4083189157584566;-0.9385965809497314;0.3062206472149087;4.690833796991998;6.108375893788706;1.0277103927293003;2.7591743428213964;-0.9778729478943612;0.008959266905879169;-0.0560823901294993;0.01774360088439378;0;53.73328728;86.84280664
17.0;2.8635642126552687;-0.7479743324062169;0.3656554749331992;4.0111525106066654;4.690833796991998;0.6206054203812551;1.4526418232072236;-0.9778729478943612;0.009500001793700226;-0.0550627103089629;0.008959266905878992;0;53.73328772;86.84252036
19.0;2.6076809620810573;-0.6153342998959795;0.3232110701317558;3.3492015509673094;4.690833796991998;0.7042334167418834;1.7550258326775787;-0.9778729478943612;0.009233593492543504;-0.0499643112062812;0.010587007119337135;0;53.73328986;86.84221018
21.0;1.788854381999828;-0.4880835886565319;0.27041265703515843;3.2381919737847746;4.372853187205893;0.5915197175196523;1.4370452228914732;-0.9880697460997246;0.004911428399629496;-0.0499643112062812;0.0102120819484485;0;53.733295420000005;86.84186758
21.0;0.8944271909999079;-0.4880835886565319;0.16702075643404;2.9358079643144195;4.372853187205893;0.5407312349581104;1.4370452228914732;-0.99214846538187;0.003922786593589858;-0.0499643112062812;0.009700365856245787;0;53.733305380000004;86.8415089
21.0;0.5477225575051538;-0.4880835886565319;0.12950464284153534;4.372853187205893;4.372853187205893;0.6083787484129723;1.4370452228914732;-0.99214846538187;0.004650455491379757;-0.0499643112062812;0.010631109631062214;0;53.73334408000001;86.84106119999998
20.0;0.5477225575051538;-0.4880835886565319;0.12713527737425173;3.4425240467558744;4.512755144187038;0.6694778298692885;1.5769471798726182;-0.99214846538187;0.009822856799259195;-0.0499643112062812;0.01216371608724109;0;53.73340746;86.8406177
20.0;0.4472135954999425;-0.3519552308669129;0.18123213410015937;4.138139453208833;4.512755144187038;0.413490291691094;1.0702310974311633;-0.99214846538187;0.011746251251419343;-0.0591414295911083;0.007785707828620843;0;53.733497539999995;86.84018554
20.0;0.4472135954999425;-0.2361036810865206;0.24005419897319186;4.512755144187038;4.512755144187038;0.492184503348413;1.1049736972945605;-0.99214846538187;0.010232424761334744;-0.0591414295911083;0.008906890099693084;0;53.73361208;86.83978296000001
20.0;0.8944271909999079;-0.192652178373277;0.263979107092081;4.206359079285776;4.8708369094347574;0.5421307726072667;1.4630554625422802;-0.9819516671765066;0.015554713501134434;-0.0601611094116447;0.009045887678685381;0;53.7337489;86.83939754
19.0;1.6733200530681471;-0.192652178373277;0.15554095722705655;3.407781446892477;4.8708369094347574;0.6298132867495275;1.4630554625422802;-0.9778729478943612;0.019084636538956656;-0.0601611094116447;0.010920575699390474;0;53.733875579999996;86.83911462
18.0;1.516575088810306;-0.192652178373277;0.07705611968989805;4.8708369094347574;4.8708369094347574;0.6212189322833125;1.4630554625422802;-0.9778729478943612;0.018131960216494453;-0.0601611094116447;0.01043865311884958;0;53.7339882;86.83884836
16.0;2.5495097567963896;-0.192652178373277;0.07006591177318047;3.5240495956370723;4.8708369094347574;0.6498360844343832;1.4630554625422802;-0.9778729478943612;0.01532914895316906;-0.0601611094116447;0.01070906564952882;0;53.734080340000006;86.83857698
19.0;4.037325847637269;-0.192652178373277;0.06803220968360592;4.457063893635902;4.8708369094347574;0.6676498326669476;1.5414625399541158;-0.9666564698684612;0.01371838895388398;-0.0560823901294993;0.011639545773529955;0;53.73414616;86.83824344000001
23.0;4.658325879540846;-0.2307362279822244;0.05127657433663336;3.6156321480809677;4.457063893635902;0.9280037444485654;2.5627038577290673;-0.9666564698684612;0.03673961721148197;-0.0346691138982359;0.015175768396183578;0;53.7341906;86.83787316
26.0;3.271085446759224;-0.2469932045798477;0.046839318364339265;3.3293743694806417;4.457063893635902;0.9278158897505233;2.5627038577290673;-0.9666564698684612;0.036464069743788685;-0.0346691138982359;0.015175768396183578;0;53.7342176;86.83746496
27.0;1.5165750888103082;-0.221970719862608;0.03682819191833601;1.8943600359068344;3.6156321480809677;0.6991737760387885;1.7212721121741332;-0.9666564698684612;0.03558229678457098;-0.0346691138982359;0.011202564671742481;0;53.73424472000001;86.83702104
26.0;1.5165750888103082;-0.1896335251701017;0.035145673559253854;3.519641943097346;3.519641943097346;0.7783182818093198;1.6252819071905116;-0.9666564698684612;0.03600061883126274;-0.0336494340776996;0.012354547756387087;0;53.73429308;86.83657276
25.0;1.7888543819998304;-0.1896335251701017;0.03962439181566211;2.9920295876824596;3.519641943097346;0.76978880834888;1.6459454656211285;-0.979912307535434;0.02975124479689893;-0.0326297542571632;0.012641562566632026;0;53.734362020000006;86.83616042
23.0;1.3416407864998723;-0.1896335251701017;0.04870880532445278;1.9093995489325941;3.519641943097346;0.7187587323294395;1.6459454656211285;-0.979912307535434;0.012604496494636065;-0.0326297542571632;0.01203049348730719;0;53.734396100000005;86.8356825
23.0;2.049390153191918;-0.1896335251701017;0.09116876411062855;1.8736964774762175;3.8948694558579477;0.8561372172514193;2.0211729783817303;-0.9972468644845518;0.010257796545290899;-0.0326297542571632;0.015406953806063902;1;53.734396059999995;86.83521654
25.0;2.792848008753787;-0.1896335251701017;0.10961130231647664;2.2878802446185373;3.8948694558579477;0.8559127457803628;2.0211729783817303;-0.9931681452024064;0.011482156223316846;-0.0326297542571632;0.015648015961275488;0;53.73434694;86.83476806
28.0;2.683281572999746;-0.283609050367652;0.07685928214815545;3.8948694558579477;3.8948694558579477;0.8573635688183917;2.0211729783817303;-0.9931681452024064;0.015220237101698605;-0.0326297542571632;0.015648015961275488;0;53.73422694;86.83431526000001
29.0;1.9235384061671317;-0.3126623579704279;0.06895150208543142;1.9928163205513483;3.8948694558579477;0.8073851207791268;1.9956901114080456;-0.9931681452024064;0.016284577247540552;-0.0336494340776996;0.014787115361923162;0;53.73402724;86.8338442
29.0;1.5165750888103064;-0.1825885956820399;0.10847991634264365;1.899179344449902;3.8948694558579477;0.9189907422981743;2.34115237857628;-0.9931681452024064;0.014873001066395889;-0.0275313551544814;0.016614837092689298;0;53.733797259999996;86.83348622000001
30.0;1.3038404810405253;-0.1825885956820399;0.10149348178662015;2.520722297549279;2.520722297549279;0.3524683632912867;0.9670052202676112;-0.9931681452024064;0.01644342393825452;-0.0275313551544814;0.006432878676695424;0;53.73353056;86.83316832
32.0;1.3038404810405253;-0.1825885956820399;0.09200771779257734;1.553717077281668;2.520722297549279;0.3666133269676988;0.9670052202676112;-1.0013255837666972;0.011706350678956319;-0.0275313551544814;0.006779145564839468;0;53.7332352;86.8329088
31.0;0.8366600265340685;-0.1825885956820399;0.12168384355298457;1.8472096948127952;2.520722297549279;0.36681324138850835;0.9670052202676112;-0.9503415927398796;0.030856057260605297;-0.0275313551544814;0.006938319908720098;0;53.732912340000006;86.83270882
32.0;0.8366600265340685;-0.1825885956820399;0.16412312740047205;1.7265777634314445;3.2858911508490625;0.6977168177391874;1.7321740735673945;-0.9503415927398796;0.027993879080461217;-0.0275313551544814;0.011662971017528776;0;53.73256416;86.83259104
31.0;0.8944271909999094;-0.3780865053201345;0.24127715433729435;1.882074392864205;3.2858911508490625;0.6387933178215083;1.559313387417618;-0.9503415927398796;0.025007114885632172;-0.0295707147955541;0.011050125829353252;0;53.73220708;86.83252067999999
33.0;1.1401754250991325;-0.4287120746673792;0.3194050555450042;3.2858911508490625;3.2858911508490625;0.6177845783642051;1.559313387417618;-0.9503415927398796;0.02439145745980017;-0.0295707147955541;0.011285211689348394;0;53.73183178000001;86.83246794
31.0;1.1401754250991325;-0.5055158194647901;0.27807209813510114;2.1125522685348144;3.2858911508490625;0.7079434612707556;1.933302498796359;-0.9503415927398796;0.026266405914289224;-0.0163148771285816;0.014213930722392914;0;53.731446340000005;86.83242041999999
30.0;1.5811388300841858;-0.5186361689406547;0.2739756943883443;2.073794673067283;3.2858911508490625;0.9792734560695067;2.6269480268115433;-0.986030386458652;0.014176850242838025;-0.0071377587437544;0.018424911797280237;0;53.73099874;86.83235682
32.0;2.0736441353327693;-0.5186361689406547;0.2840179258823055;1.3525886520527035;2.1125522685348144;0.680641744443836;1.4536091444972952;-0.9880697460997246;0.01254869210392621;-0.0071377587437544;0.01150759615160355;0;53.73056418;86.83228578
34.0;2.167948338867877;-0.5186361689406547;0.2752293556729187;0.6589431240375193;2.219191383296526;0.7094947674295278;1.5602482592590068;-0.9880697460997246;0.012542476289739547;0.0367084735393086;0.025012311601236015;0;53.73013188;86.83218116
35.0;2.167948338867877;-0.5186361689406547;0.2019302696903269;0.816910508423663;3.951351822643852;1.3483961335303247;3.292408698606333;-1.006423982869379;0.018458739693197845;0.0708677475272764;0.03774193030146176;1;53.72969955999999;86.83207139999999
35.0;3.20936130717624;-0.5186361689406547;0.15163959406256133;2.219191383296526;3.951351822643852;1.3255338767474014;3.292408698606333;-1.006423982869379;0.018559853448567705;0.0708677475272764;0.03364557143243898;1;53.72928756;86.83195635999999
30.0;3.8078865529319517;-0.5611596025185341;0.1394675649827121;3.951351822643852;3.951351822643852;1.2271201660823765;3.1344413142201892;-1.0003059039461608;0.019858902612680935;0.0708677475272764;0.029517044997153213;1;53.728951280000004;86.83185560000001
28.0;3.20936130717624;-0.3372684811797746;0.2171376814109129;1.828940689911837;3.951351822643852;1.114298342406221;2.810937698384385;-1.0003059039461608;0.020240066525215733;0.0708677475272764;0.020991540001871308;0;53.72862514;86.83175474
27.0;1.3416407864998683;-0.245056501236036;0.27362705860452285;1.140414124259467;3.951351822643852;1.2530140158178396;3.167973770959362;-1.0003059039461608;0.01958210075930695;0.0708677475272764;0.023183985394592224;0;53.728307140000005;86.83166202
28.0;1.6431676725154938;-0.2404544708114163;0.2247294987780233;1.3715215136037733;2.642462598707839;0.7173825544895003;1.859084547023349;-0.9982665443050882;0.009844003985844388;0.0458855919241358;0.012768411006423114;0;53.728011800000004;86.83156636
30.0;1.6431676725154938;-0.1797830603506128;0.14983136082152415;0.7833780516844898;2.642462598707839;0.7342691046177666;1.859084547023349;-0.9982665443050882;0.009844003985844388;0.0458855919241358;0.013058273146595302;0;53.72769872;86.83144272
31.0;1.0954451150103257;-0.1384686057882117;0.07537600784421726;2.642462598707839;2.642462598707839;0.757558654327679;1.859084547023349;-0.9850107066381156;0.01457107835455997;0.0458855919241358;0.01325387659918096;0;53.727383499999995;86.83129646
30.0;0.5477225575051528;-0.0575853422557889;0.0779399574505175;0.9932772345634777;2.642462598707839;0.8951849637596792;2.3722146873507524;-0.9850107066381156;0.014801171558406656;0.0458855919241358;0.018128375904241826;0;53.727068900000006;86.83113546
30.0;0.5477225575051528;-0.0521163440896348;0.08061054122528118;0.9298568759930821;2.642462598707839;0.8879600417038724;2.3722146873507524;-0.979912307535434;0.014228096447481704;0.0458855919241358;0.01831382996568862;0;53.726754119999995;86.83096404
31.0;0.8944271909999072;-0.0521163440896348;0.05995189403644163;0.27024791135708676;1.793353921968229;0.5942039248192184;1.5231060106111423;-0.979912307535434;0.015420445011631471;0.0305903946160905;0.013626181019245686;0;53.7264414;86.8307742
30.0;1.3038404810405237;-0.0521163440896348;0.05793311066140423;1.5505831093189262;1.793353921968229;0.6200839205133364;1.5231060106111423;-0.979912307535434;0.013030375079620763;0.0305903946160905;0.013796799280379926;0;53.726142159999995;86.83059272
32.0;1.1401754250991314;-0.0521163440896348;0.16423545770510625;1.793353921968229;2.294576818783926;0.8208667090956268;2.0243289074268396;-0.979912307535434;0.024097690013452525;0.040787192821454;0.017645175547658758;0;53.725836040000004;86.8304146
33.0;1.3038404810405237;-0.0521163440896348;0.23820086945135008;0.7147010752692382;2.294576818783926;0.5781998686511254;1.579875743514688;-0.979912307535434;0.024338114751809147;0.040787192821454;0.010288160094324377;1;53.72552327999999;86.83025032
31.0;1.1401754250991314;-0.1643822383626312;0.28746667135858744;2.294576818783926;2.294576818783926;0.6135169772999531;1.579875743514688;-0.9809319873559702;0.02446594186396027;0.040787192821454;0.022028388393663906;1;53.72520476;86.83012636
30.0;1.3416407864998678;-0.1715817116359536;0.30537185490008;1.7876421737171793;2.294576818783926;0.6775680159890748;1.579875743514688;-1.0105027021515245;0.01432278152292691;0.040787192821454;0.03160514011688881;1;53.72488095999999;86.83005344
31.0;1.3416407864998678;-0.4561148608230397;0.20602586179528354;1.178690973828082;2.294576818783926;0.4726317553288952;1.1158858449558442;-0.9972468644845518;0.018410798496245103;0.040787192821454;0.03339665460320818;0;53.72454932000001;86.830029
33.0;1.4142135623730892;-0.6262389531126886;0.1250398891126257;2.2032317901490552;2.2032317901490552;0.4013267422402573;1.0245408163209733;-0.9972468644845518;0.01810326584780001;0.0295707147955541;0.024550790191688876;0;53.72422202;86.83004986
33.0;0.8944271909999066;-0.8246550621933034;0.08676281073107138;1.4826523191832113;2.8443246182816013;0.6938392450847058;1.6656336444535194;-0.9972468644845518;0.01797357430068605;-0.0152951973080452;0.013477529068440705;0;53.72387538;86.83010258
33.0;1.3038404810405244;-0.8763038328232634;0.17709620295958461;1.3677027216538316;2.8443246182816013;0.6674105155931979;1.4766218966277698;-0.9901091057407974;0.014624498104869267;-0.0183542367696543;0.012417506620471955;0;53.7235093;86.83016146
32.0;1.816590212458491;-0.8763038328232634;0.25150965106759404;2.8443246182816013;2.8443246182816013;0.7348303786329788;1.4766218966277698;-0.9901091057407974;0.010078852895401636;-0.0183542367696543;0.013125778733583091;0;53.72312899999999;86.83022659999999
30.0;1.816590212458491;-0.8763038328232634;0.22813451808203067;2.6478249224679757;3.578024380723756;0.8001313319145568;2.2103216590699244;-0.9702253492403384;0.01786768862568348;-0.0183542367696543;0.014075644878041848;0;53.722756860000004;86.83028454000001
29.0;1.3038404810405246;-1.0559145034578767;0.16723318989023941;2.7831399681021045;3.9995598910398336;0.588014414469781;1.3517349685718578;-0.9702253492403384;0.019179741033223115;-0.0397675130009177;0.011812452703232107;0;53.72237202;86.83032978
29.0;0.4472135954999437;-0.9494062561212832;0.1996766638250229;3.578024380723756;3.9995598910398336;0.5749946524086573;1.3517349685718578;-0.9702253492403384;0.016900250987235313;-0.0397675130009177;0.011684124817482449;0;53.72199844000001;86.8303402
29.0;0.4472135954999437;-0.7892701459227699;0.26326343175107825;3.9995598910398336;3.9995598910398336;0.5157648829071233;1.216419922937729;-0.9676761496889976;0.021408420062421482;-0.0418068726419904;0.010346107823878146;0;53.7216518;86.83030588
29.0;0.5477225575051548;-0.7040548360135153;0.23332095797436597;2.951137840315623;3.9995598910398336;0.47983041530062837;1.0907273829328532;-0.9676761496889976;0.01968140546706891;-0.0489446313857448;0.008296459919163142;0;53.72133162;86.83021098
28.0;1.224744871391584;-0.4945358212934696;0.22443481613214572;3.701548246066093;3.9995598910398336;0.501358230740047;1.0907273829328532;-0.9676761496889976;0.01720813550299032;-0.0489446313857448;0.008930206605816877;0;53.7210257;86.83004842
28.0;1.6431676725154944;-0.1050506797230081;0.32575861204153345;2.9088325081069804;3.765590937152386;0.5746549823702238;1.3504786208419475;-0.9676761496889976;0.012930247769263856;-0.0418068726419904;0.009373292704624451;1;53.72074622;86.82984574
26.0;1.3038404810405246;0.0840029964129759;0.37886532605915474;3.765590937152386;3.765590937152386;0.6206703845338243;1.3504786208419475;-0.9676761496889976;0.0133749190804712;-0.0418068726419904;0.009796358620965059;0;53.7204926;86.82964331999999
25.0;1.5811388300841855;0.3262849993878787;0.41988001314110474;2.4151123163104384;3.765590937152386;0.6050261697181967;1.5486675895082729;-0.9839910268175792;0.010545185387129364;-0.0387478331803813;0.009912420768442842;0;53.720220360000006;86.82945812
27.0;1.7888543819998284;0.4944102029615226;0.38566259452295476;2.6182498169901236;3.765590937152386;0.6018362914387121;1.5486675895082729;-0.9839910268175792;0.01732705768121329;-0.0387478331803813;0.009949065702172407;0;53.71994188;86.82931787999999
29.0;1.7888543819998284;0.5952056675517042;0.28902517303497666;2.216923347644113;3.3667442573906117;0.44161732924520536;1.1498209097464986;-0.986030386458652;0.016756600495841698;-0.0387478331803813;0.007188561938213492;0;53.7196546;86.82924052
29.0;2.1213203435596397;0.5952056675517042;0.2125970058742636;2.8227728254510747;3.3667442573906117;0.4743562722038458;1.1498209097464986;-0.986030386458652;0.016251022178554675;-0.0387478331803813;0.007582743934976461;0;53.71936392;86.82920584000001
26.0;2.1679483388678773;0.5952056675517042;0.10916841641585256;3.3667442573906117;3.3667442573906117;0.5246079247462747;1.1498209097464986;-0.986030386458652;0.016244622878374065;-0.0387478331803813;0.008730031525646692;0;53.71907;86.82919352
24.0;1.7888543819998288;0.5952056675517042;0.050294617665197765;3.2721785003500754;3.3667442573906117;1.041627677027197;2.5588498153405013;-0.986030386458652;0.017056412073095217;0.0112164780258998;0.028547393029091296;0;53.718783259999995;86.8291935
26.0;0.8944271909999095;0.5952056675517042;0.15026506046154126;2.3349813778715816;3.3667442573906117;1.0901813177631299;2.5588498153405013;-0.986030386458652;0.010433671656804422;0.0285510349750178;0.039894117806530405;0;53.718498999999994;86.82920108
26.0;0.8944271909999095;0.5717887264634196;0.35202086674950694;0.8078944420501104;3.2721785003500754;1.1041785829299948;2.6703879454298542;-0.9901091057407974;0.036513935648698544;0.0285510349750178;0.03657368498921376;0;53.718216;86.82920992000001
26.0;0.0;0.560982638618484;0.521059634572022;1.6331022906314292;2.3661573841159242;0.8275006136348297;1.7643668291957029;-0.9768532680738248;0.03991756731123332;0.0387478331803813;0.030202152031132832;0;53.7179163;86.82924814
26.0;0.4472135954999447;0.4804773500490116;0.6180587455600156;0.6017905549202214;2.3661573841159242;0.7260391794988245;1.7643668291957029;-0.9768532680738248;0.039845220347612245;0.0387478331803813;0.012120901043841803;1;53.71760296;86.82930344
26.0;0.4472135954999447;0.2302753122467354;0.5742175635290335;2.3661573841159242;3.859389749521922;1.195954647457391;3.257599194601701;-0.9768532680738248;0.03778598275917777;0.0652595085143265;0.020419072493628017;1;53.71729262;86.82938734
27.0;0.5477225575051556;-0.2635074425609773;0.41294615337512647;1.773740937381436;3.859389749521922;1.1837249883544632;3.257599194601701;-0.9768532680738248;0.038886115302162336;0.0652595085143265;0.020311858220436615;1;53.71698488;86.8294892
26.0;0.8366600265340686;-0.6645403626596078;0.2950931723821594;3.859389749521922;3.859389749521922;0.7973234492472302;2.0856488121404864;-0.9635974304068522;0.031094801331414856;0.0652595085143265;0.014571078354560348;1;53.71666001999999;86.82962002
27.0;1.1401754250991332;-1.0192431330139025;0.2826796302673249;2.4994812409190095;3.859389749521922;0.7953439953692012;2.0856488121404864;-0.9635974304068522;0.028232888536679383;0.0652595085143265;0.014458254443917105;0;53.716335400000006;86.82976132
28.0;1.5811388300841862;-1.1817543687204957;0.35173681981060234;3.139212256452382;3.859389749521922;0.4930373931414862;1.3599085086029126;-0.9635974304068522;0.03154751602790174;0.0652595085143265;0.009603413625346575;0;53.71601939999999;86.82991636
29.0;1.5811388300841862;-1.2610347824549977;0.4567100670578038;3.251959470241839;3.4140363587291427;0.3497477356594697;0.9145551178101332;-0.9635974304068522;0.03441022829309041;0.0479249515652085;0.007023958437563422;0;53.715707099999996;86.8300751
30.0;2.701851217221257;-1.4473470912490185;0.5025209207699929;3.4140363587291427;3.5202939375653455;0.21540525142391634;0.542190773278767;-0.9595187111247068;0.03026920878324432;0.0479249515652085;0.007231823483837535;0;53.71538408;86.83023336
31.0;3.1144823004794846;-1.757333380496311;0.4430579763217534;2.9781031642865785;3.5202939375653455;0.22368581566795392;0.542190773278767;-0.9595187111247068;0.029994883298234833;0.0479249515652085;0.01035866226099792;0;53.71505986;86.8303853
35.0;2.588435821108953;-2.022775667859658;0.36402907030808007;3.5202939375653455;3.523607028300557;0.2549411049964248;0.5455038640139787;-0.9595187111247068;0.038609392415960404;0.0469052717446721;0.03272203225831246;0;53.71472831999999;86.83052992
36.0;2.073644135332766;-2.4084119704114277;0.22799673415769842;3.087999836029096;3.523607028300557;0.2640764778152804;0.5455038640139787;-0.9595187111247068;0.034319459925298036;0.037728153359845;0.031770840811440694;0;53.714317619999996;86.83069266
34.0;2.4083189157584535;-2.7086745655905355;0.12433194978330511;3.523607028300557;4.97839228063805;0.7821063126554153;1.906680020768209;-0.9595187111247068;0.03368803617147256;0.037728153359845;0.044209911683487084;0;53.7138864;86.83085023999999
32.0;2.863564212655266;-2.792206969547576;0.09700545197029445;3.071712259869841;4.97839228063805;0.779423773977839;1.906680020768209;-1.0166207810747423;0.013630949252941333;0.023452635872336;0.034833671566307206;0;53.713458059999994;86.83100046
30.0;2.408318915758456;-2.938759665327042;0.046074085722639394;4.97839228063805;4.97839228063805;0.7101310802328352;1.906680020768209;-0.9850107066381156;0.02349028946505874;-0.0132558376669725;0.020829939907822552;0;53.71304258;86.83114818
29.0;1.5165750888103056;-2.7247574244139376;0.1250585968342902;3.654494936608453;4.97839228063805;0.8221248318889414;2.0972222561161895;-0.9850107066381156;0.01784585348539178;0.0163148771285816;0.03271408751051807;0;53.712644219999994;86.83128742
28.0;1.923538406167131;-2.3131200024922043;0.3000824493091432;3.776081713152028;4.97839228063805;0.762517240625905;2.0972222561161895;-0.9850107066381156;0.01554133885248637;0.046650351789538;0.047521756586259976;0;53.71231952000001;86.83139792
29.0;2.7018512172212565;-2.064445971706629;0.4191970154169555;2.8811700245218606;3.776081713152028;0.3497355053072657;0.8949116886301676;-0.9819516671765066;0.014373507444756278;0.046650351789538;0.042414727865271624;0;53.71199054;86.83150413999999
33.0;2.880972058177584;-1.7637642652963796;0.47820760666391915;3.5201262236739237;3.776081713152028;0.788302616137309;2.0028601669162374;-0.9615580707657796;0.01688794198998208;0.046650351789538;0.03586588787258124;0;53.711636680000005;86.83160084
34.0;2.345207879911711;-1.564113892896046;0.4572362869170298;3.331077651078533;3.5201262236739237;0.8844877584735488;1.9141277461047022;-0.9615580707657796;0.01693405459603849;0.046650351789538;0.02099989681501314;0;53.71125568;86.8316704
34.0;0.836660026534064;-1.564113892896046;0.3215397736704067;1.7732215462357908;3.5201262236739237;0.8953853874528761;1.9141277461047022;-0.9615580707657796;0.016561559160438475;0.046650351789538;0.03013580862705505;1;53.71085732;86.831697
35.0;0.836660026534064;-1.564113892896046;0.20773156592632397;1.6059984775692215;3.331077651078533;0.7875463563570795;1.7250791735093114;-0.9615580707657796;0.024897733300183487;0.0448659121035994;0.03488214231283235;0;53.710449860000004;86.83167866
35.0;0.836660026534064;-1.564113892896046;0.08056115242851294;2.1085228194785066;3.111845701053855;0.7022328131453182;1.5058472234846336;-0.9615580707657796;0.027617138975694767;0.0061180789232181;0.025574456208258125;0;53.710059179999995;86.83160542
36.0;0.836660026534064;-1.564113892896046;0.04833566211474739;3.111845701053855;3.111845701053855;0.6472591613235851;1.5058472234846336;-0.9901091057407974;0.019607305519556074;0.0061180789232181;0.022297555725177543;0;53.7096851;86.83148222
36.0;2.073644135332767;-1.5961326007084586;0.07773651875885512;3.021502385744599;3.111845701053855;0.4071940872341712;1.0033228815753485;-0.9957173447537472;0.01432096655979084;-0.0239624757826042;0.009377451527296616;0;53.709332859999996;86.83133477999999
34.0;2.5099800796022227;-1.6086025396609236;0.09143376367274196;2.7835855465293697;3.111845701053855;0.23616101356993818;0.5878375247364809;-1.020699500356888;0.006740692925881516;-0.0316100744366268;0.006198277930225208;0;53.70899002;86.83121209999999
31.0;2.5099800796022227;-1.6560621065929195;0.09916747269578072;2.9964768147599132;3.021502385744599;0.29131378777384537;0.6635139300560255;-0.9992862241256244;0.014624498104868463;-0.0244723156928724;0.008549515169268874;0;53.70865612;86.83112908
31.0;1.8708286933869647;-1.6560621065929195;0.1527211557265986;2.5240081763173743;2.9964768147599132;0.3389214460139755;0.857029853039442;-0.99214846538187;0.019858902612680272;0.0091771183848271;0.0209655197256573;0;53.708327280000006;86.83109207999999
30.0;5.099019513592783;-1.7906587893868713;0.17212595921005416;2.3579884556885733;5.7818575210188845;1.4991758822527057;3.6424105592984133;-0.968695829509534;0.02667393537865549;0.0907515040277353;0.0542034400957268;0;53.70801102;86.83111374
29.0;8.717797887081346;-1.82476895668306;0.1679242711912193;2.139446961720471;5.7818575210188845;1.4964024901924484;3.6424105592984133;-0.968695829509534;0.025128436371592937;0.0907515040277353;0.05037156389193211;0;53.70771958;86.8311807
19.0;10.064790112068904;-1.895406538817539;0.14252763020238257;5.7818575210188845;5.7818575210188845;1.5269404807437217;3.6424105592984133;-0.968695829509534;0.01649550766900601;0.0907515040277353;0.043662066005927765;1;53.70747506;86.83125362000001
11.0;8.228000972289683;-2.0724545816344957;0.06664202738547556;3.186035811522346;5.7818575210188845;1.5348404700405813;3.6424105592984133;-0.968695829509534;0.018453106016981226;0.0907515040277353;0.04070681383448112;0;53.7072814;86.8313262
8.0;6.0415229867972835;-2.0067248001694256;0.09336822761841136;2.28413819600897;5.7818575210188845;1.5265440738694769;3.5904605677711596;-0.968695829509534;0.01820349825263121;0.0907515040277353;0.040135768693006765;0;53.70711654;86.8314071
14.0;8.746427842267948;-2.0067248001694256;0.0920232798217986;2.298677119618594;3.186035811522346;0.41225145158137305;0.9946388582746213;-0.9962271846640156;0.008457812319087838;0.040787192821454;0.020764947737204543;0;53.70695838;86.83148958000001
23.0;10.358571330062848;-2.0067248001694256;0.09023524909961056;2.191396953247725;2.6744254362056408;0.18796130020276047;0.4830284829579159;-0.9962271846640156;0.008877658350025307;0.0285510349750178;0.01847563041476782;0;53.7067681;86.83155529999999
29.0;8.264381404557753;-2.0067248001694256;0.06405326923827448;2.6744254362056408;2.8742489124778756;0.29393171638862253;0.6828519592301507;-0.9962271846640156;0.008930206605814978;0.0285510349750178;0.0253139494529972;0;53.706528000000006;86.83160192
33.0;4.722287581247035;-2.0067248001694256;0.05894915321981798;2.2869048357729986;2.8742489124778756;0.30995423177334747;0.6828519592301507;-0.9962271846640156;0.031486484463432475;0.0285510349750178;0.024991518255218437;0;53.70622872;86.83162008000001
34.0;2.1679483388678737;-1.96588663621968;0.07660470222198698;2.8742489124778756;2.8742489124778756;0.28087183702060103;0.670276575065786;-0.9941878250229428;0.03195846391231214;0.0285510349750178;0.023941856361658954;0;53.70589814;86.83159158000001
34.0;3.361547262794318;-1.876351693967076;0.120214122860866;2.2039723374120896;2.8742489124778756;0.33865680042577123;0.9214950037750227;-0.9758335882532884;0.0388643843965319;0.0091771183848271;0.016400686950522003;0;53.70554556;86.83151036
31.0;6.379655163094631;-1.876351693967076;0.12215555426449867;2.385295401132743;2.8742489124778756;0.3850961701232424;0.9355895068260454;-0.9758335882532884;0.03890449351078379;0.0091771183848271;0.01904919108011569;0;53.70520486;86.8314103
26.0;7.66159252375118;-1.7413077457158772;0.14850380838731866;1.952753908702853;2.385295401132743;0.1882504371246335;0.44663599548091293;-0.9758335882532884;0.038874415554753954;0.0091771183848271;0.01491662979333932;0;53.70488678;86.83131238
19.0;6.457553716385174;-1.655684687588302;0.1257614098788687;1.9386594056518303;2.385295401132743;0.25076861033481296;0.6923011975729938;-0.9758335882532884;0.018682693771309128;0.0091771183848271;0.01592790797574527;0;53.704608740000005;86.8312545
16.0;3.962322551231787;-1.525467829891524;0.1551222798368435;2.054364158421778;2.054364158421778;0.188049968356357;0.44230724905218266;-0.9758335882532884;0.018702857083381787;0.0091771183848271;0.012270100097066602;0;53.704373499999996;86.83128038
17.0;2.5495097567963874;-1.332943167259944;0.21406965843341477;1.6929942035597494;2.054364158421778;0.22145568964661916;0.5211244551598424;-0.99214846538187;0.011437926310028749;0.0132558376669725;0.01294632017791705;0;53.704189039999996;86.83140824
21.0;3.7013511046643464;-1.0834060297028834;0.26428100758352774;1.6120569093695953;2.054364158421778;0.20894134793466854;0.5211244551598424;-0.99214846538187;0.009876955821940358;0.020393596410727;0.015113980346985753;0;53.704053079999994;86.8316358
22.0;3.3166247903553963;-1.0091937934638768;0.2773251715123245;1.5332397032619356;1.6929942035597494;0.1315970307319154;0.35180898963121154;-0.99214846538187;0.009108886074895873;0.020393596410727;0.005519473275303665;0;53.70394978;86.83195234
25.0;2.1679483388678746;-0.955982210886255;0.24053013248487046;1.5834937671383271;1.6120569093695953;0.24753174818386028;0.595133981347834;-0.99214846538187;0.008679266417319987;0.020393596410727;0.005519473275303664;0;53.70386644;86.8323298
25.0;1.643167672515491;-0.8926151151209751;0.17053646303219827;1.3411852139285378;1.5834937671383271;0.2882536354469238;0.625037531691534;-0.99214846538187;0.008848330029535726;0.020393596410727;0.010262863375210736;0;53.70380148;86.83273588
26.0;0.5477225575051429;-0.8496890171424403;0.09267934420352557;1.0169229280217613;1.5834937671383271;0.2961175639599258;0.7019614289960097;-0.99214846538187;0.008848330029535726;0.020393596410727;0.010308352773407104;0;53.703755820000005;86.83316638
26.0;0.5477225575051429;-0.7975508823242079;0.08386564175766276;0.9584562354467931;1.8849970272094465;0.41263044423208256;1.003464689067129;-0.99214846538187;0.012583857056366951;0.0305903946160905;0.013801508567911793;0;53.70371865999999;86.8336105
25.0;0.8944271909999011;-0.7975508823242079;0.0631733266941845;0.8815323381423175;1.8849970272094465;0.4081375761788817;1.003464689067129;-1.0023452635872336;0.010709065649527222;0.0305903946160905;0.01722021562768202;0;53.703691019999994;86.83405902000001
26.0;1.140175425099126;-0.7975508823242079;0.0523943479554058;1.8849970272094465;1.8849970272094465;0.41304220953200355;1.003464689067129;-1.0023452635872336;0.01109062949417919;0.0305903946160905;0.02042670912264022;0;53.70367076;86.83450468
24.0;1.581138830084181;-0.7975508823242079;0.08004367182630685;1.261680771383485;1.8849970272094465;0.3960842945060838;1.003464689067129;-1.0023452635872336;0.010877646867007325;0.0305903946160905;0.02037574420010555;0;53.703652160000004;86.83495712
27.0;1.673320053068143;-0.7975508823242079;0.1158013488803244;1.5167037765000841;1.8849970272094465;0.3279282943687042;0.8369749936347919;-1.009483022330988;0.008470096729801079;0.0305903946160905;0.02028368464399559;0;53.70363066;86.83540666
28.0;1.7320508075688692;-0.9077265410740556;0.08071209946242398;1.0480220335746546;1.5910808562738925;0.22571613229169593;0.5430588226992379;-1.009483022330988;0.00771864621913733;-0.0050983991026817;0.007493085783980595;0;53.70361074;86.83586801999999
28.0;0.5477225575051408;-0.9077265410740556;0.07203118128958204;1.2003976918931838;1.5910808562738925;0.23738050538130098;0.5430588226992379;-1.009483022330988;0.004289932490658419;0.0091771183848271;0.012784686871546951;0;53.70359088;86.83633968000001
28.0;0.4472135954999266;-0.9732210682450516;0.04933801847420029;1.5910808562738925;1.5910808562738925;0.2061475276895991;0.5430588226992379;-0.9952075048434792;0.009472600520029911;0.0091771183848271;0.011183986608093364;0;53.70357364;86.83684468
27.0;0.7071067811865277;-0.8261393558859265;0.10560001050251816;1.157406310041187;1.6944006208561284;0.25321411849090386;0.5369943108149413;-0.9952075048434792;0.011294996639988855;0.0091771183848271;0.013805274841298197;0;53.703559059999996;86.83734722
28.0;1.5165750888103005;-0.8261393558859265;0.10030863884808935;1.2014724732355682;1.6944006208561284;0.3083461015351529;0.7296186542382519;-0.9952075048434792;0.011343221913574179;0.0091771183848271;0.016545856531364724;0;53.70354032;86.83796848
29.0;1.4832396974191229;-0.7731406698295396;0.10919908710669823;1.6944006208561284;1.6944006208561284;0.2774465736418472;0.7296186542382519;-0.9952075048434792;0.013577449385849302;0.020393596410727;0.01883511759195494;0;53.70351676;86.83859516
31.0;1.0954451150103188;-0.5500649978485996;0.15479102104932202;0.9647819666178765;1.6944006208561284;0.27000017844319485;0.7296186542382519;-0.9952075048434792;0.01287585527296738;0.0224329560517997;0.02126221926212448;0;53.70349176;86.83922552
29.0;1.7888543819998237;-0.5500649978485996;0.12855632220158178;1.4054218018069573;1.6944006208561284;0.2719093603519629;0.7296186542382519;-0.9952075048434792;0.012032653942291308;0.0244723156928724;0.021262219262124498;0;53.70346343999999;86.83984232
29.0;1.9493588689617853;-0.5500649978485996;0.12966674592362165;1.3867644460253572;2.448437746274036;0.5471115085917836;1.4836557796561596;-0.9952075048434792;0.006351549506432002;0.0418068726419904;0.012065014343019815;0;53.70343522;86.84045922
26.0;1.788854381999823;-0.5500649978485996;0.09123139132633379;1.5395148184835252;2.756060379917554;0.6463994804645726;1.3692959338921968;-0.9952075048434792;0.008771617484492398;0.0479249515652085;0.012559044957848528;0;53.70342198000001;86.84095286
27.0;1.6733200530681416;-0.5500649978485996;0.05064801743041811;2.448437746274036;4.217965482468088;1.137637950095177;2.8312010364427307;-0.9992862241256244;0.009074577530859104;0.0744366268991536;0.02107804226980281;1;53.70342018;86.84143234000001
25.0;0.8366600265340559;-0.5702472105438279;0.09062547469505665;2.756060379917554;4.217965482468088;0.9637500977687978;2.678450663984563;-0.9992862241256244;0.009120293576015;0.0744366268991536;0.017973574300686544;0;53.70342958;86.84189742
25.0;1.3038404810405173;-0.5702472105438279;0.1632137287719226;4.217965482468088;4.458024986606083;0.9495119891224585;2.009587240332047;-1.0054043030488429;0.006900754283953688;0.0774956663607627;0.017205114146545672;0;53.70346357999999;86.84246390000001
26.0;1.3038404810405173;-0.5723702355066635;0.18241816711655776;2.6659555202905305;4.458024986606083;0.856058182365667;1.7920694663155525;-1.0043846232283062;0.007231823483834961;0.0774956663607627;0.01583953710673118;0;53.70351496000001;86.843058
28.0;1.3038404810405173;-0.6702896515955736;0.14085748315697086;4.458024986606083;4.458024986606083;0.7940763533049294;1.7920694663155525;-0.9972468644845518;0.009901925878502011;0.0774956663607627;0.014874748672426599;0;53.70358188;86.84365740000001
27.0;0.8944271909998976;-0.790842494519103;0.09192668086935302;2.9639426112061287;4.458024986606083;1.3261896760209082;3.4178887155312663;-0.9972468644845518;0.011549871511893682;0.0774956663607627;0.025430741130498695;0;53.70367264;86.84426016
28.0;0.4472135954999221;-0.8307718920392104;0.07570944729845015;3.9785712537704034;4.458024986606083;1.5360765781152725;3.4178887155312663;-0.9972468644845518;0.011504772270881503;0.0774956663607627;0.029353675855030275;0;53.70378744;86.84485112
28.0;1.0954451150103177;-0.7373903229915636;0.10676525094322525;1.0401362710748168;3.9785712537704034;1.2675232404876209;2.9384349826955867;-0.9972468644845518;0.016451326011821803;0.0672988681553992;0.02369082937074201;0;53.70391026;86.84533234
28.0;2.1908902300206576;-0.6562736843060104;0.11707575836340907;1.3210107647414036;3.9785712537704034;1.2825833135435347;3.1419230186965814;-0.9972468644845518;0.015454121498588193;0.0672988681553992;0.023903826658165008;1;53.70404782000001;86.84578222
30.0;2.792848008753783;-0.6562736843060104;0.19145274186840378;1.4419969080441613;1.6414176939759744;0.32008624135441327;0.8047694589021526;-1.0054043030488429;0.013125778733581613;0.0224329560517997;0.005772684757711655;0;53.70419853999999;86.84624014
33.0;2.5099800796022205;-0.6562736843060104;0.34389320752143326;0.8366482350738218;2.7090468864251918;0.6922262484186444;1.87239865135137;-1.0054043030488429;0.013046324137094362;0.0397675130009177;0.01118166217980114;0;53.70435406;86.84670286000001
34.0;1.5165750888102991;-0.6562736843060104;0.48857911951954036;1.6414176939759744;2.7090468864251918;0.6844019500185702;1.87239865135137;-0.9768532680738248;0.02151741877602715;0.0397675130009177;0.012341917443571415;0;53.704515320000006;86.84718668000001
33.0;1.095445115010316;-0.6562736843060104;0.5337573494320925;2.7090468864251918;2.7090468864251918;0.6770634180533939;1.87239865135137;-0.9768532680738248;0.01732555743811077;0.0397675130009177;0.014176850242838683;1;53.70469084;86.847695
33.0;1.643167672515488;-1.159988821159334;0.359448281767179;1.9006280456379474;2.7090468864251918;0.3952659116851303;1.0676291924492174;-0.9768532680738248;0.014801171558406224;0.0397675130009177;0.014474425988149906;0;53.704867539999995;86.84821474
31.0;1.5165750888103007;-1.4895585562748297;0.23022247088177852;2.0146356498989837;2.7090468864251918;0.32113583873594953;0.8084188407872444;-0.9768532680738248;0.012920192360814849;0.0397675130009177;0.017205114146545533;0;53.705035900000006;86.84873126
30.0;2.167948338867875;-1.771416615047729;0.1259401844503866;2.028096413013023;2.081740315000231;0.12180370064627132;0.30443627360005454;-0.9768532680738248;0.014404218172480276;0.0101967982053635;0.006160419074944102;0;53.7051822;86.84924620000001
30.0;3.674234614174767;-1.7712100498507677;0.13415126279765882;2.081740315000231;3.812875537264007;0.8300286180182403;2.0355714958638305;-0.9778729478943612;0.01773334319627569;0.0601611094116447;0.026510694854448846;0;53.705302800000005;86.8497508
27.0;5.272570530585628;-1.717814528360008;0.14837579248953411;1.7773040414001766;3.812875537264007;0.8545555708360189;2.0355714958638305;-0.9829713469970428;0.01439338657437781;0.0601611094116447;0.028482670997172357;0;53.7053888;86.85021056
22.0;6.496152707564688;-1.717814528360008;0.1390770650265007;3.812875537264007;3.812875537264007;1.0587209155990442;2.0355714958638305;-0.9600285510349752;0.02356183099546548;0.0601611094116447;0.041847888417383225;0;53.705448579999995;86.85063898
18.0;5.357238094391555;-1.717814528360008;0.04313620842347223;1.8126391280659844;3.812875537264007;1.0761838602792293;2.0355714958638305;-0.9600285510349752;0.024624264854819857;0.0601611094116447;0.04847556150919;0;53.70547886000001;86.85102254
14.0;3.3466401061363116;-1.717814528360008;0.05205494809492825;3.8101680741874504;3.812875537264007;0.8832237519375022;2.0002364091980227;-0.9600285510349752;0.02432155475697404;0.0601611094116447;0.04851468993974048;0;53.70549178;86.85136314
15.0;3.3466401061363116;-1.6310057992017883;0.08188533561802769;3.644067768172112;4.268518841814053;0.9857842269071091;2.455879713748069;-0.9600285510349752;0.02272479504068034;-0.0101967982053635;0.023079479099892056;0;53.70548;86.85168416
20.0;3.646916505762101;-1.535632363955451;0.12544353396467584;2.6889750679444764;4.268518841814053;0.6157992085192748;1.579543773869577;-0.9600285510349752;0.02320303781129892;-0.0346691138982359;0.012998418256329098;0;53.70542450000001;86.85198194
22.0;2.774887385102328;-1.535632363955451;0.12581800316317834;4.268518841814053;4.268518841814053;0.6173793098532762;1.579543773869577;-0.9676761496889976;0.01843055409163829;-0.0346691138982359;0.013046324137095498;1;53.705327139999994;86.85225834
21.0;0.8366600265340888;-1.3726238828995487;0.1679557071189027;4.095213609384661;4.268518841814053;0.6437298308735834;1.579543773869577;-0.9676761496889976;0.012500958544937634;-0.0346691138982359;0.013969985682311116;0;53.70520380000001;86.85253436
21.0;1.5165750888103193;-1.3726238828995487;0.11610529084903179;3.5061708102673146;4.268518841814053;0.30046063965627423;0.7623480315467388;-0.9676761496889976;0.010042681555821952;-0.0530233506678902;0.006227564590436348;0;53.70506376000001;86.85280904
20.0;1.3038404810405437;-1.3726238828995487;0.10824476339850309;4.047363202844892;4.190086193981048;0.5987225083769154;1.4288451302483591;-0.9676761496889976;0.03226444843372834;-0.0418068726419904;0.0109491014137217;0;53.70493286;86.85308774
18.0;1.3038404810405468;-1.3726238828995487;0.21094689549746373;4.190086193981048;5.187729237955198;0.8956237531150218;2.426488174222509;-0.9850107066381156;0.03226444843372838;-0.0418068726419904;0.01722927016285895;0;53.704852259999996;86.85338602
19.0;1.8708286933869875;-1.3726238828995487;0.28051759663532205;2.761241063732689;5.396426998716639;1.0526785012955864;2.63518593498395;-0.9462628734577344;0.043251736242457775;-0.0418068726419904;0.018111878931713628;1;53.70483948;86.8536958
18.0;1.8708286933869918;-1.5415400204944285;0.22603195903690818;5.187729237955198;5.726984374328819;1.2026118741160616;2.9657433105961304;-0.9462628734577344;0.04460093988625983;-0.0418068726419904;0.02189820282744337;1;53.704889519999995;86.85400184
15.0;1.9493588689618153;-1.5650172146969608;0.17684339575010055;5.396426998716639;5.726984374328819;1.1981383373794827;2.9657433105961304;-0.9462628734577344;0.04393151788138499;-0.0418068726419904;0.021762461476917464;1;53.70498922;86.85428074000001
15.0;1.3416407864999107;-1.751849326749061;0.10768964030991614;5.726984374328819;5.726984374328819;0.5543703792761038;1.4795958111198884;-0.9462628734577344;0.04195335044967458;-0.0652595085143265;0.01188266106410277;1;53.705122419999995;86.85451634
15.0;1.788854381999865;-1.7515172248105288;0.11670940641892176;5.2976192071089;5.726984374328819;0.5668054914212504;1.4795958111198884;-0.9462628734577344;0.03384200423223403;-0.0652595085143265;0.012013195860118628;0;53.70526734;86.85471246
15.0;1.7320508075689125;-1.7515172248105288;0.081356683895515;4.247388563208931;5.726984374328819;0.5778797448898352;1.4795958111198884;-0.9646171102273886;0.03397309357066029;-0.0652595085143265;0.012950335163337446;0;53.705404599999994;86.85487020000001
11.0;1.6431676725155364;-1.7515172248105288;0.21395624776739885;4.902274450611284;5.615915113407862;0.5507026455891344;1.368526550198931;-0.9646171102273886;0.027611491106456273;-0.0652595085143265;0.010996479832399434;1;53.70554634;86.85499146
14.0;2.167948338867907;-1.7515172248105288;0.3641507602689267;5.477033024415118;5.615915113407862;0.5405851789044297;1.368526550198931;-0.9646171102273886;0.028335359258266805;-0.0652595085143265;0.01123962867597034;1;53.70570244;86.85509124000001
14.0;2.7748873851023412;-1.7515172248105288;0.3554328221672052;5.615915113407862;5.615915113407862;0.7378643425370167;1.8692465592792984;-0.8687672070969715;0.06002528682762169;-0.0428265524625267;0.019674800746769576;0;53.70586814000001;86.85517502
17.0;2.3021728866442865;-1.920067486752869;0.25389411291067887;5.02986735647182;5.615915113407862;0.8862848129912754;1.8692465592792984;-0.8687672070969715;0.0604903084684704;-0.0428265524625267;0.021838771021530194;0;53.706056839999995;86.85522548000002
18.0;2.0736441353327897;-2.261998769660317;0.1229987011520199;3.7466685541285636;5.615915113407862;0.7871658046947005;1.8692465592792984;-0.8687672070969715;0.062317371634944545;-0.0428265524625267;0.01793013532402016;1;53.7062682;86.85524228
19.0;1.8708286933869835;-2.350136076434832;0.12054073352957963;3.8675880921278116;5.02986735647182;0.5626827567589547;1.2831988023432568;-0.8687672070969715;0.06200122880469007;-0.0428265524625267;0.012946320177916878;1;53.70648301999999;86.85523182
19.0;1.643167672515512;-2.350136076434832;0.17252262554792397;4.515688669721005;4.7829891543628005;0.5216547328416287;1.2029650160610106;-0.8687672070969715;0.06231904008306831;-0.037728153359845;0.01440963091827429;1;53.706706540000006;86.85520446
22.0;2.8809720581775964;-2.350136076434832;0.2148908556067833;4.7829891543628005;4.7829891543628005;0.7006977820789537;1.7312223955467272;-0.9523809523809524;0.03245882885538667;-0.0193739165901906;0.02124999045840844;1;53.70693546;86.85515178
18.0;2.915475947422661;-2.419436969164249;0.3326432902555231;3.58002413830179;4.7829891543628005;0.7187789620992664;1.7312223955467272;-0.9523809523809524;0.03652105379127931;-0.0193739165901906;0.02118628689619269;1;53.70714546000001;86.85509554
14.0;2.863564212655282;-2.6423131217447384;0.382428223975229;3.0517667588160733;4.7829891543628005;0.6814895090243236;1.7312223955467272;-0.9330070357907616;0.03897925343274973;0.0173345569491179;0.03280771294331021;1;53.70733454;86.85506446
17.0;1.7320508075688987;-2.770249271851079;0.4264134962305958;4.358862796695462;4.460381442983987;0.5843810588270308;1.408614684167914;-0.9330070357907616;0.04186527690944755;0.0173345569491179;0.027221822892281256;0;53.707520360000004;86.85507108
18.0;1.7320508075688987;-2.8429568703531576;0.3881929162215352;3.6856786154563004;4.460381442983987;0.5686134238167097;1.408614684167914;-0.9330070357907616;0.06198865019410332;0.0214132762312633;0.03339042736940365;1;53.7076919;86.85509926
18.0;0.8944271909999534;-3.3197960862586324;0.2147327473187521;4.460381442983987;4.460381442983987;0.33630944788510325;0.7747028275276868;-0.9330070357907616;0.06282998641941774;0.0214132762312633;0.033520956343416834;1;53.70785572;86.85515044
18.0;1.7888543819998526;-3.5286883373599025;0.12413364682796073;3.957529327141752;4.460381442983987;0.29374408565498106;0.7747028275276868;-0.9330070357907616;0.062110973733781334;0.0254919955134087;0.02835370048567697;1;53.708021099999996;86.85522878
16.0;2.607680962081077;-3.514010329497559;0.129383347935345;3.8315654847632787;4.460381442983987;0.3324132300485755;0.91754635112849;-0.9901091057407974;0.047556887367414424;0.0254919955134087;0.02746897070791056;1;53.70818474;86.85532586000001
14.0;2.86356421265529;-3.1930330718355835;0.2554620061511957;3.9026204946043266;3.957529327141752;0.26968450656086934;0.634613793385161;-0.9534006322014889;0.06055129744158418;0.0254919955134087;0.018489694229253756;1;53.7083313;86.85542634
12.0;2.000000000000032;-2.860789311787194;0.3785675303328792;3.542835091855497;3.9026204946043266;0.3191483336727228;0.7427523135673693;-0.9534006322014889;0.04024184207335782;0.0254919955134087;0.018612997588016243;1;53.70846178000001;86.85553634
11.0;2.588435821108987;-2.774455940351328;0.37893679910910766;3.322915533756591;3.9026204946043266;0.4176670777659424;1.1170553575728621;-0.9534006322014889;0.0407961140442315;0.0254919955134087;0.019084636538957016;1;53.708568160000006;86.85567344
12.0;3.209361307176271;-2.377997792786303;0.4309747485518258;3.1598681810369573;3.8040075013888557;0.38572785292867623;1.0184423643573912;-0.9534006322014889;0.04066209018579402;0.0040787192821454;0.021053363602787572;1;53.70863856;86.85582064
7.0;4.15932686861711;-2.0148448789577054;0.45608298622545607;2.7855651370314645;5.69761238991068;1.1463880659889516;2.9120472528792156;-0.9534006322014889;0.021149447558817067;0.0040787192821454;0.038047860118044965;1;53.70867697999999;86.85594097999999
5.0;4.393176527297786;-1.2796795445667968;0.644331698898886;3.8040075013888557;5.69761238991068;1.221260308051508;2.9120472528792156;-0.9839910268175792;0.008333972363291826;0.0040787192821454;0.04087250179189444;1;53.70869114;86.85603705999999
2.0;2.6832815729997983;-0.8663146668501156;0.7830509800125887;5.69761238991068;5.69761238991068;1.111059047238973;2.9120472528792156;-0.9839910268175792;0.008930206605816216;0.0040787192821454;0.038684722637929526;1;53.70868498;86.85610258
1.0;1.7320508075689605;-0.1826044804085272;0.8803896613184523;4.94652716079706;5.69761238991068;0.8846304128606531;2.1457856009212923;-1.0003059039461608;0.002163067547219112;-0.0520036708473539;0.016632037530970856;1;53.708667739999996;86.85613654
1.0;0.4472135955002924;0.5675437793322845;0.9939375251685394;4.123855301470479;5.69761238991068;0.8137533300256097;2.1457856009212923;-1.0003059039461608;0.002089721783613801;-0.0622004690527174;0.01208653980945194;1;53.70865404999999;86.85613821
1.0;0.8944271910000815;1.1309100163860206;0.9928585150526896;3.5518267889893878;4.94652716079706;0.5299781796350831;1.394700371807672;-0.9962271846640156;0.0036409852291933837;-0.0622004690527174;0.008318362736621805;1;53.708639170000005;86.85613869000001
1.0;1.7888543819999114;1.5529585681810367;0.978058529115595;4.565370103308508;4.565370103308508;1.0505198218082337;2.5355593465490798;-0.9962271846640156;0.011556621218234095;0.023452635872336;0.043312993401089656;1;53.708618490000006;86.85614361
3.0;1.6733200530682346;2.2133984082896303;0.9171804578989828;4.53231276965272;4.565370103308508;1.1651359192408288;2.5355593465490798;-0.9901091057407974;0.013914053311647048;0.023452635872336;0.044290975885872545;1;53.708589630000006;86.85615059
5.0;1.4832396974192257;2.609064772879197;0.8187798789290178;2.0298107567594283;4.565370103308508;1.164481365707436;2.5355593465490798;-0.9839910268175792;0.016600750750951104;0.040787192821454;0.05545127243844337;1;53.70855409000001;86.85614065
3.0;1.2247448713917006;2.736451198911495;0.6896074742919516;2.454968815974664;4.53231276965272;0.9761945194442914;2.502502012893292;-0.9758335882532884;0.01952893177505663;0.040787192821454;0.046434073933173656;1;53.70851421;86.85611100999999
2.0;1.2247448713917006;2.736451198911495;0.4890930661077862;3.5251441251566766;4.813087414237908;1.077043761373324;2.78327665747848;-0.9758335882532884;0.029320006258918077;0.0734169470786173;0.0430167132952668;1;53.708482890000006;86.85607456999999
2.0;0.8366600265342458;2.736451198911495;0.21372178378482248;3.306011164280313;4.813087414237908;0.92981686552659;2.3581185982632444;-0.9758335882532884;0.026409510501771424;0.0734169470786173;0.042933243167340165;1;53.708468229999994;86.85603431
3.0;0.8366600265342492;2.736451198911495;0.19455274734098177;4.813087414237908;4.813087414237908;0.9163243442802822;2.301047572137405;-0.9758335882532884;0.02598083353391003;0.0734169470786173;0.038259060849381306;1;53.70846265;86.85599801000001
1.0;1.0000000000001439;2.736451198911495;0.2594348302676296;2.654353486890673;4.813087414237908;1.0132189578411226;2.4798108111576145;-0.9758335882532884;0.024258952285857623;0.0734169470786173;0.03716519632226639;1;53.70846071;86.85597047
1.0;1.095445115010465;2.644042485278685;0.2749585152118165;2.5120398421005032;4.813087414237908;1.0269606068449662;2.4798108111576145;-0.9972468644845518;0.019352437740360825;0.0734169470786173;0.02365019797890195;1;53.70845998;86.85595438
3.0;1.7888543819999114;2.3837329602075785;0.2768163737701319;2.333276603080294;3.8033653120612287;0.5817390738612858;1.470088708980935;-0.9890894259202612;0.005229277620048585;0.0591414295911083;0.01751506019365901;1;53.70846274;86.85595202
1.0;2.0000000000000684;2.2689597277778693;0.33002535833733604;2.639920078481847;3.8033653120612287;0.8221660583284631;2.291115311515467;-0.9890894259202612;0.007444361067988878;0.0591414295911083;0.01980516426996558;1;53.70846532;86.85595971999999
5.0;1.6733200530682313;2.1115189168098927;0.3746437977848017;3.8033653120612287;3.8033653120612287;0.8229099228395079;2.291115311515467;-0.9890894259202612;0.011067167167300643;0.0591414295911083;0.01975391164388269;1;53.70847732;86.85597684
5.0;1.7888543819999074;1.917054723273869;0.41052806473976805;1.5122500005457615;3.8033653120612287;0.9409683487700224;2.291115311515467;-0.9890894259202612;0.011132737076745891;0.0591414295911083;0.03127609179187253;1;53.708498320000004;86.85600808
3.0;1.7888543819999074;1.6912113431400797;0.43761034546954813;2.473520813752657;3.8033653120612287;1.0266614749473277;2.435901205899439;-0.9890894259202612;0.011891407963383626;0.0591414295911083;0.03624097584326213;1;53.70852358;86.85605382
2.0;1.6733200530682355;1.439632972378798;0.4558558151050444;1.5507260333761237;2.473520813752657;0.4943247133499281;1.1060567075908676;-0.9931681452024064;0.01159031078893283;0.0397675130009177;0.030595492590397497;1;53.70854555999999;86.85609115999999
1.0;0.89442719100008;1.1679638069603024;0.4652464472169987;1.3674641061617894;2.473520813752657;0.9674035547956029;2.466121942224088;-0.9931681452024064;0.011803647295595306;0.0397675130009177;0.030839204314206264;1;53.70856156;86.85611227999999
1.0;0.4472135955002924;0.8818480428548732;0.46577430342693116;2.24281021375112;2.24281021375112;0.8534246358613039;2.235411342222551;-0.9931681452024064;0.01141176164249979;0.0397675130009177;0.025583856107049288;1;53.708567689999995;86.85612865
1.0;0.0;0.5869298760327828;0.4574389614623518;0.007398871528568892;2.24281021375112;0.8573329798643743;2.235411342222551;-0.9931681452024064;0.011386678311527199;0.0397675130009177;0.023200517066269494;1;53.708566989999994;86.85613307000001
1.0;1.341640786499983;0.2888535024643155;0.44024738512262085;0.6937057442389588;2.24281021375112;0.864048900034994;2.235411342222551;-0.9997960640358926;0.009103176963664972;0.0397675130009177;0.022954406044635393;1;53.70857089;86.85614209
1.0;1.341640786499983;0.2888535024643155;0.44024738512262085;0.5708458485999763;2.24281021375112;0.864048900034994;2.235411342222551;-0.9997960640358926;0.009103176963664972;0.0397675130009177;0.022954406044635393;1;53.70857089;86.85614209
4.0;1.341640786499983;0.2888535024643155;0.44024738512262085;1.4233949313719303;2.24281021375112;0.864048900034994;2.235411342222551;-0.9997960640358926;0.009103176963664972;0.0397675130009177;0.022954406044635393;1;53.70857089;86.85614209
