acc_X_std;acc_X_kurt;acc_X_var;acc_X_iqr;acc_Y_std;acc_Y_kurt;acc_Y_var;acc_Y_iqr;acc_Z_std;acc_Z_kurt;acc_Z_var;acc_Z_iqr;acc_Z_range;acc_std;acc_var;acc_iqr;acc_kurt;acc_cv;acc_skew;hole
0.03420471988270857;3.0851628339209483;0.0011699628622545586;0.0249821556031406;0.02188893077902763;-0.07597616509163459;0.0004791252906490632;0.02192311614153153;0.02788693594992267;-1.5283541055549854;0.0007776811966750894;0.0412970327317222;0.07545630671969;0.014765065648734033;0.00021800716361142572;0.018413627159623504;-0.41650817482241465;0.23545037823315867;-0.9746031892990713;1
0.03420471988270857;3.0851628339209483;0.0011699628622545586;0.0249821556031406;0.02188893077902763;-0.07597616509163459;0.0004791252906490632;0.02192311614153153;0.02788693594992267;-1.5283541055549854;0.0007776811966750894;0.0412970327317222;0.07545630671969;0.014765065648734033;0.00021800716361142572;0.018413627159623504;-0.41650817482241465;0.23545037823315867;-0.9746031892990713;1
0.03420471988270857;3.0851628339209483;0.0011699628622545586;0.0249821556031406;0.02188893077902763;-0.07597616509163459;0.0004791252906490632;0.02192311614153153;0.02788693594992267;-1.5283541055549854;0.0007776811966750894;0.0412970327317222;0.07545630671969;0.014765065648734033;0.00021800716361142572;0.018413627159623504;-0.41650817482241465;0.23545037823315867;-0.9746031892990713;1
0.03420471988270857;3.0851628339209483;0.0011699628622545586;0.0249821556031406;0.02188893077902763;-0.07597616509163459;0.0004791252906490632;0.02192311614153153;0.02788693594992267;-1.5283541055549854;0.0007776811966750894;0.0412970327317222;0.07545630671969;0.014765065648734033;0.00021800716361142572;0.018413627159623504;-0.41650817482241465;0.23545037823315867;-0.9746031892990713;1
0.03261742320909359;3.673175547541946;0.001063896296801117;0.0249821556031406;0.02255998738668303;-0.5242644437043544;0.0005089530308872974;0.024599775670439417;0.027674851364776168;-1.2394177096297008;0.0007658973980624534;0.037218313449576795;0.07545630671969;0.015461328204213315;0.00023905266983840213;0.021138022381613046;-0.6125946296493232;0.24342112364817028;-0.9218759916696441;1
0.04896220455726438;2.0046036291096967;0.0023972974751074014;0.026256755378811048;0.021021164418007745;0.8627826338798762;0.00044188935348891484;0.021030896298562307;0.021366909793332188;-0.4366160804511431;0.000456544834116395;0.025364535535841747;0.0632201488732538;0.028389525090606025;0.0008059651348701491;0.011791112106584456;3.280265918708378;0.3759681871576041;1.2326509135324937;1
0.036231787106283005;0.3908051734862369;0.0013127423969150152;0.03339451412256555;0.020999071598763068;1.6167664182117363;0.00044096100800997774;0.018481696747221388;0.019806648554815606;-0.9181862858737013;0.0003923033269739791;0.025364535535841747;0.05710206995003571;0.02373624433129267;0.0005634092949548234;0.015495295593020958;2.7368280927340494;0.28241725438281073;1.648903703283554;1
0.03519091489236631;-1.7789166169375719;0.001238400490961769;0.0535331905781585;0.020793228222312287;1.6704816934149307;0.0004323583399051642;0.018481696747221388;0.02567602681290469;1.0002561739542828;0.0006592583528970006;0.025364535535841747;0.078515346181299;0.03295441259897018;0.0010859933097431647;0.0416641880398379;-0.876874038486342;0.3490940003023017;0.885241205282428;1
0.055561189584255814;0.6796723172096655;0.0030870457880176165;0.0650045885591924;0.020781319070655693;2.2495680871094335;0.000431863222316398;0.014402977465075961;0.028823245195247114;-1.2344267731605818;0.0008307794635853358;0.04014989293361885;0.078515346181299;0.05349320980343031;0.0028615234950738126;0.06240475525050479;0.8300123090053383;0.46468923014393204;1.1181851977436466;1
0.06302827615860986;-1.2119166929842493;0.003972563595525987;0.08539818496991938;0.02029404084431004;5.052466892211465;0.00041184809379052415;0.005735698990517013;0.03552484349664311;-1.0071398370748745;0.0012620145054609863;0.0453757520138676;0.098908942592026;0.0592535656763134;0.0035109850453571858;0.08740244226465238;-1.476149968795974;0.4454183212252489;0.3138663946466205;1
0.05311699541243408;-1.24963203728597;0.0028214152016445434;0.07647598654022635;0.007352805329147543;2.7854540522323985;5.4063746208340514e-05;0.005735698990517013;0.03612585442233759;-1.1659641313922002;0.001305077357743928;0.048944631385744855;0.098908942592026;0.05077231591480936;0.0025778280633532036;0.06948727578924614;-1.2148424629374168;0.34317815572283444;-0.05996916517798991;1
0.05106695459678909;-1.5055468107459091;0.0026078338517905183;0.07647598654022635;0.007349648218411115;3.0964370598203486;5.401732893439368e-05;0.005608239012950045;0.03642187643651357;-1.3453376247976565;0.0013265530831566624;0.05149383093708576;0.098908942592026;0.04857589565349033;0.002359617638538781;0.06948727578924614;-1.3843862353161256;0.3252462156881132;0.0713553642526936;1
0.056957519054755656;-2.0593525691772276;0.003244158976872854;0.09737942286122155;0.01562822787581409;2.538318080153664;0.0002442415065383726;0.012236157846436335;0.041364566518437916;-2.0274506248732203;0.0017110273632582752;0.06984806770674006;0.1019679820536351;0.04902205596510261;0.0024031619710456523;0.0726964752844472;-1.4956707578850534;0.33026111789457785;0.13134407842561838;1
0.06952043111734409;-1.714987647651806;0.004833090342741384;0.11114510043846229;0.018475228434187956;-1.5254516547101453;0.0003413340656954271;0.02753135515448152;0.03953338058779473;-0.5380631004539638;0.001562888180699425;0.050474151116549404;0.1019679820536351;0.049822447034129455;0.002482276228468635;0.07494063977600315;-1.5272194248573308;0.33710955352254335;0.10722598307692364;0
0.07688720387795346;-2.257236052519519;0.005911642120169982;0.13026409707351888;0.018461824073115342;-0.9632409538526886;0.0003408389481066611;0.02243295605179979;0.03730783517626794;-0.3216920663957872;0.0013918745655395759;0.044356072193331306;0.1019679820536351;0.05675676310465323;0.0032213301581177265;0.09413512654611185;-1.9289508122068661;0.4123743037985911;0.36099790697723455;0
0.06897049281866428;-0.49702404227694075;0.004756928879649422;0.08131946568777404;0.01938030450839328;-1.0093528888778898;0.00037559620283804883;0.02345263587233609;0.03649881346474665;-0.2125348434948215;0.0013321633843343713;0.039767513000917756;0.1019679820536351;0.04889750607409199;0.002390966100265863;0.06273400638228765;-0.3465576377706981;0.4132558817082005;1.029083438254268;0
0.04909020987918703;3.8417786387012867;0.0024098487059826318;0.0390027531355155;0.022841955149282504;-1.049100730301722;0.0005217549150418335;0.029060874885286025;0.02433028132038108;1.8340979767343497;0.0005919625891288846;0.019373916590190707;0.0764759865402264;0.03513347131960076;0.0012343608069652094;0.031762516129192814;1.4765834416205181;0.355655942101065;1.4125659557926753;0
0.019346744407458923;-0.9252290935411814;0.0003742965191675431;0.022687876006933852;0.02375156796172037;-1.2675241341234185;0.0005641369806402216;0.03313959416743145;0.013545869421958807;-0.018286881238397966;0.0001834905783967586;0.014275517487508951;0.0397675130009177;0.019127903351316176;0.00036587668661729254;0.012568029359084118;3.2089594841265354;0.2209209075247464;1.5749569473756488;0
0.016480568292914857;1.8094805296831282;0.00027160913125743046;0.014020597532374848;0.024723919088420573;-1.3404047333421558;0.0006112721750907672;0.03466911389823618;0.012400948474644423;0.2994182375138159;0.00015378352307078582;0.013255837666972595;0.035688793718772295;0.019375382235314986;0.00037540543676455957;0.009571805076770856;3.6196897077822228;0.2269989912341142;1.764071532211637;0
0.012322345009570369;0.508522007972583;0.0001518401865348838;0.01147139798103395;0.021428300255078272;2.287737739159988;0.00045917205182178757;0.01631487712858154;0.007960844889964609;-0.10334912110010705;6.337505136207563e-05;0.00815743856429084;0.0234526358723361;0.008246312092937318;6.800166313412425e-05;0.004727747401049892;2.158959619327523;0.10571994906494349;0.5699436278801481;0
0.011788432008836551;2.0513791187352837;0.00013896712922696218;0.006882838788620352;0.014019604302563897;-0.8936822939044127;0.00019654930480046814;0.01631487712858154;0.006548067133678034;-0.9642869715329709;4.287718318715447e-05;0.00815743856429084;0.017334556949118;0.005922587169976303;3.507703878596791e-05;0.004727747401049892;1.8378053332465996;0.07717426893504829;-1.0701126525623175;0
0.017130201893790397;-0.2191529279841916;0.00029344381692202005;0.017844396859386154;0.012852377428014174;0.19152781705670918;0.00016518360555212822;0.012745997756704264;0.007730504056274892;-2.3209610604887856;5.976069296408256e-05;0.013255837666972595;0.018354236769654406;0.010068755657941615;0.00010137984049933127;0.009945683625688179;0.775954587357127;0.1364513305884402;-1.1958043435348042;0
0.017872814281255377;-1.2563935203661984;0.0003194374903322462;0.02523707555827465;0.012984603071122935;0.36815224525508583;0.00016859991691461513;0.012236157846435947;0.007929686864770242;-2.39645557690653;6.28799337733097e-05;0.013255837666972595;0.018354236769654406;0.010984956671747769;0.00012066927308017582;0.01667152778639426;-1.6042927132919247;0.15451517139996038;-0.35584238706861254;0
0.017841622004669933;-1.1389219316977197;0.0003183234757575223;0.02523707555827465;0.012150378061211392;0.8983002809024085;0.0001476316870303671;0.009177118384827043;0.007305728989566914;-2.0812278630386047;5.3373676068998404e-05;0.012236157846436245;0.018354236769654406;0.010811181558997929;0.0001168816467016169;0.015396894100160916;-1.2714330559199354;0.15129581111486157;-0.48824448178209284;0
0.02480364364082788;-0.713065627249113;0.0006152207378611814;0.033139594167431397;0.012109560349279203;0.6278549736539922;0.00014664145185283505;0.01121647802590009;0.0072513093939627574;-1.1095789843206583;5.258148792697254e-05;0.010196798205363553;0.018354236769654406;0.01244051339273214;0.00015476637347474774;0.01724800920564515;-1.236512545757644;0.17106546137382161;-0.14524857396743276;0
0.022787429630352993;2.3090604815694986;0.0005192669491582896;0.018609156724788346;0.012207293568965752;0.4916585140158318;0.0001490180162789126;0.011981237891302232;0.008199060349499408;-1.3082133463164474;6.722459061473335e-05;0.011726317936168101;0.021923116141531605;0.013398024289087141;0.000179507054850969;0.020509890593262733;-1.4789562704815502;0.19226188093567592;0.4664803254125044;0
0.02240949335317189;2.4178660159611454;0.0005021853923458551;0.016059957173447444;0.01500886821012527;1.463134883608916;0.0002252661249489089;0.011981237891302232;0.007449181415496198;0.4653172375754309;5.549030376097395e-05;0.008667278474559004;0.021923116141531605;0.013364248279631346;0.0001786031320796294;0.020159816755510165;-1.4125720204633758;0.19205284892661562;0.49845101866453345;0
0.028904991837107808;-0.9238440404764902;0.000835498553103269;0.0323748343020291;0.014887142461583317;1.4766639519240825;0.000221627010671477;0.011981237891302232;0.008391549264723111;1.5117201412031378;7.0418099062275e-05;0.008667278474559004;0.024982155603140606;0.01935309654553606;0.00037454234590083977;0.02274130273813428;0.43006466380616787;0.265194512155463;1.1320496005494716;0
0.026044168611610484;-0.880029790407184;0.0006782987186699968;0.028805954930151898;0.014232532575194683;2.25555119841446;0.0002025649835039778;0.0068828387886203934;0.009845387038644317;-1.2887847562434351;9.693164594070553e-05;0.013765677577240745;0.024982155603140606;0.01783882068523392;0.0003182235234399296;0.021387113984985273;0.16302537214471471;0.23253991403774169;0.8027057049874343;0
0.025883986230461585;-0.877733960844143;0.0006699807431787249;0.028805954930151898;0.014130412082090722;2.64408891507086;0.00019966854560969543;0.004588559192413633;0.010124313251491459;-1.6503413746027036;0.00010250171881432557;0.0158050372183135;0.024982155603140606;0.01634251775286276;0.0002670778865026345;0.014775820763736972;0.9345679146204035;0.20740825658763612;0.7576308653082584;0
0.02656508003391307;-2.2713175565798824;0.0007057034772082069;0.04435607219333131;0.014295879221054391;2.543342901679284;0.00020437216270297468;0.007137758743754663;0.010124313251491459;-1.4945845233392838;0.00010250171881432555;0.0158050372183135;0.024982155603140606;0.01607323498106509;0.00025834888275653447;0.015996376651782163;0.5687398991190165;0.19609091206686186;0.10905102551755905;0
0.023128446616731985;-0.2818310908300809;0.0005349250429030212;0.0257469154685429;0.014295879221054391;2.543342901679284;0.00020437216270297468;0.007137758743754663;0.008917862002496625;1.6035474220564694;7.952826269557311e-05;0.009432038339961299;0.024982155603140606;0.015759727611596556;0.00024836901439171885;0.012054793746680212;1.2631190179500393;0.1959013665269219;0.4965128075819969;0
0.022511446644805894;-0.5405181992287048;0.0005067652300419425;0.0272764351993474;0.014217740100083651;2.8793789107218104;0.00020214413355352666;0.005863158968084203;0.005138301803218485;-1.4674686115983213;2.6402145420958338e-05;0.00790251860915675;0.013255837666972609;0.012157810636159729;0.00014781235946471864;0.009590299052609955;2.7068391325023455;0.14569328921936053;1.6745352434926355;0
0.02486196242768185;-0.7679134133019602;0.000618117175755464;0.030845314571224653;0.010427856943436686;-0.984352756305477;0.0001087402004327807;0.013510757622106906;0.006495875345371102;0.8526198618238752;4.2196396502600136e-05;0.006882838788620352;0.019373916590190693;0.011319729953678265;0.00012813628622420094;0.010605259169769343;2.3369393115654447;0.13235938259439095;1.4822576159237515;0
0.027634792325123936;0.42066969057000775;0.0007636817468527289;0.028805954930151957;0.008763852803268642;2.163886657909457;7.680511595735962e-05;0.008412358519425123;0.011861704801066231;1.4900496157742296;0.00014070004078763768;0.011471397981033957;0.03364943407769959;0.00983287002024286;9.668533283499084e-05;0.010605259169769343;1.1657284925360059;0.11586850470396959;1.165454890278775;0
0.028644742031358743;0.06420157082128881;0.0008205212460430901;0.03313959416743145;0.008891451005670872;2.019086841424168;7.905790098624556e-05;0.008922198429693218;0.01554444470727821;-1.49749399454193;0.00024162976125762954;0.023197715917202003;0.03772815335984499;0.014050701084697277;0.00019742220097151327;0.018410375547634583;-0.6727709553858027;0.15740431296004134;0.7699896509851426;0
0.028527831298483693;1.2104092213801665;0.0008138371585947457;0.02217803609666565;0.009249665904171981;1.648186728395018;8.555631933880168e-05;0.009177118384827265;0.027355677684915272;1.2440301383780734;0.0007483331016009713;0.03237483430202914;0.0764759865402264;0.02469969655479363;0.0006100750098988844;0.024596613167955833;2.059969296844315;0.24752256628007693;1.4396022495500673;0
0.03441630697133456;-1.1924207973099166;0.001184482185545132;0.049964311206281156;0.012120288304612845;-1.4135717360122164;0.0001469013885869349;0.018354236769654364;0.0325165128943779;-1.2560217491588062;0.0010573236108102444;0.044865912103599456;0.08259406546344449;0.0318721954575801;0.0010158368432861894;0.04703147605698685;-1.303639429894094;0.292023971399418;0.6682926076190454;0
0.03682159699249067;-2.4233632240580496;0.0013558300050773983;0.0683185479759354;0.014891714743721942;-2.1702594245348648;0.00022176316800838545;0.026001835423676956;0.030172383241375424;-1.167620587669107;0.0009103727104644325;0.04129703273172225;0.08259406546344449;0.029692986053351605;0.0008816734207645329;0.04468218844270236;-1.5970496782070391;0.25425884326542597;0.07847436680923033;0
0.03484912560660491;-1.6740953989582479;0.001214461555544926;0.053278270623024204;0.014165407893429178;-1.9396849085380445;0.00020065878078722563;0.02319771591720199;0.023968673642593426;-1.521671505337134;0.0005744973161851528;0.033904354032833706;0.06322014887325379;0.025244176460934784;0.0006372684451908139;0.03595012954814816;-1.4340777021875426;0.20923833764633146;0.29616587671163797;0
0.04030070228134404;-0.8756148865258424;0.0016241466043695285;0.0428265524625267;0.01353535687683249;-0.8319770747197488;0.00018320588578321658;0.017079636993983904;0.02045087296842206;-1.5478524505391114;0.00041823820517053614;0.031864994391761006;0.0489446313857449;0.020641399779112456;0.0004260673848411438;0.03145683024515972;-1.5253233793428862;0.16347495678943783;0.3229130262911484;0
0.04381333159514083;-1.0528666674400626;0.0019196080254657657;0.05480779035382885;0.013555460712600642;-0.9815619431555284;0.0001837505151308595;0.018099316814520316;0.019301906838622263;-1.397965112417974;0.0003725636076068528;0.027531355154481504;0.04843479147547669;0.018074222763288787;0.0003266775284969865;0.021362679996852096;-0.8463591861148579;0.13966061472248925;0.21976762774025774;0
0.03448206071977638;2.444028503867797;0.0011890125114823451;0.0277862751096156;0.013555460712600642;-0.9815619431555284;0.0001837505151308595;0.018099316814520316;0.019301906838622263;-1.397965112417974;0.0003725636076068528;0.027531355154481504;0.04843479147547669;0.019321781690576488;0.0003733312476982968;0.02484122553905116;-1.0744691912928004;0.1504560346099747;0.10652034764585876;0
0.017923990220112408;-1.2754557833352222;0.00032126942541068525;0.02676659528907925;0.016014322746878105;-0.43598728187978963;0.00025645853304117754;0.018099316814520316;0.025404200420738206;1.6240530736088927;0.0006453733990170353;0.015550117263179355;0.08361374528398079;0.02232767575937657;0.0004985251048158521;0.02436008979908577;-0.013067160958073743;0.1864163698964204;0.20604989210111255;1
0.023234437479128497;-1.019431837379417;0.0005398390849715311;0.03084531457122465;0.017901186591653927;0.15940605966613858;0.00032045248138921033;0.01835423676965442;0.028451799234723903;0.07570399017267135;0.0008095048796930357;0.02676659528907921;0.0805547058223718;0.016878705612772507;0.0002848907031626381;0.02494316574020561;-1.6892805111108196;0.15148919123093282;-0.06403285678495572;0
0.023036479973714667;-0.11555343290012488;0.0005306794095793569;0.023197715917202044;0.022617318912141898;1.919646568251632;0.0005115431147735315;0.01835423676965442;0.024897783015260914;0.03684205210314602;0.0006198995990750149;0.03008055470582234;0.0652595085143265;0.014869270022917476;0.00022109519101443228;0.02133176036966737;-1.3788322538321673;0.13560811435889905;-0.1842820392441095;0
0.032095627073594785;0.006007970904783377;0.0010301292772472706;0.03110023452635874;0.022716704973021595;1.469618127039125;0.000516048684831304;0.019883756500458927;0.02839191691785301;-0.360330030266212;0.0008061009462702679;0.033139594167431397;0.0805547058223718;0.015838313107346066;0.0002508521620863302;0.02422846978523789;-1.3338618197097283;0.1406683168078534;-0.6929329948525886;0
0.04541910452281848;-0.8593708856446242;0.00206289505565471;0.06118078923218105;0.02334233339873067;0.39811457505740366;0.0005448645284974973;0.024472315692872504;0.032824912744332295;-0.7356746406666972;0.0010774748966730285;0.040787192821454044;0.092790863668808;0.019420411876081595;0.0003771523974366511;0.02422846978523789;-0.6896598927249364;0.16876955723552267;0.009992659019475488;0
0.04819576526788397;-1.92498142898178;0.0023228317897569704;0.0780055062710308;0.02326105928248831;0.7824640057602238;0.0005410768789434356;0.02345263587233609;0.03484077772349693;-1.1569028361391773;0.00121387979237812;0.050474151116549404;0.092790863668808;0.020002493485803324;0.0004000997456496044;0.02695925061386041;-1.0713659412003111;0.17265734797728582;-0.07292068280058667;1
0.04899682674000896;-2.078676530107855;0.002400689030590457;0.0780055062710308;0.023008522417759747;0.7602269807067664;0.0005293921038485529;0.020903436320995172;0.03711423774923145;-1.3490400772205333;0.001377466643706477;0.054043030488426624;0.092790863668808;0.0202632930607707;0.0004106010456666779;0.023139558759581763;-0.6174196470126937;0.1692195625939659;-0.7248502801759792;0
0.046334563282596046;-0.9387888780839007;0.0021468917545888976;0.055572550219231104;0.020819181423525308;2.1397768102859374;0.0004334383151456612;0.010451718160497503;0.03327583170285538;2.1471156182376334;0.001107280975516755;0.028041195064749683;0.092790863668808;0.014745556980225732;0.0002174314506570838;0.012858729737176;1.4184542288503068;0.11885140912711954;-0.7415557856109478;0
0.034843619780580114;2.32049245502152;0.001214077839413634;0.0254919955134087;0.016538299004860653;3.505182076117747;0.00027351533397417487;0.010451718160497503;0.018836169040170138;-0.7603609908065394;0.00035480126410986404;0.02345263587233609;0.0499643112062812;0.01466285215759596;0.00021499923339551646;0.012858729737176;1.3803006031153486;0.11814752891937784;-0.7222917698687992;0
0.021016526852416458;-0.27395064055401475;0.00044169440093834206;0.0254919955134087;0.007030299659231249;0.7902611312848243;4.942511329858701e-05;0.005863158968083926;0.01911146894492497;-0.660480848911915;0.0003652482452328316;0.02345263587233609;0.050983991026817596;0.01992322808774357;0.00039693501743625427;0.023959370519619966;-0.7677504133095695;0.16647470263256345;-0.6340783298543926;0
0.024003506786451956;-2.0712558636838034;0.0005761683380472451;0.03976751300091765;0.007415873931790309;0.18829358231503973;5.4995186172207056e-05;0.008412358519424845;0.024407488252655242;-1.7553994699856745;0.0005957254828035036;0.038747833180381386;0.062200469052717394;0.023790775623991144;0.0005660010047910911;0.03850438632429054;-1.9407362247765363;0.20934134992958725;-0.10274768678144024;0
0.02294360521749451;-2.208573228398229;0.0005264090203762414;0.03976751300091765;0.005219563709914903;-1.417527450762286;2.7243845321860626e-05;0.007647598654022647;0.021550412948774435;-1.5387600801957653;0.0004644202982627048;0.031100234526358753;0.057102069950035694;0.01962731956486128;0.00038523167330118633;0.03114935865051388;-1.7749449467857155;0.1818660952129363;0.1635831918622657;0
0.0226853525818667;-1.0935549953346269;0.0005146252217636061;0.029060874885286;0.005559470791247212;-1.8348813610373989;3.09077154787309e-05;0.00866727847455906;0.01964420140103393;-0.782713534009931;0.0003858946486843834;0.02447231569287245;0.057102069950035694;0.017407338362127198;0.00030301542885358514;0.023651356171620064;-0.9252589450597604;0.16456244567937545;0.24659188815898092;0
0.02760050583006949;-0.7706531125572539;0.0007617879220756999;0.027531355154481504;0.005480990758830927;-0.9310280970723909;3.004125969839002e-05;0.00611807892321814;0.0167624351340974;-1.2737586617240957;0.00028097923162482283;0.02447231569287245;0.0438462322830631;0.01564034638591179;0.00024462043507130404;0.023651356171620064;-1.5917699892527453;0.14935344063534656;-0.10508353190112216;0
0.02784340353638794;-0.8094711845958414;0.0007752551204901404;0.029570714795554152;0.004639529843810861;0.16163658795389962;2.1525237171611636e-05;0.00433363923727953;0.018886291176458268;-1.2025094068356772;0.0003566919944019654;0.025491995513408805;0.05276843071275611;0.017645328179282545;0.0003113576065545826;0.02729929192803726;-1.6913725272689724;0.16597244279371232;0.06003335528042244;0
0.027725792474128243;-0.8415380024569551;0.0007687195683184263;0.03161007443662685;0.008731307504049941;2.62234739462685;7.623573073027881e-05;0.00790251860915675;0.020412024260262715;-1.3593870326108424;0.0004166507344015537;0.03008055470582241;0.05276843071275611;0.0186864333658474;0.000349182791936255;0.029532895692577152;-1.6045970590715128;0.16909045116275015;-0.5725707492468163;0
0.02750616635217735;-1.159232011656942;0.0007565891873936533;0.03874783318038125;0.008949728930121581;4.8919205811570565;8.009764792265519e-05;0.00433363923727953;0.018679364235924503;1.702929767297806;0.0003489186482583354;0.01580503721831346;0.05276843071275611;0.01623610978660874;0.00026361126100281205;0.01602539920444704;1.7992167509857524;0.14109219759505148;-1.4723279157408946;0
0.023661761755559063;0.23979062501718929;0.0005598789693768376;0.023962475782604152;0.010443276634537589;-0.8677309413006291;0.00010906202686547873;0.01351075762210674;0.010867713941544762;-0.4289902130165906;0.00011810720631524637;0.012236157846436196;0.030335474660956416;0.009923924389787031;9.848427529420991e-05;0.015033808854425845;-1.5040403505580968;0.08387254855625528;-0.554422378526477;0
0.017313121851332016;1.3521356355744332;0.0002997441882390701;0.01427551748750885;0.010249467029873926;-0.8248347638163182;0.00010505157439647265;0.013000917711838644;0.011733572730043931;0.1754626080543545;0.00013767672901123057;0.012236157846436196;0.033394514122565416;0.012454466761195323;0.0001551137423057191;0.015033808854425845;0.17370803123312015;0.10646829894316978;-1.046949111600205;0
0.017609784887499418;1.702188021914408;0.00031010452378400284;0.014530437442642898;0.01046458946616484;-2.288856462427094;0.00010950763269536812;0.017844396859386213;0.011785675417362676;0.37279053842162424;0.0001389021450434269;0.010706638115631703;0.033394514122565416;0.012469107162582841;0.00015547863343197472;0.013292844164819795;0.5072554511596798;0.10614211289153608;-1.2092472113637855;0
0.01204704707416302;-0.8276245756243078;0.0001451313432070998;0.0152951973080452;0.009690790919694438;-1.691093853021026;9.391142864923219e-05;0.015040277352911191;0.01184277587699838;0.3740923715034633;0.00014025134047281475;0.011216478025899854;0.033394514122565416;0.012201890709149855;0.00014888613687803753;0.011738908887969371;0.6106527719241974;0.1042614985512908;-1.183679124370628;0
0.009216821593834147;-1.027616126592718;8.494980029256741e-05;0.01121647802589985;0.010701434402996013;-2.2768473237882256;0.00011452069828162663;0.018864076679922626;0.012330880402878773;-1.9026674361650762;0.00015205061151009978;0.018864076679922445;0.030590394616090505;0.012921141627184801;0.0001669559009497679;0.019726868948855808;-1.8378994611673982;0.11489059470062328;-0.48789819729151784;0
0.010896860819789408;-0.21564060471133573;0.00011874157572586148;0.01121647802589985;0.009795600476892334;-2.4344103748717902;9.595378870289334e-05;0.01835423676965442;0.01316965038810067;-1.6018013351583065;0.00017343969134480012;0.018864076679922445;0.034669113898235904;0.013701818450194199;0.00018773982884208215;0.019726868948855808;-1.5965974036631507;0.12123769111406786;-0.293469970930335;0
0.012462183181780244;-0.3126091436920014;0.00015530600965624634;0.0122361578464362;0.009795600476892334;-2.4344103748717902;9.595378870289334e-05;0.01835423676965442;0.014596201507450389;-1.9394811536383372;0.000213049098446097;0.023962475782604187;0.034669113898235904;0.015315638311103458;0.00023456877687654;0.024775759852239287;-1.887005135908818;0.13362188423524335;-0.24068713258152208;0
0.01372425257368833;-0.9847760739439352;0.00018835510870639075;0.0170796369939838;0.009555734472462619;-2.4193616630346404;9.131206130821044e-05;0.01758947690425222;0.014502618787925269;-1.8519339110688293;0.000210325951707883;0.02345263587233605;0.034669113898235904;0.01522727690613552;0.00023186996197612812;0.024264183072397832;-1.8025482445031558;0.13268177319789845;-0.2727318713567352;0
0.013475783970505462;-0.9230454889254943;0.00018159675361973195;0.0152951973080452;0.008989747962338361;-1.4180557584419837;8.081556842636672e-05;0.013510757622106795;0.015683571598939145;-1.4518538938980263;0.00024597441809905054;0.02345263587233605;0.0397675130009177;0.016343533205771057;0.0002671110776481411;0.024264183072397832;-1.4510077209976557;0.14326720761142417;-0.42895413378950764;0
0.019893403145285066;-0.36107120128141335;0.0003957474887008377;0.02498215560314055;0.008804716716684934;-2.147614624681413;7.752303646107112e-05;0.015040277352911358;0.017638931168885607;-2.1734685728442287;0.00031113189278068415;0.03161007443662685;0.0397675130009177;0.016937949713844876;0.0002868941405087378;0.027925727502743566;-1.990372537403274;0.15215816965374784;0.1642412765695153;0
0.028251186755446876;-0.7306218590101125;0.000798129553091137;0.0372183134495768;0.008815956187310452;-1.8420666435498518;7.772108349657745e-05;0.014530437442643152;0.020220487254345148;-1.231431244280555;0.0004088681048031346;0.028041195064749655;0.0520036708473539;0.01665394688881436;0.00027735394697544954;0.020539391988703123;-1.0642816094858254;0.15396217290069525;0.8424615678213891;0
0.028876929251567884;-1.6067636395294584;0.000833877043000057;0.04486591210359945;0.00913859722742734;-1.8497431297463087;8.351395928514265e-05;0.015040277352911247;0.023086664642317303;-1.5356150553271206;0.000532994084306824;0.03415927398796775;0.056082390129499296;0.018551472059797;0.0003441571155854287;0.024041465328699857;-1.174753666047875;0.17432591211150827;0.5915972392578849;0
0.028674758580745724;-1.614503933717053;0.0008222417796640505;0.04486591210359945;0.009606119955856534;-1.6492553064868054;9.227754060630515e-05;0.015040277352911247;0.018874244491297827;1.2684937430009355;0.0003562371051172863;0.0168247170388498;0.056082390129499296;0.015254549463533931;0.00023270127933540334;0.010211547861454201;2.789926578656936;0.15020063322814703;1.4404799541100377;0
0.02905405918330925;-1.6693690217186634;0.0008441383550272366;0.04486591210359945;0.010737807433733097;-1.4570619410280812;0.00011530050848393375;0.015550117263179564;0.010830205758835454;0.09822494399375756;0.00011729335677871263;0.009177118384827196;0.03262975425716319;0.007476030513915217;5.589103224499142e-05;0.008899561703477527;-0.34006313492860796;0.07797917574068847;0.0160106363394016;0
0.026133839746272168;-1.1152506814357763;0.0006829775798838349;0.03543387376363825;0.010834776430387025;-1.4817495816613147;0.00011739238029647022;0.015805037218313556;0.008426141597971884;-0.5346475026751385;7.099986222907217e-05;0.009177118384827196;0.021413276231263392;0.006231560182735655;3.883234231105643e-05;0.008899561703477527;-0.8425857302640687;0.0655556693433692;-0.6751094854969111;0
0.024415347610361855;0.46454822924722877;0.0005961091989348023;0.0211583562761293;0.01066899871859367;-0.9562694296989186;0.00011382753365735338;0.012745997756704541;0.008560222142993528;-0.5207125638647874;7.327740313739671e-05;0.009686958295095346;0.021413276231263392;0.005889267397507913;3.4683470479349625e-05;0.005519753281658379;1.7333196928772296;0.061215324393227646;-1.4563358733687686;0
0.023728887455686954;0.6537833356415028;0.0005630600998846577;0.019118996635056604;0.011087727327574917;-1.1717137347495146;0.00012293769729065162;0.014785357397777255;0.01085532063673643;-0.38020069201086953;0.00011783798612635583;0.01070663811563169;0.0316100744366269;0.007636060381721899;5.830941815330279e-05;0.006330169483582934;0.8634905332400251;0.07830251182266199;-0.28607401157533935;0
0.01839835638038746;0.3781189150213109;0.0003384995174997439;0.021668196186397502;0.011547084768665297;-2.0711966453440964;0.0001333351666547421;0.019373916590190776;0.012934459139991129;1.191526112984971;0.00016730023324410006;0.008667278474559004;0.0418068726419904;0.010547249197515967;0.00011124446563450122;0.010903435070185749;-0.1090075962383473;0.10559438809248074;0.3037142216653153;0
0.017736553722815934;-1.328855609821023;0.00031458533796233584;0.026766595289079202;0.011683489171597873;-2.124933782166109;0.00013650391922284474;0.01988375650045876;0.008740517372937557;0.8240195830748341;7.639664394662327e-05;0.009686958295095346;0.024472315692872407;0.008200383959322391;6.724629708031198e-05;0.00791485592577354;0.3912008196115465;0.0802064844269779;0.8503916195216416;0
0.013199223520613439;-0.8199901653441095;0.00017421950154711502;0.01860915672478845;0.010295857213211834;-1.9626319705943645;0.00010600467575484615;0.0168247170388498;0.008936580278159356;0.6727812500288088;7.986246706798676e-05;0.01070663811563169;0.024472315692872407;0.008367755240546644;7.001932776569583e-05;0.008606934838572305;0.21225067528202218;0.08200210731491958;0.837666318570672;0
0.013389163564335529;0.9389318861793257;0.00017926970095253006;0.016059957173447555;0.00870077463921195;-1.401862402105192;7.570347932235384e-05;0.012745997756704375;0.011572783060321213;0.6493538289195016;0.00013392930776125764;0.01070663811563169;0.0367084735393087;0.00968154585548622;9.373233015188241e-05;0.008606934838572305;0.4036378943820644;0.09564633966936373;0.1605396289118597;0
0.012694423862613331;0.9317139736621932;0.00016114839720368675;0.01351075762210665;0.0077528881893278575;-2.3395357295039676;6.010727527621939e-05;0.014275517487509104;0.014545656520745938;-0.8133426906976247;0.00021157612361951883;0.017844396859386186;0.04129703273172221;0.013224054641210826;0.00017487562115372962;0.014328034837318995;-0.31063300666127985;0.13527602163011987;-0.18374918825469932;0
0.011657504028590782;0.9394234043615668;0.0001358974001766103;0.0101967982053635;0.009195981957424139;-2.2325047030368337;8.456608416127028e-05;0.014785357397777088;0.014802927644496672;-1.0854722936299788;0.00021912666684820376;0.02039359641072709;0.04129703273172221;0.013636656738704045;0.00018595840700924243;0.017607263975986998;-0.8370625057323003;0.14140210723255148;0.17528129038558396;0
0.011507891946627198;0.8866457326640216;0.0001324315770552471;0.009941878250229397;0.011198807313034834;-1.762868594871459;0.0001254132852344825;0.017334556949118007;0.019505402665612282;0.15910081079904828;0.0003804607331476748;0.02064851636586114;0.060161109411644806;0.018227468070599218;0.000332240592264714;0.016521866312060984;0.6619554872970198;0.20416561552703422;-0.27239207110043734;0
0.011674480470137576;0.678954738845831;0.00013629349424762368;0.011471397981033948;0.009911171959522125;-1.1207935662721482;9.823132961121762e-05;0.01325583766697258;0.014818806583444309;0.6310046707606652;0.0002195970285575324;0.014530437442642999;0.045885591924135896;0.013974038933116798;0.00019527376410426406;0.014850795066309139;0.5712745496288839;0.16702025038258825;-0.6982369057365168;0
0.017279128564998577;2.5660520842479455;0.0002985682839657498;0.011471397981033948;0.010493529041347672;-1.7256681525283597;0.00011011415174160699;0.016314877128581706;0.013100386796048668;-0.5704406197021832;0.0001716201342060863;0.014530437442642957;0.0377281533598451;0.012705673422368707;0.0001614341371158865;0.015451338910240975;-0.7191193171166915;0.16129146503265657;-0.36378998192215745;0
0.017708966111112293;0.8488959748219542;0.00031360748072452365;0.01478535739777705;0.009033016031684632;-0.8953986591572913;8.159537862867157e-05;0.011726317936167852;0.010991863790944308;-0.2149615519926364;0.00012082106959867258;0.011471397981033901;0.0316100744366269;0.010633215938328278;0.0001130652811911185;0.012149090751856093;-0.269865168612575;0.13828372761536975;-0.758812748375726;0
0.013642386214193765;2.125420554917119;0.00018611470161722406;0.009686958295095301;0.0064182383397119805;1.0913796690090778;4.11937833853488e-05;0.005608239012949712;0.011433434364791571;-1.4080901336480345;0.00013072342137399685;0.016314877128581602;0.0316100744366269;0.010630460003841867;0.00011300667989328162;0.01413612656100352;-1.2002369078343527;0.144170624033;-0.025318668015790944;0
0.012120288304613076;3.2539374985353136;0.00014690138858694052;0.007647598654022601;0.012836476679424016;2.4727219079373186;0.00016477513354139664;0.009177118384827154;0.011413388524202097;-1.3846917747146272;0.0001302654376043881;0.016314877128581602;0.0316100744366269;0.01056957150913467;0.00011171584188671134;0.014121164425862823;-1.1072457819301575;0.1436990092480033;0.03978206062280008;0
0.01846584640311124;0.21687437115018254;0.0003409874833832963;0.02141327623126335;0.012836476679424016;2.47272190793732;0.00016477513354139664;0.009177118384827154;0.009071303283042755;-1.189167068484582;8.228854325294226e-05;0.012745997756704396;0.025491995513408805;0.008475802745198279;7.183923217551068e-05;0.011669810756185894;-1.3332331205821568;0.11786737580007706;-0.4549415465172809;0
0.024793910506657385;-1.2612767851505702;0.0006147379982121354;0.03823799327011315;0.012120288304612906;1.0950381394530808;0.0001469013885869364;0.013765677577240898;0.007032940147459108;-1.3629070511008379;4.946224711774214e-05;0.010196798205363497;0.0183542367696543;0.008202350631153744;6.727855587638824e-05;0.008267751137871843;-0.5074067706483134;0.10786631489683143;-0.175398566264579;0
0.023307574270916634;-1.501795981126304;0.000543243018394295;0.035688793718772246;0.014332198353336552;-1.5002793971292618;0.00020541190963938296;0.021158356276129386;0.008906056238332702;-1.006309528802022;7.931783772034483e-05;0.01223615784643621;0.0234526358723361;0.01001935334676891;0.00010038744148740937;0.013563349799087868;-1.2403215839340915;0.12842391402473627;-0.14121401554609317;0
0.024549075930597464;-1.6712520420146446;0.0006026571290462398;0.039257673090649446;0.014632198171232803;-2.442733670922646;0.0002141012233222286;0.026766595289079154;0.010652743841152553;-0.757516241318023;0.00011348095134521364;0.01325583766697254;0.030590394616090595;0.010246563562642237;0.00010499206484326758;0.0128326738379443;-0.04817510732539887;0.125200046778048;-0.6417956174166034;0
0.025576343723799255;-1.8123751341565424;0.0006541493582779256;0.040787192821454;0.013159777908866927;-1.7566405189943914;0.000173179754610702;0.020138676455592808;0.010610831243848642;-0.1239172659585627;0.00011258973968543451;0.010196798205363497;0.030590394616090595;0.010767551802817014;0.00011594017182634793;0.01501969891678337;-1.2140792483019474;0.13373136160341886;-0.1622947766641655;0
0.027057907873828738;-1.792494336601243;0.0007321303785086031;0.040787192821454;0.011861704801066254;1.4584635790245202;0.00014070004078763822;0.009432038339961313;0.009722034133630039;0.06982595469968303;9.451794769546758e-05;0.010196798205363497;0.02549199551340879;0.0089416927757654;7.995386969617513e-05;0.01501969891678337;-2.182157639597544;0.10938738429069259;0.38974171796327967;0
0.025544382361587775;-1.5037788062654784;0.0006525154702349966;0.038237993270113096;0.011357398901743162;1.0335318979236974;0.0001289905098133168;0.010961558070765653;0.011198807313034704;-0.23093722670991995;0.00012541328523447956;0.01172631793616799;0.03161007443662699;0.011337246937273749;0.000128533168116723;0.016617981492905803;-1.3803170623210854;0.1419073068032468;-0.1251271937095184;0
0.02360624591408759;-0.01228554878875059;0.0005572548461563769;0.0275313551544814;0.019653335822100004;4.646038917146321;0.0003862536089362392;0.010961558070765653;0.014389516170532909;-0.259793457922877;0.00020705817562202805;0.014785357397777088;0.0428265524625268;0.012956299438167921;0.00016786569513147038;0.02138772214335391;-2.120895232494827;0.16631051556650595;0.09215935852705116;0
0.023032987135041785;0.04558892042173781;0.0005305184963630004;0.0254919955134087;0.019575715459858093;5.188341168625563;0.00038320863576532716;0.009432038339961146;0.015727312847650693;-1.0009878987138265;0.0002473483694078785;0.02064851636586114;0.0428265524625268;0.012493821973752851;0.0001560955875118296;0.015940492551598046;-1.0334902320086825;0.1662202351064663;0.828528229138946;0
0.022882020236864434;-1.3936118142946632;0.0005235868501202735;0.0326297542571632;0.019816098497193672;2.054208301231827;0.0003926777596504813;0.017334556949117896;0.015043466086155642;1.5629309102273254;0.00022630587188531492;0.016569797083715754;0.0428265524625268;0.010448287677314427;0.00010916671538792052;0.007085352593037608;4.1108133048518525;0.14533197338466358;1.8815433337225873;0
0.02365652997762887;-1.7637487458786745;0.0005596314105824533;0.03823799327011315;0.0202901521694418;-0.33137855103236474;0.00041169027505910373;0.0249821556031406;0.00897045071968109;-1.452875099892823;8.046898611422698e-05;0.01376567757724076;0.022432956051799804;0.004492844245971309;2.0185649418557495e-05;0.007544125939205615;-1.9714197148374673;0.06663252528741109;0.19995592138016738;0
0.02442877871977882;-1.266524407545144;0.0005967652297399186;0.0351789538085041;0.03065102974915995;0.5528898048712059;0.0009394856246838883;0.033139594167431397;0.006877216563908011;0.4197776020348307;4.7296107666890705e-05;0.007392678698888558;0.018354236769654406;0.011540019826112304;0.00013317205758706503;0.007544125939205615;4.725924812946433;0.16340561358237451;2.098302118445618;0
0.024510725860506965;-1.4362770827128883;0.0006007756822089249;0.0367084735393086;0.02632143692811171;0.8547338701867317;0.0006928180419605627;0.028551034975017764;0.008664421757779055;3.336037287734122;7.507220439667508e-05;0.003313959416743152;0.028551034975017806;0.014730214830191182;0.0002169792289435842;0.005673182535225682;3.1165629203655456;0.2206129957354701;1.031232404136597;0
0.018741302448622765;1.9273056190394642;0.00035123641747075365;0.0188640766799225;0.02420889691461731;1.5847661166484515;0.0005860706898225675;0.02294279596206783;0.01984200414895557;4.198250487885228;0.00039370512864717;0.010196798205363497;0.055572550219231104;0.020919496257991766;0.0004376253236881315;0.014274982689237839;1.0931145152585386;0.33886166817380037;-0.10780366520725097;0
0.010187082340169877;0.46238072519820433;0.00010377664660540098;0.0122361578464362;0.02764979328700147;2.2866364893125253;0.0007645110688139115;0.020903436320995228;0.02088151533023122;0.270651245325908;0.0004360376824866815;0.0249821556031406;0.055572550219231104;0.021375360314511288;0.00045690602857518414;0.020732432461620653;0.642191838154553;0.35767127457762626;0.2454907550452097;1
0.03453747667180625;5.3880143453085525;0.001192837294855561;0.01325583766697255;0.026346818772865772;2.2696706803608593;0.0006941548594502322;0.017334556949117896;0.019967929142337918;-0.8358843233546913;0.00039871819423342795;0.030080554705822347;0.0520036708473538;0.03309560649216419;0.0010953191690841807;0.03402139983418105;0.3630406264697655;0.4872271086417197;0.8657069435281438;0
0.03632612555145003;1.8423523178631158;0.0013195873975797108;0.029570714795554152;0.026729285074420663;2.0582239530430884;0.0007144546805896472;0.019883756500458816;0.018082468183884745;-0.1308285344374717;0.00032697565562120405;0.0209034363209952;0.0520036708473538;0.033537965562697884;0.0011247951340847093;0.04103158969027548;-0.26563109159597503;0.4795977857927094;0.5988847532647301;0
0.035526803364260486;1.5477234960894108;0.0012621537572828302;0.032629754257163246;0.026729285074420663;1.9824538794351767;0.0007144546805896472;0.019883756500458816;0.015834378641146854;1.4399263830562958;0.00025072754695120765;0.011216478025899847;0.0520036708473538;0.03357097249216434;0.0011270101940696548;0.04103158969027548;-0.2675157360830397;0.4809147214088841;0.6115248588554594;0
0.035253995111489814;0.706327793311641;0.0012428441713209476;0.03823799327011321;0.016428286509446527;-0.9074315861721572;0.00026988859763646275;0.02294279596206783;0.010759112056928236;2.949851195817023;0.00011575849225353855;0.005608239012949899;0.0336494340776995;0.03173724553194071;0.0010072527539546905;0.02968370410468689;1.4977814412105288;0.4767911900636876;1.0329092626314387;1
0.030287850179008067;1.923583959468769;0.0009173538684660391;0.024472315692872462;0.015860934614710227;-1.2973372634720775;0.0002515692468521131;0.02192311614153153;0.009805704244897283;4.219729519618648;9.615183573839661e-05;0.004078719282145399;0.0305903946160904;0.03055341603156818;0.0009335112311980874;0.021772548897764823;1.8910270875848822;0.44375049749660644;0.9138969602031912;0
0.025928182775249848;1.7944006924983156;0.0006722706620267628;0.0249821556031406;0.016575305427242424;-1.8418559973935564;0.00027474075000637215;0.02651167533394516;0.004516508015842188;-0.005443491208147577;2.0398844657166737e-05;0.004078719282145399;0.013255837666972501;0.024936545962745325;0.0006218313245521101;0.022322128729939605;2.2611862700397394;0.3231685540260872;1.3344549211388037;0
0.031783461365302926;1.3679443423227782;0.0010101884163597038;0.0249821556031406;0.013397019292654326;-1.1437766011890567;0.00017948012592775223;0.01835423676965431;0.014913310191697221;5.231776328989069;0.0002224068208737802;0.005608239012949899;0.044865912103599304;0.030469969840142087;0.0009284190620591683;0.022322128729939605;1.615493898587765;0.41345327365922785;0.23882735904613198;0
0.025494908717865333;-1.2444503256919837;0.0006499903705322858;0.03466911389823596;0.01623730630424919;-0.5009312755405532;0.0002636501160180104;0.020903436320995228;0.015524923259436411;4.987046457033756;0.00024102324221138968;0.009177118384827147;0.044865912103599304;0.021520218252639892;0.0004631197936412552;0.02479236676519364;-0.14324066148399056;0.34745384003725194;-0.7346841154010719;0
0.024847769179374434;-1.5884966016271362;0.0006174116331914701;0.03670847353930865;0.016334591166788166;-0.5250439468645197;0.00026681886858611394;0.020903436320995228;0.015014227857777247;2.9816982394785017;0.00022542703816525434;0.011726317936168;0.043846232283063;0.022188952535260757;0.0004923496146120547;0.030041316943727372;-1.2696705869624458;0.40640244827554867;-0.041036484294943235;0
0.025720159609740754;-2.002610234164443;0.0006615266103505396;0.041806872641990456;0.014646994613653723;-0.9498049122953255;0.00021453445121240116;0.019883756500458816;0.01708715430068545;-1.116732228390429;0.0002919708420954332;0.0239624757826042;0.043846232283063;0.022530092982665662;0.0005076050898075605;0.032420436872427044;-1.461149027466054;0.4073691078900377;-0.1426945246953515;0
0.03274562813553877;-1.2410302759369543;0.0010722761619909882;0.048434791475476704;0.035229233341367835;3.628391941608477;0.0012410988818205432;0.02447231569287245;0.017746670059878438;-2.0068139788613997;0.00031494429821418577;0.02957071479555415;0.043846232283063;0.03728207231123395;0.001389952915820077;0.03909586129139689;1.183147952877627;0.58246977323518;1.1026556914060124;0
0.03624220538595695;-1.4192913665298499;0.0013134974512378874;0.05404303048842665;0.03543592598887669;3.555636082509139;0.0012557048506891464;0.025491995513408805;0.016461405053389163;-1.7193869451104908;0.0002709778563317463;0.02549199551340875;0.043846232283063;0.04011848264289035;0.0016094926495678942;0.04820836737356095;0.9200649210794353;0.6829198032605094;1.22627583396362;0
0.04390942270645917;0.8698727361636245;0.0019280374024145122;0.03211991434689511;0.03529943424062495;4.294352832796724;0.0012460500577082048;0.020903436320995172;0.01581717160568114;-0.8900673090837052;0.0002501829176035656;0.02141327623126335;0.043846232283063;0.0388557210671074;0.0015097670596448537;0.027007577166257467;4.073378098739701;0.7520362165167664;2.0000857111051427;0
0.04455862478478652;0.4244188596980457;0.0019854710427113912;0.044356072193331306;0.03610447631200268;2.533151311484687;0.0013035332097639622;0.030080554705822327;0.013779607951311288;-0.47851366930046024;0.00018987759529184126;0.0178443968593861;0.036708473539308596;0.03723863087209024;0.0013867156292277922;0.03210912161487825;3.2450630289099878;0.6497609262378945;1.7223213426808126;0
0.04552322681379101;0.447218268171099;0.0020723641795398606;0.046395431834404;0.03262159731642421;3.417707589932218;0.0010641686114749352;0.020903436320995006;0.011036255109251828;-1.6491267102878644;0.00012179892683648708;0.0173345569491179;0.0265116753339451;0.037003019131816105;0.0013692234248695485;0.0352187848725205;2.146869254711123;0.6042284885736381;1.331487653933673;0
0.046997016538138627;-0.38753662700588476;0.0022087195634860756;0.055572550219231145;0.032513277070068104;2.6660255857674273;0.0010571131858350164;0.028041195064749447;0.011437222868862534;-1.1765066837940643;0.00013081006695203214;0.01631487712858155;0.0265116753339451;0.03762280300346031;0.0014154753058371824;0.03737269223213626;1.9627484156139132;0.6205853072327457;1.2755068755707786;0
0.046248329520859895;-0.29626541280862784;0.002138907983470041;0.0520036708473539;0.030852486809700753;3.3259847477293505;0.0009518759423427589;0.021413276231263212;0.011293462306404316;-2.279649102076031;0.0001275422908661751;0.0193739165901906;0.0265116753339451;0.04005455803847008;0.0016043676196571682;0.042185413035068973;2.2092093314668277;0.7372942160720826;1.5230123678674792;0
0.03530521958179761;-0.1741172371748604;0.0012464585297189453;0.033139594167431355;0.013974060863234964;-0.443320636990893;0.0001952743770093951;0.015295197308045294;0.011428561585629458;-1.9523074721148774;0.00013061201991652533;0.017844396859386102;0.0295707147955541;0.020682642020214907;0.00042777168093635935;0.026407449318660757;-0.8875786345228291;0.5358384910972417;1.0757981161965684;0
0.03534323899472149;-0.17871947170507596;0.0012491445426380018;0.038492913225247206;0.016731392192176273;0.7673445046871699;0.0002799394846884171;0.015295197308045294;0.010766012610533617;-1.4107513465051746;0.00011590702753016886;0.0158050372183134;0.0295707147955541;0.01987528117601239;0.00039502680182555244;0.025662570116587277;-0.9348949575830631;0.49416738402894617;0.941989502548936;0
0.025485925267933272;-0.7694225914241727;0.0006495323867626796;0.029315794840420104;0.016731392192176273;0.7673445046871692;0.0002799394846884171;0.015295197308045294;0.010343834440495312;-0.8634095951465597;0.00010699491093237697;0.01274599775670435;0.0295707147955541;0.021171948774968412;0.0004482514149298864;0.027635121672767052;-0.930777639375188;0.556904880531375;1.0462533323472072;0
0.02455336135891507;-0.371524743268035;0.0006028675540214638;0.0267665952890792;0.013723801614955957;2.516106738050911;0.00018834273076666773;0.007137758743754663;0.009390444215225455;0.9494698705387641;8.818044255926121e-05;0.008667278474559;0.0295707147955541;0.019159132860502713;0.0003670723719663949;0.02214392848768691;0.3804272473240147;0.5256528817125543;1.2455283555165915;0
0.02028252515260689;-1.0820699630476454;0.00041138082656613117;0.02574691546854285;0.013802943459901558;2.4136428028059798;0.00019052124815723917;0.007647598654022869;0.013673200119873921;0.5230263955236893;0.00018695640151812024;0.01121647802589985;0.0418068726419903;0.014807948787871736;0.000219275347304232;0.02214392848768691;-1.406951788432758;0.4333159600253957;0.8275436736538413;0
0.019881266283911358;-1.050395926077374;0.0003952647490517906;0.028551034975017847;0.010754509228030286;2.9945054477856416;0.00011565946873578857;0.007647598654022869;0.016682493717831447;-0.822884606138502;0.00027830559664548563;0.017334556949117952;0.044865912103599304;0.015094174656151201;0.00022783410855039721;0.027538655562183465;-2.318928618785019;0.40659710332869964;0.12878894179916595;0
0.01911956311545369;0.07805926091691973;0.00036555769372581727;0.023197715917202;0.011337218620266171;0.15607619640029072;0.00012853252604370997;0.013255837666972692;0.01949873832876301;-1.7565673848206167;0.0003802007964135718;0.02804119506474955;0.0520036708473538;0.013845230112059922;0.0001916903968558908;0.020614719249111905;-1.5100769987155154;0.3427733078133198;-0.5247159843593321;0
0.024162067934139313;2.079565187676502;0.0005838055268539632;0.023197715917202;0.011918441014538258;-1.2486359336185955;0.00014204923621702773;0.017334556949118063;0.015669359025472698;-2.1919852408618103;0.0002455288122691627;0.0270215152442132;0.0377281533598449;0.013665909047609864;0.00018675707009754516;0.020167084843579673;-1.478636479597796;0.33726585636667433;-0.5183491440991244;0
0.030072941120554975;-1.4333317288418796;0.0009043817876403662;0.04588559192413575;0.008942118909170464;-1.5177648400732529;7.996149058574397e-05;0.013255837666972692;0.01420249645883967;-1.214284195981532;0.00020171090566335336;0.019373916590190603;0.0377281533598449;0.01590290746175803;0.0002529024657372392;0.027853589508985366;-2.439926506653222;0.41791278004988114;-0.23277624186534515;0
0.032098905000365524;-2.4585157368755755;0.001030339702222491;0.058121749770571954;0.01085532063673648;-1.0603391003460623;0.00011783798612635687;0.014785357397777088;0.013867359931753254;0.6615658949928538;0.0001923036714767956;0.01529519730804525;0.0407871928214539;0.014135075945240898;0.00019980037197772787;0.02026331824322266;-1.3235021921143386;0.35142803446342263;-0.5763529276256064;0
0.029486878397557627;-2.2713944385792204;0.0008694759976323506;0.04945447129601295;0.012508283577298695;-2.0471029482454903;0.00015645715805012023;0.021413276231263212;0.008827882445513286;-1.3680587824001607;7.793150847180165e-05;0.0127459977567044;0.023452635872336;0.01415119463498776;0.00020025630959730632;0.023219913076292314;-1.9161056524870759;0.39703019169077985;0.11901573542036298;0
0.02390636385385378;-0.7854540359462611;0.0005715142327128465;0.0280411950647496;0.013369272588461895;-2.34560594225029;0.00017873744954459862;0.024472315692872115;0.010410631113478378;-2.162870876661407;0.00010838124018092404;0.01784439685938615;0.025491995513408805;0.011389513993950672;0.00012972102901839819;0.01838427341242624;-1.988307051068886;0.34387586207099985;-0.003628255585461597;0
0.018952778441429015;3.429352751329456;0.0003592078106498965;0.0142755174875089;0.012963136565941483;-1.770659512488504;0.00016804290962724915;0.021923116141531307;0.011056424949610882;-2.4567325479914004;0.000122244532666378;0.0188640766799225;0.025491995513408805;0.009647862043461113;9.308124200965765e-05;0.013771790228587162;-1.1410408616292878;0.3190536553570705;0.5062988274513656;0
0.011843429102142639;-0.27903174339407144;0.0001402668128974792;0.0142755174875089;0.012761041295490166;0.5293255451041332;0.00016284417494520534;0.012745997756704042;0.017046539615033034;0.20557297438708416;0.00029058451284689053;0.021413276231263406;0.0458855919241358;0.014202914442013615;0.00020172277864715892;0.013771790228587162;2.323123775370867;0.4385244819381054;1.487562823369655;0
0.03601471292806391;4.980730231580177;0.0012970595472908536;0.016824717038849753;0.009321648825635402;-1.3644993790633513;8.689313682846988e-05;0.012745997756704042;0.016470425825855513;0.41448629906243895;0.0002712749268850082;0.020393596410727056;0.0458855919241358;0.023887284645648633;0.000570602367742241;0.024570926482285597;0.9026763551216923;0.5811265297681117;1.258655253316674;0
0.03464339814696742;5.161431832663564;0.001200165035169306;0.01223615784643615;0.008925492705306681;-1.284374909468464;7.966442003248278e-05;0.01172631793616763;0.01630880647641666;0.46960434097807424;0.00026597716868521004;0.020393596410727056;0.0448659121035995;0.025547988434781295;0.0006526997130637188;0.024570926482285597;0.5918137190512205;0.6426830479257718;0.9654977112212065;0
0.03464339814696742;5.161431832663569;0.001200165035169306;0.01223615784643615;0.011087727327574856;-1.0961785895194147;0.00012293769729065026;0.015295197308045072;0.016022436449406874;1.9392062891905;0.0002567184697752819;0.014785357397777152;0.0448659121035995;0.026390600926761876;0.0006964638172756049;0.026911301270649564;0.5318233329213292;0.6987141621166164;1.1258114297116988;1
0.03556162742657689;1.9123412148373191;0.0012646293452266658;0.0280411950647496;0.010706060050241566;-0.5277005163992449;0.00011461972179937845;0.01325583766697247;0.016127159371039028;1.8871121698921072;0.000260085269378892;0.015295197308045301;0.0448659121035995;0.025445142518407564;0.0006474552777820724;0.02634883661277604;0.4358668808551087;0.6268866621790566;0.8462326098748312;1
0.03608818789424943;1.800464872679092;0.0013023573054906513;0.03110023452635865;0.010057461080458536;0.9786001841465556;0.00010115252338493817;0.009177118384827154;0.016014709206879106;2.172915997078671;0.0002564709109808984;0.014785357397777098;0.0448659121035995;0.025533334273659437;0.0006519511591304316;0.02634883661277604;0.4774703446512163;0.6359700677787417;0.907215678685066;1
0.03294479692264228;2.5989422523535937;0.0010853596442741405;0.0272764351993474;0.010462815055051426;-0.1684090955117213;0.00010947049887621075;0.01223615784643628;0.015607621653313388;2.3868438429511527;0.00024359785367297692;0.012745997756704399;0.0448659121035995;0.02612894610693483;0.0006827218246591047;0.029300526290117042;0.28133092684178107;0.6647690013819195;0.921781352901981;1
0.033731548330960454;2.678643686042787;0.0011378173528039208;0.02396247578260425;0.00786385318001937;-1.3657772014248486;6.184018683690075e-05;0.011216478025899868;0.016630474589884862;2.850969529086278;0.0002765726850848061;0.012745997756704399;0.0479249515652085;0.025704819799353358;0.0006607377609172284;0.027632211248455683;0.7002729535780269;0.6620066961014879;0.9934917332642395;0
0.015480610159246804;4.373529046167688;0.00023964929090257537;0.009686958295095301;0.007691979709903234;-1.0116205248507115;5.916655185756304e-05;0.010196798205363455;0.017049443872591365;0.4614995003722818;0.0002906835363646432;0.020903436320995204;0.0479249515652085;0.015684033203122887;0.00024598889751666113;0.018043606990928766;-0.15307395606803736;0.48926159043480394;0.21267489379698598;0
0.015466211076817936;4.333953003923002;0.00023920368507268584;0.00994187825022935;0.008044368766518888;-1.59853335198788;6.471186885174462e-05;0.012236157846436169;0.015507372854992214;0.22581558324776269;0.00024047861286374938;0.01835423676965435;0.0448659121035994;0.01219459428629886;0.0001487081298074328;0.01138423527829055;0.6885228003441342;0.3407285377153222;0.566563952608623;0
0.01468960935913695;4.487690851274069;0.00021578462312404388;0.0079025186091567;0.012075269350687355;1.7687518022835078;0.00014581212989164943;0.012236157846436169;0.015617135596076394;0.1515688214815974;0.0002438949242262364;0.018864076679922553;0.0448659121035994;0.01118154361860636;0.0001250269176947966;0.008014159354418238;1.6770261577970629;0.3042378032782584;0.7264677880575423;1
0.0057261821762892235;-0.8007441427626567;3.2789162316052384e-05;0.0073926786988884495;0.011181108673269782;2.0440993628075517;0.00012501719116346876;0.007647598654022647;0.015912746866420042;0.09131245023962649;0.0002532155128347608;0.018864076679922553;0.046395431834404;0.014229375330949366;0.00020247512230903036;0.011785093327916541;1.0272677396574905;0.43752971294218473;0.4043880213394944;1
0.008139969982539718;1.250709056984661;6.625911131664768e-05;0.0079025186091567;0.010673638422539239;2.1396555094519583;0.00011392655717510595;0.004588559192413633;0.015912746866420042;0.09131245023961725;0.0002532155128347608;0.018864076679922553;0.046395431834404;0.014395226209149637;0.00020722253761258863;0.013069502226324445;0.6477740116859365;0.4351111031409491;0.24176055424219436;1
0.008020483322123375;0.7839382107019155;6.432815272045922e-05;0.007902518609156702;0.009456121643209652;2.619145484045397;8.941823653117802e-05;0.004588559192413633;0.014611034403363518;1.0703214646968875;0.0002134823263362723;0.011216478025899902;0.046395431834404;0.013424078979485147;0.000180205896447455;0.007232416884016851;2.1063534956866206;0.3862848362678352;-0.06237376664002014;1
0.008180924156932497;0.5922328250914027;6.69275200614817e-05;0.00841235851942485;0.009805704244897386;0.8438033560271123;9.615183573839862e-05;0.00866727847455906;0.011265478948562304;0.10050973417649516;0.00012691101594050044;0.011216478025899902;0.0331395941674315;0.010520035995970387;0.00011067115735651264;0.007232416884016851;2.9263084393716836;0.3185827311988568;-1.468927051538439;1
0.010021089009759156;-1.2214958746434015;0.00010042222494151573;0.013510757622106599;0.011422061313086039;-0.07836015684356283;0.00013046348463989675;0.011726317936168074;0.010913886288459879;0.33480537148531087;0.00011911291391743254;0.009177118384827203;0.0331395941674315;0.01066889909445161;0.00011382540788759038;0.008065381753747283;2.7728889610666414;0.32077891361816474;-1.4694838966405463;1
0.014102791759343111;-0.37272328228369817;0.00019888873540739593;0.017334556949117848;0.011422061313086037;-0.11555463059314874;0.00013046348463989672;0.011726317936168074;0.012320335822371171;-1.1735311207736223;0.0001517906747760023;0.016824717038849798;0.0331395941674315;0.01127867301984369;0.00012720846508855;0.013120410702977071;0.06053687513771635;0.35936338957976344;-0.7324679283676043;1
0.014176326367582474;-0.5728905517209562;0.00020096822928021414;0.017334556949117848;0.008123987603543983;-0.8158696463312978;6.599917458253631e-05;0.00968695829509525;0.01263284515851714;-1.4634238401392339;0.00015958877679906998;0.018354236769654298;0.0331395941674315;0.0126548638441952;0.00016014557891511893;0.01949608362536009;-1.719087936903795;0.42805663714351944;-0.2990803318093209;1
0.013914142271348125;-0.20291188944553937;0.00019360335514731678;0.01555011726317925;0.009185881289537883;-2.098214899031954;8.438041506548215e-05;0.015550117263179342;0.01088720123588389;-0.1330871037222238;0.00011853115075063171;0.010706638115631648;0.0326297542571633;0.01008222249409505;0.00010165121042043621;0.0130936385774085;-0.803944390457709;0.3149084134784997;-0.39997959505128894;1
0.012649491165637074;0.7790913910226032;0.00016000962674953039;0.009941878250229349;0.009876767838046184;-2.178092917839956;9.755054292666349e-05;0.017589476904252055;0.011587747411529011;-0.8163902811482288;0.00013427589007339728;0.013765677577240704;0.0326297542571633;0.010456369298774115;0.00010933565891234588;0.014597760787673518;-1.0809721826487255;0.3222687762166709;-0.41558115294227843;1
0.01584024040369988;-0.7689985964691879;0.0002509132160470062;0.01656979708371565;0.00944105629247269;-1.7793199578180576;8.913354391763817e-05;0.015550117263179453;0.012368966607148727;-1.2883114336872807;0.00015299133492876032;0.01784439685938615;0.0326297542571633;0.011825733454633468;0.00013984797174003722;0.017297000909458085;-1.3886214490581423;0.3430356761206115;-0.5801939488899337;1
0.01929036033299982;-1.7468380904633427;0.000372118001776973;0.02855103497501775;0.014588991516581126;1.3428248245646288;0.00021283867347087607;0.015550117263179453;0.011380806703447773;-1.190054498777966;0.00012952276122124177;0.0168247170388498;0.028551034975017903;0.014290048760293923;0.0002042054935715779;0.018273974438078794;-0.8984559311896476;0.3945544669008616;0.007224022661582652;1
0.02164411893681231;-2.0382216035148892;0.0004684678845508772;0.03415927398796765;0.01331035128012295;2.2165491565688997;0.00017716545120027068;0.010196798205363566;0.012563577806447856;-1.3649922309026352;0.00015784348729866912;0.01784439685938615;0.0316100744366269;0.016002170973106362;0.00025606947585252784;0.025132802731748546;-1.7343573148527036;0.41642846019703117;-0.19691300603515405;0
0.01936592872936106;-2.2956074107253985;0.0003750391955506921;0.033394514122565395;0.019956457863654634;1.4067968367917814;0.0003982602104638229;0.01351075762210685;0.009303040068511716;1.3099584225745189;8.654655451633448e-05;0.008157438564290801;0.026511675333945103;0.01615060856699085;0.0002608421570841583;0.02091304583051312;-0.34673968820955847;0.36877054145631666;-0.8540635829251536;0
0.02625528215234951;0.431253221815151;0.0006893398408994826;0.022178036096665597;0.02339318475376056;-0.5091849200325512;0.0005472410929235755;0.02778627510961562;0.0062144325504236795;-1.0087455621202175;3.861917192376536e-05;0.007647598654022654;0.016314877128581602;0.01672592382701792;0.0002797565278672057;0.01457048962429866;1.0597264307921919;0.31421425181203605;0.46749935518914565;1
0.0428472127588878;2.0260200955654755;0.0018358836412053975;0.023962475782604298;0.026181869712585848;-1.3507909602795523;0.0006854903016468202;0.03976751300091774;0.0067344466091124235;-0.6469470452398205;4.535277113098582e-05;0.007647598654022654;0.0183542367696543;0.03152731852521328;0.0009939718133902566;0.020277958575928234;3.518646598645117;0.46287060151424014;1.8453350609705745;0
0.03979676045792375;2.5787467200600576;0.0015837821429453634;0.023962475782604298;0.026761681414857415;-1.571383579492504;0.0007161875921503248;0.0418068726419904;0.006555624051523089;-0.7006763787614574;4.2976206704908e-05;0.0076475986540227026;0.0183542367696543;0.03207217388414374;0.001028624337654752;0.020277958575928234;3.305086435106355;0.47452737763879316;1.7579807157318883;1
0.0399891333764201;2.534084594689233;0.001599130788197116;0.024982155603140647;0.029019743395358438;-2.3508439374974635;0.0008421455067324497;0.05200367084735391;0.02213522906687534;5.340644963072816;0.000489968365843043;0.010706638115631752;0.06525950851432641;0.03333816849542461;0.0011114334786293224;0.024918974120721568;2.8426251304765673;0.5039002554239047;1.6201080198295386;0
0.04000955731122307;1.2439503591278822;0.0016007646762400433;0.039767513000917756;0.02435468889848363;-1.9959321796762004;0.0005931508713419219;0.0418068726419904;0.029479321427102974;-0.8358542040777017;0.0008690303918024526;0.034159273987967746;0.0723972672580808;0.033194582652793944;0.0011018803174931689;0.031795947588050724;2.1208434947223864;0.4841930116311918;1.3450285163651174;0
0.039390976269120755;1.168710031052946;0.0015516490114344346;0.039767513000917756;0.023942580150717242;-1.6577492692954785;0.0005732471442735193;0.038747833180381164;0.027605886919803;-1.8272942872555575;0.0007620849926289505;0.043846232283063;0.06525950851432641;0.03345619253615001;0.0011193168190159397;0.033546529802488206;2.065941446629927;0.4915955095050806;1.3613484334123478;0
0.04009300143027941;0.9705015154076385;0.001607448763688387;0.043336392372795005;0.02224456154238494;-1.304838440386606;0.0004948205182129509;0.03059039461609031;0.025657520262557562;-1.657754035305976;0.000658308346023552;0.03874783318038125;0.06423982869379;0.03538003827395962;0.0012517471082668476;0.04056262454210944;1.7039000826733628;0.5458742696199854;1.390725167684285;0
0.04087889127391502;2.1937321772575076;0.0016710837517845657;0.036963393494442755;0.02048201974810127;-1.0043877032129942;0.0004195131329616103;0.02855103497501771;0.0335897895390912;-0.9948209070985825;0.0011282739612804404;0.0479249515652084;0.0927908636688079;0.03452027847437045;0.0011916496259480839;0.030172627111410825;3.5406124480898042;0.5581744889157778;1.8284499574831306;0
0.020732793169930375;-0.7520231927148388;0.00042984871262711165;0.025746915468542853;0.015086601855813241;-1.4745246412749395;0.00022760555555582752;0.02243295605179979;0.034492289776793986;-1.2432034629261621;0.001189718054046327;0.04792495156520844;0.0927908636688079;0.01531417810136949;0.00023452405092046487;0.026100711451321805;-1.8963727669957984;0.29330955872570424;0.26681009127709554;0
0.017264078617103912;-1.5106268047465043;0.0002980484104975445;0.026511675333945148;0.022601168472671983;1.37976669949349;0.000510812816330102;0.019883756500458705;0.030311544161811612;-0.7813214119181126;0.0009187897094734557;0.04129703273172225;0.08259406546344429;0.020954328165358697;0.00043908386886154483;0.025365627431152685;-0.032489327053482245;0.34608443808466965;0.5473420711845606;0
0.020716069801070804;-1.0258619026109401;0.0004291555480028378;0.0277862751096156;0.02506303423106815;1.3039622429350985;0.0006281556848676937;0.019883756500458705;0.03043543160237262;-0.3191585940843552;0.000926315496822702;0.03772815335984504;0.08259406546344429;0.01886305389631612;0.0003558148022953268;0.018458541507361273;0.8444486091683352;0.30131923753646395;0.7171313714175679;0
0.016624891457962167;-0.9370677871053473;0.00027638701598902343;0.0237075558274702;0.025004689382073387;1.3762557706206096;0.0006252344910939735;0.01937391659019061;0.033561033993073745;-0.20371982214353251;0.0011263430026842514;0.038237993270113145;0.0897318242071988;0.019465450132750202;0.00037890374887058483;0.021002229504871628;0.09329750794851535;0.3073735117894697;0.5910848151299427;0
0.014521809769972;0.04169343247135515;0.0002108829589952542;0.015040277352911198;0.025083768293542006;1.224377229752457;0.0006291954318041033;0.01937391659019061;0.02987223510608704;3.9876094226933803;0.000892350430233339;0.020903436320995145;0.0897318242071988;0.01940184245338957;0.0003764314905861498;0.020677931284488;0.13032837081080756;0.30592150222076897;0.5849246530249201;0
0.01906250708420189;-1.0714785782228404;0.00036337917633524723;0.024727235648006496;0.025025471784371665;1.2877809318676967;0.0006262742380303824;0.018864076679922404;0.01265193726067723;-1.5732515050013496;0.00016007151644811284;0.019883756500458795;0.032629754257163204;0.01808411389179305;0.0003270351752513424;0.020677931284488;0.1943434667363178;0.2810800862123918;0.9007829650023573;0
0.030079731708429473;0.7976016292911886;0.0009047902596510974;0.0275313551544815;0.024100258160062196;2.342162573242301;0.0005808224433816444;0.00968695829509525;0.012354948507242744;-0.6463864438573502;0.0001526447526166197;0.015805037218313396;0.032629754257163204;0.022816563107869274;0.0005205955520553811;0.03576667452524858;-1.6916634981894654;0.32562672374608953;0.395542757272423;0
0.03424215378413609;-1.2236486065946295;0.0011725250957764254;0.04537575201386766;0.027123702275827215;0.120479382839126;0.0007356952251477145;0.021413276231263267;0.012659761588735368;-0.43975791953244964;0.00016026956348361946;0.014785357397777046;0.032629754257163204;0.024074754455460527;0.0005795938020907165;0.04203664060434753;-2.3277321018435946;0.32643168356684726;-0.14180136619973152;0
0.04604810223526413;-1.2822673177874584;0.0021204277194693372;0.0647496686040583;0.0196756815042402;-0.5241936091445651;0.0003871324426562999;0.022942795962067664;0.011461007647657902;1.988077220297967;0.0001313546962996729;0.010706638115631648;0.032629754257163204;0.032518394953786535;0.0010574460103704494;0.04487033464525865;-0.5394225351357804;0.411144149693287;0.6142671095974368;0
0.044600412582921814;-1.2746981515763942;0.0019891968025668506;0.06271030896298564;0.014991126493395422;0.018959456466524215;0.00022473387354098213;0.017334556949117785;0.013768824377505144;0.899838574376625;0.0001895805247385799;0.012745997756704347;0.042826552462526805;0.031195019463818113;0.0009731292393479908;0.03768023257494452;-0.6301148355255115;0.35959054349509584;-0.06245333558767337;0
0.04399405123634005;0.15098336650494487;0.0019354765441857134;0.04639543183440403;0.016477939363870393;-2.1518290726793188;0.00027152248567938935;0.028041195064749613;0.009379893150977429;-0.09271783612943665;8.798239552375329e-05;0.011216478025899847;0.027531355154481497;0.03286216997768682;0.0010799222156423808;0.03892928941731423;-0.9128056699800033;0.35669224770433333;-0.5671615741138868;0
0.04021799687702773;3.410077406768836;0.001617487272800612;0.028551034975017875;0.019454251074068382;-1.5701183431952757;0.0003784678848528908;0.02957071479555412;0.0093163358307177;1.254123434080404;8.679411331071446e-05;0.009686958295095346;0.027531355154481497;0.027957626561150428;0.0007816288829327439;0.0200100218959003;2.2562515424584775;0.28663957390701;-1.0684739292217933;0
0.018916169839619613;-0.7243564804105084;0.00035782148140133473;0.026001835423676983;0.018329942600476164;-0.6658761485067594;0.0003359867957367509;0.02396247578260441;0.011152288478068964;1.8451064191311246;0.00012437353829806977;0.008157438564290798;0.035688793718772295;0.015396522781853016;0.00023705291377211892;0.016543062836577208;0.8449246470539264;0.14647705028411068;1.149753518760271;0
0.02649018985508309;-0.28807553716938655;0.0007017301585583469;0.03110023452635874;0.017551699739066208;0.5409175827087523;0.00030806216373033675;0.019883756500459093;0.017950557840051895;1.4807558868500592;0.00032222252676904857;0.012745997756704347;0.0581217497705721;0.01581624702891663;0.0002501536700797142;0.01740088391856133;0.7992597351996793;0.15179401534652198;1.251283893788589;0
0.034127190099021605;-1.232185533024173;0.0011646651040547581;0.04690527174467218;0.018367719645761647;0.3799530120181295;0.00033737312498529834;0.019883756500459093;0.025463817354203395;0.22772162917790267;0.00064840599424823;0.023452635872336043;0.0774956663607628;0.014937093740775178;0.00022311676942070497;0.017825662968458958;0.31808804048757083;0.13961080606007822;0.8509176218064407;0
0.03208675571042015;-1.8371498591624096;0.00102955989202018;0.052513510757622145;0.01849163553452386;1.32630798917299;0.0003419405847416655;0.019118996635056618;0.02525760549192151;0.25185154712782276;0.0006379466351855436;0.023452635872336043;0.0774956663607628;0.015845005494060746;0.00025106419910681524;0.015410050480176282;1.1414635585711295;0.1621187837159369;-0.8942779973069614;0
0.031129275076582048;-0.7300226099726146;0.0009690317667935123;0.04359131232792905;0.019107906423675117;1.129649930561125;0.0003651120878959248;0.02090343632099534;0.020543870390070995;-0.9941958240099715;0.00042205061060403585;0.02880595493015195;0.05506271030896301;0.01576643602592604;0.0002485805049596185;0.014516253315555047;0.5302961295573617;0.1651473405497976;-0.359473337964007;0
0.023579751360960948;-1.2674611901544828;0.0005560046742447397;0.03262975425716325;0.01870196360396876;1.311738051500258;0.00034976344264417214;0.018864076679922626;0.019035215507023574;-0.5422049328204537;0.00036233942939883066;0.02319771591720205;0.05506271030896301;0.015668506607452806;0.0002455020993077923;0.017271087277178562;-0.5823145843803076;0.17718725255942977;-0.24538891823694908;0
0.021272637311640565;2.6566438800763863;0.00045252509819260233;0.018099316814520254;0.014518399893841441;-0.948167143211915;0.00021078393547749517;0.018864076679922626;0.015938395680124826;-0.12248809121637336;0.0002540324568562217;0.0219231161415316;0.043336392372795005;0.01609415518232755;0.0002590218310328408;0.022724010565715616;-1.050247725900443;0.18556029363213833;0.1584864866602497;0
0.011257785074535528;-1.4160826278261731;0.0001267377247844349;0.016059957173447555;0.018080072180253374;-1.2966921279108419;0.00032688901004317194;0.024472315692872337;0.022165684317711203;0.5724600662749524;0.0004913175612724284;0.022687876006933852;0.0693382277964719;0.01874313843940554;0.00035130523855872155;0.024138326492488232;-0.5767421235090204;0.23139965066485477;0.4522945037218052;0
0.02853347131050556;4.998947083675306;0.0008141589850274439;0.016059957173447555;0.021763314622397844;-0.6806469284149358;0.00047364186335347586;0.022178036096665688;0.021774118238468407;0.8594558950573188;0.0004741122250628025;0.020138676455592947;0.0693382277964719;0.026223407924296966;0.0006876671231640809;0.03209424554320625;-0.3938354122028116;0.30512404416087185;0.8403114700381665;0
0.04351681715812051;-0.22260274088244572;0.0018937133755732914;0.0497093912511472;0.02241335948718789;-0.8678425909456507;0.0005023586835019154;0.024727235648006496;0.018836497605701108;-1.1769121818344324;0.00035481364204958363;0.0257469154685429;0.0499643112062812;0.030394428328359424;0.0009238212734077779;0.04144387109598294;-1.1840505825244165;0.3418752584518296;0.8044320685554872;0
0.04576877350739529;-2.094507201150261;0.0020947806283712488;0.07775058631589685;0.022368581923479465;-0.9593690513483552;0.0005003534572674123;0.027021515244213257;0.019779836163200587;-2.0064350941394506;0.0003912419186430577;0.03262975425716325;0.0499643112062812;0.02949740625402286;0.0008700969757148669;0.044961435270556876;-1.5833327052801827;0.3131499483221442;0.2357198181435611;0
0.04325276649132553;-1.8444009360539055;0.0018708018091531326;0.06780870806566738;0.026442719920525572;-1.332098869546828;0.00069921743679536;0.03721831344957666;0.020946914024853738;-1.4977291615189017;0.00043877320716461423;0.03059039461609054;0.0560823901294993;0.03123609707037786;0.0009756937601900685;0.050466645864555626;-1.896208169544367;0.34300921086850283;0.47179588228644237;0
0.039331226707810064;-1.4096373146071186;0.0015469453943411518;0.05455287039869479;0.029136592038848014;-2.2186035799670516;0.0008489409956382615;0.05098399102681733;0.026046307226312546;-0.8518996328652839;0.0006784101201274612;0.0316100744366269;0.0723972672580809;0.03380045537129835;0.0011424707833071316;0.055765179064889425;-1.9284711715097125;0.38094658383057906;0.35776296959783227;0
0.032103532091901414;-1.5604791881695177;0.001030636772775744;0.04996431120628124;0.026840426032284866;-1.3800658950501692;0.000720408469594555;0.03823799327011307;0.02572112210051128;0.5105567887597481;0.0006615761221094098;0.029060874885286;0.0744366268991536;0.0336770837434331;0.001134145969462206;0.055765179064889425;-1.911354735157876;0.377931741786381;0.31828438089228916;0
0.029808354949574806;-1.32280523728761;0.0008885380247998409;0.04486591210359949;0.029987825838769126;-0.7817510960182403;0.0008992696985363492;0.03823799327011307;0.034932317547984156;0.12692742230063062;0.0012202668092732019;0.03823799327011315;0.10808606097685311;0.03202048752534849;0.0010253116213609981;0.04972611959797406;-1.724411133662209;0.35251518025634326;0.3232061426897246;0
0.035865240771736334;-0.4613951645162871;0.0012863154956146185;0.04231671255225859;0.030772142701721274;-0.893815588315794;0.0009469247664550978;0.04078719282145399;0.02682266519636294;-0.7537961487001062;0.0007194553682361796;0.03364943407769955;0.07545630671968989;0.030695870683108622;0.0009422364769941274;0.03413027734758168;0.03872197908770118;0.38960583018498857;0.8851884114536022;1
0.02890948788611393;-0.850860074459154;0.0008357584898373681;0.035178953808504144;0.03044661366239698;-1.0932416454219827;0.0009269962835072583;0.040532272866319996;0.024406473957633196;0.4838105044639242;0.0005956759710446275;0.02345263587233605;0.07545630671968989;0.02684699611971388;0.000720761200651932;0.02656992002041001;0.32569072669734567;0.42563492570215433;0.08482275700775337;1
0.03435637250378237;0.9716617339872776;0.0011803603316186534;0.032119914346895095;0.03354461754215194;-1.6611131026697976;0.001125241366049248;0.052513510757622006;0.019204829335655878;-0.833317394993584;0.0003688254698116686;0.02498215560314055;0.052513510757622;0.0192843578900604;0.00037188645923193474;0.020174019453605266;0.39335345210678696;0.3496642928119416;-0.5232503198441031;1
0.03541933012375914;0.6389477601684334;0.0012545289464158315;0.0367084735393087;0.028707546507867217;-1.067619628737552;0.0008241232265013592;0.04104211277658809;0.02462936645179171;0.8822968726834773;0.000606605691816643;0.0277862751096155;0.0703579076170082;0.022313835663708228;0.0004979072620269773;0.027013988731703048;-0.48951777883320136;0.38581593437506717;-0.26570608367894527;1
0.03782906774969462;0.07092646270166299;0.0014310383668109858;0.045885591924135855;0.027904684765333247;-0.7703173837101694;0.0007786714318526214;0.03492403385337006;0.02413438852269288;1.0291328550070034;0.0005824687093642899;0.0272764351993473;0.0683185479759355;0.022568752412385713;0.000509348585451566;0.027942092725813994;-0.190738801208645;0.37211743944668224;-0.7329811083175702;1
0.03331226578456823;0.2147539548853871;0.0011097070517017153;0.0367084735393087;0.028934952301048384;-0.34490030086924006;0.0008372314646639453;0.03619863362904041;0.028298684881283596;0.5998134747205199;0.0008008155660101888;0.0272764351993473;0.0887121443866625;0.02135180542647919;0.00045589959497022614;0.025248924654466584;-0.3635534508858065;0.38584591849037253;-0.1109758149477797;1
0.03180370610621504;0.69316363714426;0.0010114757220904996;0.020903436320995252;0.031872713889639095;-1.7025233671167528;0.001015869890690793;0.04868971143061085;0.03372127204272753;0.2615686772189136;0.0011371241881796377;0.033904354032833595;0.1009483022330987;0.02095306972411217;0.00043903113086350606;0.023105158696758762;-0.05768785012955391;0.38287830051146576;-0.03823918567716296;1
0.036432962324292835;-0.1940265032560781;0.001327360743723341;0.043846232283063155;0.03401438524344023;-0.04937868856422796;0.0011569784034891645;0.03619863362904041;0.033717601180766915;0.30140085154542506;0.0011368766293852546;0.033904354032833595;0.1009483022330987;0.024659514411301143;0.0006080916510011687;0.031440404826346496;-0.5939502107112979;0.40168407879703033;-0.3564685277702394;1
0.036102419233166864;0.11010664568470432;0.0013033846744873367;0.04333639237279495;0.03400856229566536;0.02655238750697393;0.0011565823094181517;0.03619863362904041;0.03572640494116549;0.11666060997376562;0.001276376010020134;0.04308147241766075;0.1009483022330987;0.020577697562430136;0.00042344163697084314;0.031440404826346496;-1.6103839458635192;0.32220984280268744;0.22906825527337893;1
0.02780358734552804;-2.3139408558161714;0.0007730394692804071;0.04919955134087896;0.03282887194844097;0.31888440441694144;0.001077734833407134;0.030845314571224747;0.037460142419392856;2.330373510111143;0.0014032622700811959;0.032629754257163204;0.11216478025899859;0.023138325278320233;0.000535382096685353;0.03492994479661192;-1.5596591843713483;0.32712769152556503;-0.310105896246281;1
0.037659028709224836;-1.202930496248544;0.0014182024433222206;0.0525135107576221;0.03520339933418121;-0.5220781952587835;0.0012392793246818296;0.03874783318038144;0.01945170587211152;-1.2422661826767054;0.0003783688613351378;0.026511675333945106;0.0540430304884266;0.024454769039390742;0.000598035728769944;0.03934509691573415;-1.6975285431206992;0.3805762819441055;0.390001096791509;1
0.03538978771627902;-0.4435465041269516;0.0012524370746032937;0.0402773529111859;0.036447228847468593;-0.9565247306761215;0.001328400490659747;0.04690527174467218;0.05251999237219519;4.537883905565589;0.002758349598775441;0.031100234526358655;0.15601101254206168;0.03207804631624575;0.0010290010554672077;0.05308796904398756;-1.7443236440794379;0.4512717414867521;0.3969029631082732;1
0.04017796670407352;-0.8033208001149241;0.0016142690084736402;0.0563373100846334;0.0377910926647555;-1.1562790502467686;0.0014281666847961371;0.055062710308962926;0.051722522711306285;4.114677974584917;0.002675219355621594;0.033649434077699554;0.15601101254206168;0.03112518581900727;0.0009687771922677313;0.04652141089134227;-1.6524746233054253;0.39329918850996903;-0.33307990978061874;1
0.04079402046307564;0.48140796873669417;0.0016641521055418343;0.04970939125114711;0.035434703400919206;-1.414693398033623;0.001255618205111115;0.05200367084735402;0.049233095246631255;4.319400807798116;0.0024238976675638652;0.01886407667992245;0.15601101254206168;0.030893011263783493;0.0009543781449442537;0.03273845605261855;-0.8718615754525786;0.3700602149319915;-0.8795656793439734;1
0.043263210684744986;-1.5094665798690259;0.0018717053987526327;0.06806362802080146;0.030219114492658506;-1.6862092035579472;0.0009131948807204034;0.04792495156520854;0.04959081632118767;3.489994977035677;0.002459249063401773;0.0260018354236769;0.15601101254206168;0.03622454905658797;0.0013122179543531487;0.05921739936760726;-2.363797842327749;0.48480011255010136;-0.22230115952686758;1
0.04762648642735098;-0.9350926867326905;0.0022682822094146466;0.06220046905271745;0.02969018954199123;-1.3213685468281469;0.0008815073550393653;0.0428265524625267;0.04800030936695686;2.638905263733437;0.0023040296993235665;0.02906087488528595;0.15601101254206168;0.0347424263807559;0.0012070361908222435;0.03806009749636177;-0.805502910948914;0.4083642716696859;-1.0164245788185793;1
0.05274106678336585;-2.189569707207363;0.0027816201254474565;0.0917711838482716;0.029745169878910124;-1.3935977809015945;0.0008847751311252222;0.0428265524625267;0.039684008297911265;4.713743893482437;0.0015748205145886902;0.0260018354236769;0.11420413990007129;0.042776712486637544;0.0018298471311644522;0.0701369171698933;-2.200714467394892;0.5845207214606961;-0.3717782250166931;1
0.047443166739690526;-2.0036665757761325;0.002250854070290077;0.0780055062710309;0.029511215472083976;-1.420514883740936;0.0008709118386397687;0.04282655246252681;0.040637608265876354;4.357434123169611;0.0016514152055708223;0.0260018354236769;0.12134189864382569;0.04265810763629587;0.0018197141471098042;0.0696632702968366;-2.173063400127437;0.58182415264197;-0.3794515253105145;1
0.047993991085107005;-2.1186358252693758;0.0023034231802773306;0.0780055062710309;0.028045388239673324;-0.861146984108693;0.0007865438015140068;0.030590394616090644;0.014956407543410067;-0.32269611240644025;0.00022369412660457356;0.01631487712858155;0.043846232283063;0.03998620894609532;0.0015988969058807938;0.06690347186923461;-2.349574370447061;0.6585159276492404;0.2865190624681329;1
0.05253660522222431;-0.7542919296083269;0.0027600948882758464;0.06041602936677875;0.022950078233624823;-1.2023481889303453;0.0005267060909294999;0.031610074436627;0.014643613887788957;-0.2868670718960402;0.00021443542769464558;0.0163148771285816;0.043846232283063;0.036084907489021885;0.0013021205484912677;0.041055184512937284;-0.6085190590472763;0.6765521166319663;0.9509405163745103;1
0.046745211866475116;1.4868158997132723;0.0021851148324416457;0.0390027531355154;0.020771265412845675;-0.7751034703967775;0.000431445466850879;0.026511675333945273;0.015356578640092522;-0.8118334391311741;0.00023582450752934587;0.01937391659019065;0.043846232283063;0.031096061946301063;0.000966965068568193;0.019272965165638214;3.935750560719731;0.6600316322871465;1.7748742614951059;1
0.04721524458646373;1.4061794132808045;0.0022292793213595924;0.0430814724176608;0.016651301742178593;-2.1579937500000015;0.0002772658497090798;0.026511675333945273;0.018958002470866805;0.3455422278310465;0.00035940585768539187;0.019373916590190603;0.0591414295911083;0.031091989078082694;0.0009667117848316135;0.019249454249511758;3.9371785510450494;0.6598511012802247;1.7749502843625613;1
0.027336214053616324;0.12473280812078542;0.0007472685987851307;0.028296115019883696;0.020991775865846354;-1.2553918242646198;0.0004406546540019294;0.02906087488528608;0.019513967754408425;-0.44952131291480485;0.00038079493752009183;0.02447231569287235;0.0530233506678902;0.013533246316646071;0.00018314875586701446;0.01887362680362073;-0.292312986609614;0.3524086469544523;-0.7953004472625346;1
0.030275382972692104;-0.9943063668282519;0.000916598814143175;0.03747323340471085;0.025136021065883963;-1.8685149138108266;0.0006318195550245623;0.04027735291118589;0.051792833328332795;4.592936779319233;0.00268249758417646;0.031610074436626855;0.1529519730804527;0.04189980019226645;0.0017555932561518512;0.014839739132237843;6.055931559135852;0.7251946953842071;2.400226484513053;1
0.030571573305511534;-1.2187575127738335;0.0009346210943742655;0.042316712552258454;0.022198885920221536;-1.7055081519532926;0.00049279053609901;0.035178953808504165;0.051922680810902865;4.589496410587702;0.002695964782590901;0.031610074436626855;0.1529519730804527;0.043265231489638206;0.0018718802558519816;0.020433369389727528;5.694554254014084;0.7783742551156039;2.315295546730825;1
0.030571573305511534;-1.2187575127738335;0.0009346210943742655;0.042316712552258454;0.022198885920221536;-1.7055081519532926;0.00049279053609901;0.035178953808504165;0.051922680810902865;4.589496410587702;0.002695964782590901;0.031610074436626855;0.1529519730804527;0.043265231489638206;0.0018718802558519816;0.020433369389727528;5.694554254014084;0.7783742551156039;2.315295546730825;1
0.030571573305511534;-1.2187575127738335;0.0009346210943742655;0.042316712552258454;0.022198885920221536;-1.7055081519532926;0.00049279053609901;0.035178953808504165;0.051922680810902865;4.589496410587702;0.002695964782590901;0.031610074436626855;0.1529519730804527;0.043265231489638206;0.0018718802558519816;0.020433369389727528;5.694554254014084;0.7783742551156039;2.315295546730825;1
0.030571573305511534;-1.2187575127738335;0.0009346210943742655;0.042316712552258454;0.022198885920221536;-1.7055081519532926;0.00049279053609901;0.035178953808504165;0.051922680810902865;4.589496410587702;0.002695964782590901;0.031610074436626855;0.1529519730804527;0.043265231489638206;0.0018718802558519816;0.020433369389727528;5.694554254014084;0.7783742551156039;2.315295546730825;0
