;len;Скорость;Широта;Долгота;Вес мгновенный;Продольный наклон;Поперечный наклон;Высота;Уровень топлива, литры;Уровень топлива, проценты;путь;ДВС.Расход топлива;Ускорение по оси X;Ускорение по оси Y;Ускорение по оси Z;Статус самосвала;Самосвал;Модель самосвала;Грузоподъемность;Обороты двигателя;Расчетный выходной крутящий момент двигателя (в процентах от эталонного);Текущая нагрузка двигателя;Давление в левой передней шине;Температура в левой передней шине;Давление в правой передней шине;Температура в правой передней шине;Давление в левой задней внешней шине;Температура в левой задней внешней шине;Давление в левой задней внутренней шине;Температура в левой задней внутренней шине;Давление в правой задней внутренней шине;Температура в правой задней внутренней шине;Давление в правой задней внешней шине;Температура в правой задней внешней шине;Расход топлива;Давление левый передний цилиндр;Давление правый передний цилиндр;Давление левый задний цилиндр;Давление правый задний цилиндр;уклон;azimut;isin_border;Давление левый передний цилиндр_;Давление правый передний цилиндр_;Давление левый задний цилиндр_;Давление правый задний цилиндр_;point;nom_point;уровень давления впереди,МПа;уровень давления сзади,МПа;рекомендованная скорость_turns;Поворот влево;Поворот вправо;centr;radius;подъем;спуск;рекомендованная скорость_min;рекомендованная скорость_max
0;0.0;9.0;53.7282564;86.8523268;214.0;3.2745644933675173;-2.3300844888781853;1.708447363619771;;41.2;0.0;193.15;-0.0509839910268175;-1.01458142143367;-0.058121749770572;Груженный движется вперед;95;7530G;240;1394.0;57.0;65.0;788.0;27.0;792.0;27.0;864.0;44.0;880.0;39.0;24.0;44.0;;;0.2682638888888889;3.6;6.6;11.0;8.0;3.5888863592214704;2.654092459290495;1;5.0;7.25;9.7;9.7;point_60%;1;5.0;9.7;0.0;0;0;-;0.0;0;0;0.0;0.0
1;12.0;9.0;53.7283053;86.8521709;215.0;2.4795621681262143;-2.470116800912542;1.3721246824695075;;41.6;11.621282087432895;323.5;-0.078515346181299;-1.009483022330988;-0.0438462322830631;Груженный движется вперед;95;7530G;240;1496.0;89.0;95.0;788.0;27.0;792.0;27.0;864.0;44.0;880.0;39.0;24.0;44.0;;;0.6277083333333333;6.6;4.3;10.0;11.0;2.859808887720771;2.361696384987842;1;7.25;7.25;9.7;9.7;point_60%;1;5.0;9.7;0.0;0;0;-;0.0;0;0;0.0;0.0
2;21.0;9.0;53.728362;86.852074;215.0;4.323557922154658;-2.6065562601413337;1.162600872945701;;40.8;8.975932094797495;250.45;-0.0050983991026817;-1.011522381972061;-0.0764759865402263;Груженный движется вперед;95;7530G;240;1501.0;69.0;70.0;788.0;27.0;792.0;27.0;864.0;44.0;880.0;39.0;24.0;44.0;;;1.1842638888888888;4.1;5.3;10.7;11.3;2.2830295680099084;2.3821168161870228;1;7.25;7.25;9.7;9.7;point_60%;1;5.0;9.7;0.0;0;0;-;0.0;0;0;0.0;0.0
3;40.0;12.0;53.7284817;86.8518609;216.0;3.2130910498891545;-2.7373612143887405;1.0793650793650822;;40.8;19.35277873034275;124.725;-0.0428265524625267;-0.979912307535434;-0.0550627103089629;Груженный движется вперед;95;7530G;240;913.0;52.0;100.0;788.0;27.0;792.0;27.0;864.0;44.0;880.0;39.0;24.0;44.0;;;1.3574930555555556;6.7;6.8;7.9;12.2;1.8473499652743217;2.390041272055681;1;7.25;7.25;9.7;9.7;point_60%;1;5.0;9.7;0.0;0;0;-;0.0;0;0;0.0;0.0
4;50.0;8.0;53.7285455;86.8517455;217.0;3.7361686877729037;-2.8604900114789418;1.1219064460443822;;41.2;10.402153039009477;222.575;-0.0061180789232181;-1.0461914958702967;-0.0683185479759355;Груженный движется вперед;95;7530G;240;1482.0;63.0;65.0;788.0;27.0;792.0;27.0;864.0;44.0;880.0;39.0;24.0;44.0;;;1.6047986111111112;6.4;5.0;4.5;13.8;1.5415716446994474;2.2416371479608745;1;5.0;5.0;9.7;14.064999999999998;point_60%;1;5.0;9.7;0.0;0;0;-;0.0;0;0;0.0;0.0
5;60.0;9.0;53.7286111;86.8516575;218.0;-1.8190662657599834;-2.973900999236117;1.2897141173003306;;41.2;9.322983305455477;131.54999999999998;-0.0479249515652085;-1.058427653716733;0.0336494340776996;Груженный движется вперед;95;7530G;240;983.0;39.0;43.5;788.0;27.0;792.0;27.0;864.0;44.0;880.0;39.0;24.0;44.0;;;1.8605902777777776;6.4;8.0;13.3;7.5;1.3544961714707218;2.893752770417519;1;5.0;5.0;14.064999999999998;14.064999999999998;point_60%;1;5.0;9.7;0.0;0;0;-;0.0;0;0;0.0;0.0
6;87.0;13.0;53.7286711;86.8512567;209.0;-5.312368297827721;-3.075552525484446;1.5822772374496588;;42.8;27.228182923228204;40.525000000000006;-0.0989089425920261;-0.9544203120220252;0.0892219842969307;Груженный движется вперед;95;7530G;240;1301.0;15.0;22.0;788.0;27.0;792.0;27.0;864.0;44.0;880.0;39.0;24.0;44.0;;;1.905618055555556;10.1;8.4;11.7;12.9;1.2749251107735824;2.958516445489564;1;8.75;7.25;9.7;14.064999999999998;point_60%;1;5.0;9.7;0.0;0;0;-;0.0;0;0;0.0;0.0
7;104.0;12.0;53.7286989;86.8510029;214.0;-1.161239779489109;-3.163402938048108;1.9990849508090975;;43.6;16.99903980524056;37.45;-0.0805547058223717;-0.9523809523809524;0.0193739165901906;Груженный движется вперед;95;7530G;240;1301.0;14.0;21.0;788.0;27.0;792.0;27.0;864.0;44.0;880.0;39.0;24.0;44.0;;;1.9472291666666668;8.8;7.4;11.8;14.1;1.2916600277934664;3.0219346203753794;1;8.75;7.25;9.7;14.064999999999998;point_60%;1;5.0;9.7;0.0;0;0;-;0.0;0;0;0.0;0.0
8;118.0;12.0;53.7287142;86.8507878;215.0;2.6460018260331424;-3.235410584751283;2.5396264016953767;;40.8;14.268242163043771;198.475;-0.07545630671969;-1.0563882940756602;-0.0489446313857448;Груженный движется вперед;95;7530G;240;1268.0;63.0;99.5;788.0;27.0;792.0;27.0;864.0;44.0;880.0;39.0;24.0;44.0;;;2.1677569444444447;7.2;7.9;12.1;13.1;1.393502487715812;2.8783742284452964;1;7.25;7.25;9.7;14.064999999999998;point_60%;1;5.0;9.7;0.0;0;0;-;0.0;0;0;0.0;0.0
9;133.0;11.0;53.7287494;86.850567;218.0;4.7893450425463735;-3.28953381341815;3.203390734425227;;40.0;15.06031367287775;434.875;-0.0571020699500356;-1.020699500356888;-0.0856531049250535;Груженный движется вперед;95;7530G;240;1791.0;98.0;100.0;788.0;27.0;792.0;27.0;864.0;44.0;880.0;39.0;24.0;44.0;;;2.650951388888889;5.0;5.2;9.9;14.9;1.5692540557260544;2.5394615503702864;1;5.0;5.0;9.7;14.064999999999998;point_60%;1;5.0;9.7;0.0;0;0;-;0.0;0;0;0.0;0.0
10;148.0;14.0;53.7288234;86.850385;218.0;4.67937420970387;-3.323730971872889;3.9898670933153797;;38.4;14.544131718303252;401.975;-0.0346691138982359;-1.0084633425104517;-0.0825940654634444;Груженный движется вперед;95;7530G;240;1830.0;85.0;100.0;788.0;27.0;792.0;27.0;864.0;44.0;880.0;39.0;24.0;44.0;;;3.097590277777778;3.7;5.5;9.8;8.9;1.8077162970096317;2.1413209723465387;1;5.0;5.0;9.7;9.7;-;0;5.0;9.7;0.0;0;0;-;0.0;0;0;0.0;0.0
11;164.0;16.0;53.7289462;86.8502518;221.0;5.268247835843845;-3.33596040793968;4.8985446226825635;;38.0;16.24285284460135;402.45;0.0101967982053635;-0.9952075048434792;-0.0917711838482716;Груженный движется вперед;95;7530G;240;1829.0;85.0;100.0;788.0;27.0;792.0;27.0;864.0;44.0;880.0;39.0;24.0;44.0;;;3.5447569444444444;3.6;5.5;9.6;10.7;2.0976907767519797;2.115925058523427;1;5.0;5.0;9.7;9.7;-;0;5.0;9.7;0.0;0;0;-;0.0;0;0;0.0;0.0
12;184.0;15.0;53.7290979;86.8500963;219.0;3.532861608965298;-3.3241804694427017;5.928912466843511;;38.0;19.750021173697576;410.125;-0.0091771183848271;-1.0074436626899157;-0.0622004690527174;Груженный движется вперед;95;7530G;240;1828.0;86.0;100.0;788.0;27.0;792.0;27.0;864.0;44.0;880.0;39.0;24.0;44.0;;;4.000451388888889;4.0;6.1;9.9;10.8;2.4279790601385383;1.9905851473877076;1;5.0;5.0;9.7;9.7;-;0;5.0;9.7;0.0;0;0;-;0.0;0;0;0.0;15.0
13;205.0;21.0;53.729273;86.8499642;215.0;2.353426505677403;-3.286349504206197;7.080459770115073;;38.0;21.345722700076163;310.29999999999995;-0.1254206179259712;-1.009483022330988;-0.0418068726419904;Груженный движется вперед;95;7530G;240;1648.0;78.0;80.5;788.0;27.0;792.0;27.0;864.0;44.0;880.0;39.0;24.0;44.0;;;4.345229166666667;5.8;5.1;11.2;10.2;2.787382712354791;2.0113768501328124;1;5.0;5.0;9.7;9.7;-;0;5.0;9.7;0.0;0;0;-;0.0;1;0;0.0;0.0
14;228.0;23.0;53.7294582;86.8498166;215.0;1.91651013495251;-3.2374116131874766;8.314176245210879;;37.6;22.793402069690234;265.65;-0.0662791883348628;-1.0339553380238604;-0.0346691138982359;Груженный движется вперед;95;7530G;240;1568.0;71.0;72.5;788.0;27.0;792.0;27.0;864.0;44.0;880.0;39.0;24.0;44.0;;;4.640395833333334;5.6;5.3;9.9;9.4;3.133554104584345;1.9890419028288253;1;5.0;5.0;9.7;9.7;-;0;5.0;9.7;0.0;0;0;-;0.0;1;0;0.0;0.0
15;258.0;26.0;53.7297067;86.8496299;216.0;3.26619797543436;-3.2555740142159904;9.729501915708989;;38.4;30.27280547750743;343.4;-0.0683185479759355;-0.9982665443050882;-0.0571020699500356;Груженный движется вперед;95;7530G;240;1712.0;83.0;85.5;788.0;27.0;792.0;27.0;864.0;44.0;880.0;39.0;24.0;44.0;;;5.02195138888889;5.0;6.1;11.8;10.1;3.4283529062180444;1.8729280232666419;1;5.0;5.0;9.7;9.7;-;0;5.0;9.7;0.0;0;0;-;0.0;1;0;0.0;0.0
16;288.0;26.0;53.7299582;86.8494974;215.0;2.4525566809753094;-2.911866203681134;11.26819923371668;;38.4;29.32565862171752;393.6625;-0.0922810237585397;-0.9477923931885388;-0.040787192821454;Груженный движется вперед;95;7530G;240;1807.0;88.5;91.0;788.0;27.0;792.0;27.0;864.0;44.0;880.0;39.0;24.0;44.0;;;5.678055555555557;8.4;6.3;13.2;13.0;3.778953469943219;1.708707404329064;1;8.75;5.0;14.064999999999998;14.064999999999998;point_60%;2;5.0;9.7;0.0;0;0;-;0.0;1;0;0.0;0.0
17;327.0;28.0;53.7303107;86.8494147;218.0;3.7651696349189523;-2.702065643726403;12.981609195402537;;38.8;39.61693785991787;401.85;-0.0744366268991536;-1.0043846232283062;-0.0662791883348628;Груженный движется вперед;95;7530G;240;1830.0;85.0;99.0;788.0;27.0;792.0;27.0;864.0;44.0;880.0;39.0;24.0;44.0;;;6.236180555555556;5.3;5.6;10.2;9.1;4.175994361861665;1.7148517588874057;1;7.25;5.0;9.7;9.7;point_60%;2;5.0;9.7;0.0;0;0;-;0.0;0;0;0.0;0.0
18;366.0;28.0;53.7306602;86.849329;220.0;2.5854904358672033;-2.2619330389519683;14.919540229885332;;39.2;39.31404113619573;398.45;-0.07545630671969;-1.0359946976649332;-0.0469052717446721;Груженный движется вперед;95;7530G;240;1831.0;84.0;100.0;788.0;27.0;792.0;27.0;864.0;44.0;880.0;39.0;24.0;44.0;;;6.568222222222223;7.5;5.3;8.8;10.6;4.639239572330484;1.6019684715187443;1;7.25;5.0;9.7;9.7;point_60%;2;5.0;9.7;0.0;0;0;-;0.0;0;0;0.0;0.0
19;396.0;25.0;53.7309277;86.8493149;219.0;3.944509810085306;-1.8792373725524945;17.065134099617175;;40.0;29.792941872463683;407.8250000000001;0.0367084735393086;-0.9901091057407974;-0.0683185479759355;Груженный движется вперед;95;7530G;240;1828.0;86.0;100.0;788.0;27.0;792.0;27.0;864.0;44.0;880.0;39.0;24.0;44.0;;;7.021361111111112;4.2;7.0;7.8;11.7;4.810329009863663;1.577338131527263;1;5.0;7.25;9.7;9.7;point_60%;2;5.0;9.7;0.0;0;0;-;0.0;0;0;0.0;0.0
20;424.0;18.0;53.7311809;86.8493121;219.0;5.165286596482358;-1.7605445990919937;19.268199233716828;;40.0;28.187175478679205;414.6125;-0.0571020699500356;-1.0079535026001836;-0.0912613439380034;Груженный движется вперед;95;7530G;240;1826.0;88.0;99.75;788.0;27.0;792.0;27.0;864.0;44.0;880.0;39.0;24.0;44.0;;;7.597211805555556;4.4;4.2;9.8;10.3;4.688276276487443;1.550229305023472;1;5.0;5.0;9.7;9.7;-;0;5.0;9.7;0.0;0;0;-;0.0;0;0;0.0;0.0
21;451.0;13.0;53.7314196;86.8493204;218.0;6.881893179862599;-1.6064520753913623;21.35478927203105;;40.0;26.578033511267147;426.25;-0.0285510349750178;-0.9880697460997246;-0.1193025390027531;Груженный движется вперед;95;7530G;240;1824.0;91.0;99.5;788.0;27.0;792.0;27.0;864.0;44.0;880.0;39.0;24.0;44.0;;;8.189225694444445;3.7;4.2;8.5;10.1;4.64606364379172;1.4959394129019494;1;5.0;5.0;9.7;9.7;-;0;5.0;9.7;0.0;0;0;-;0.0;0;0;0.0;0.0
22;471.0;12.0;53.7315955;86.8493427;219.0;6.94147352638348;-1.4075151068114344;23.39080459770158;;39.6;19.636421446886114;426.0;-0.0295707147955541;-0.9962271846640156;-0.1213418986438258;Груженный движется вперед;95;7530G;240;1824.0;91.0;100.0;788.0;27.0;792.0;27.0;864.0;44.0;880.0;39.0;24.0;44.0;;;8.780892361111112;3.7;3.4;7.2;11.4;4.857677692327005;1.6203451815759404;1;5.0;5.0;9.7;9.7;-;0;5.0;9.7;0.0;0;0;-;0.0;0;0;0.0;0.0
23;484.0;11.0;53.7317136;86.8493328;218.0;6.326719630819913;-1.1372151615503248;25.459770114942998;;39.6;13.163209641623896;426.25;0.0132558376669725;-0.9931681452024064;-0.1101254206179259;Груженный движется вперед;95;7530G;240;1824.0;91.0;100.0;788.0;27.0;792.0;27.0;864.0;44.0;880.0;39.0;24.0;44.0;;;9.609711805555555;3.4;4.1;6.7;11.8;5.163363463434418;1.620394111905262;1;5.0;5.0;9.7;9.7;-;0;5.0;9.7;0.0;0;0;-;0.0;0;0;0.0;0.0
24;513.0;15.0;53.7319734;86.849311;218.0;4.783684289832471;-0.8357721999026736;27.532567049808932;;39.2;28.956902464930813;421.9;0.0418068726419904;-0.9982665443050882;-0.0836137452839808;Груженный движется вперед;95;7530G;240;1824.5;90.0;99.0;788.0;27.0;792.0;27.0;864.0;44.0;880.0;39.0;24.0;44.0;;;10.078489583333337;3.3;5.0;7.0;11.4;5.3926859351866225;1.7433166199350243;1;5.0;5.0;9.7;9.7;-;0;5.0;9.7;0.0;0;0;-;0.0;0;0;0.0;0.0
25;531.0;16.0;53.7321316;86.8492644;219.0;5.1081135153542245;-0.40243120274627;29.534099616858786;;39.2;17.876413574316135;422.0;-0.0361986336290404;-1.01458142143367;-0.0907515040277353;Груженный движется вперед;95;7530G;240;1825.0;90.0;100.0;788.0;27.0;792.0;27.0;864.0;44.0;880.0;39.0;24.0;44.0;;;10.547378472222224;3.4;4.8;8.8;10.9;5.608316439286909;1.7793153243294242;1;5.0;5.0;9.7;9.7;-;0;5.0;9.7;0.0;0;0;-;0.0;0;0;0.0;0.0
26;550.0;17.0;53.7323013;86.8492037;219.0;4.792169773958765;0.02280055909248689;31.52107279693545;;39.2;19.309510755617534;428.95;-0.0152951973080452;-0.9972468644845518;-0.0836137452839808;Груженный движется вперед;95;7530G;240;1823.0;92.0;100.0;788.0;27.0;792.0;27.0;864.0;44.0;880.0;39.0;24.0;44.0;;;11.023989583333336;3.7;4.4;7.6;11.2;5.842655041333138;1.683939438927057;1;5.0;5.0;9.7;9.7;-;0;5.0;9.7;0.0;0;0;-;0.0;0;0;0.0;0.0
27;569.0;17.0;53.7324731;86.8491707;219.0;4.826752338388782;0.06696267612310063;33.43754789272093;;39.6;19.24808233814657;419.375;0.0122361578464362;-0.9901091057407974;-0.0836137452839808;Груженный движется вперед;95;7530G;240;1825.0;89.0;100.0;788.0;27.0;792.0;27.0;864.0;44.0;880.0;39.0;24.0;44.0;;;11.489961805555556;3.7;4.5;7.4;11.2;5.983859385689058;1.9814927758962089;1;5.0;5.0;9.7;9.7;-;0;5.0;9.7;0.0;0;0;-;0.0;0;0;0.0;0.0
28;589.0;15.0;53.7326353;86.8490513;220.0;5.387429051973975;0.16353849146866778;35.272030651341645;;39.2;19.694030452415923;414.0;0.0173345569491179;-1.0054043030488429;-0.0948302233098807;Груженный движется вперед;95;7530G;240;1826.0;88.0;100.0;788.0;27.0;792.0;27.0;864.0;44.0;880.0;39.0;24.0;44.0;;;12.064961805555557;3.7;4.4;6.8;11.9;6.0958163506470235;1.949271955353315;1;5.0;5.0;9.7;9.7;-;0;5.0;9.7;0.0;0;0;-;0.0;0;0;0.0;0.0
29;609.0;12.0;53.7328037;86.8489381;220.0;7.241235388177403;0.35787613679038555;37.01149425287425;;39.2;20.17428005195698;420.125;-0.0091771183848271;-0.9870500662791885;-0.1254206179259712;Груженный движется вперед;95;7530G;240;1825.0;89.0;99.5;788.0;27.0;792.0;27.0;864.0;44.0;880.0;39.0;24.0;44.0;;;12.531767361111111;3.3;4.3;7.9;11.8;6.274921401034017;2.039879415883183;1;5.0;5.0;9.7;9.7;-;0;5.0;9.7;0.0;0;0;-;0.0;0;0;0.0;0.0
30;623.0;10.0;53.732914;86.8488436;219.0;6.581437128610789;0.3533906119444466;38.70804597701221;;38.8;13.765676640225031;393.45;0.0122361578464362;-0.9809319873559702;-0.113184460079535;Груженный движется вперед;95;7530G;240;1832.0;83.0;100.0;788.0;27.0;792.0;27.0;864.0;44.0;880.0;39.0;24.0;44.0;;;12.96893402777778;3.2;4.3;7.3;11.3;6.367756391163281;2.405419358122029;1;5.0;5.0;9.7;9.7;-;0;5.0;9.7;0.0;0;0;-;0.0;0;0;0.0;0.0
31;636.0;9.0;53.7329944;86.8486936;219.0;6.951514106545151;0.2931204318909981;40.36781609195478;;38.8;13.329592158791655;370.7;-0.003059039461609;-0.9952075048434792;-0.1213418986438258;Груженный движется вперед;95;7530G;240;1837.0;77.0;100.0;788.0;27.0;792.0;27.0;864.0;44.0;880.0;39.0;24.0;44.0;;;13.380822916666668;3.5;3.7;7.3;11.2;6.485577374994411;2.4502028307655452;1;5.0;5.0;9.7;9.7;-;0;5.0;9.7;0.0;0;0;-;0.0;0;0;0.0;0.0
32;646.0;9.0;53.7330533;86.8485733;218.0;6.597111213238414;0.13667500333510846;42.06360153256783;;38.8;10.2834829266315;386.4;-0.0112164780258998;-0.9962271846640156;-0.1152238197206077;Груженный движется вперед;95;7530G;240;1834.0;81.0;100.0;788.0722891566265;27.018072289156628;792.0;27.0;864.0;44.0;880.0;39.0;24.0;44.0;;;13.810156250000002;3.9;3.3;6.3;12.0;6.463995860059204;2.693975961923501;0;5.0;5.0;9.7;9.7;-;0;5.0;9.7;9.0;1;0;[53.73249464308007, 86.848021749554];72.01985259159981;0;0;0.0;0.0
33;658.0;11.0;53.7330986;86.8484138;219.0;6.314088931607581;0.21673184940476053;43.73639846743376;;38.8;11.651241644323072;422.8250000000001;0.0101967982053635;-0.9952075048434792;-0.1101254206179259;Груженный движется вперед;95;7530G;240;1824.0;91.0;100.0;788.1686746987951;27.042168674698797;792.0;27.0;864.0;44.0;880.0;39.0;24.0;44.0;;;14.279961805555558;3.7;3.7;6.3;12.1;6.414774388183025;2.868944887375192;0;5.0;5.0;9.7;9.7;-;0;5.0;9.7;9.0;1;0;-;0.0;0;0;0.0;0.0
34;672.0;12.0;53.7331313;86.8482161;219.0;6.916232025507084;0.028930050719376765;45.37318007662919;;38.8;13.51825416268275;421.9;0.0081574385642908;-1.0003059039461608;-0.1213418986438258;Груженный движется вперед;95;7530G;240;1825.0;90.0;100.0;788.2650602409639;27.06626506024097;792.0;27.0;864.0;44.0;880.0;39.0;24.0;44.0;;;14.86593402777778;3.6;4.3;6.8;11.8;6.381949102965106;3.0123770750752588;0;5.0;5.0;9.7;9.7;-;0;5.0;9.7;9.0;1;0;-;0.0;0;0;0.0;0.0
35;689.0;13.0;53.7331514;86.8479546;220.0;5.105254134189923;-0.07469438081776167;46.981609195403166;;38.8;17.365013044352374;414.0;-0.0010196798205363;-1.0043846232283062;-0.0897318242071989;Груженный движется вперед;95;7530G;240;1827.0;88.0;100.0;788.3614457831325;27.09036144578313;792.0;27.0;864.0;44.0;880.0;39.0;24.0;44.0;;;15.325934027777782;3.4;4.5;7.6;11.1;6.421699025506378;3.071555400841608;0;5.0;5.0;9.7;9.7;-;0;5.0;9.7;0.0;0;0;-;0.0;0;0;0.0;0.0
36;705.0;13.0;53.7331616;86.8477088;220.0;5.172637524093924;-0.18300857310374333;48.52337164751047;;38.8;16.226148663963006;408.2;-0.0173345569491179;-1.0023452635872336;-0.0907515040277353;Груженный движется вперед;95;7530G;240;1828.0;86.0;99.5;788.4578313253012;27.114457831325304;792.0;27.0;864.0;44.0;880.0;39.0;24.0;44.0;;;15.779489583333335;3.5;4.2;7.8;10.9;6.5069472565645246;3.0679851336140187;0;5.0;5.0;9.7;9.7;-;0;5.0;9.7;0.0;0;0;-;0.0;0;0;0.0;0.0
37;721.0;12.0;53.7331723;86.8474635;220.0;6.661727826187858;-0.3312320011525658;50.02528735632276;;38.8;16.197297751846502;422.1;-0.0112164780258998;-0.9952075048434792;-0.116243499541144;Груженный движется вперед;95;7530G;240;1825.0;90.0;100.0;788.5542168674699;27.13855421686747;792.0;27.0;864.0;44.0;880.0;39.0;24.0;44.0;;;16.131239583333336;3.4;4.2;7.5;11.2;6.450846105236928;3.0578408618543387;0;5.0;5.0;9.7;9.7;-;0;5.0;9.7;0.0;0;0;-;0.0;0;0;0.0;0.0
38;736.0;12.0;53.7331832;86.847244;221.0;8.355566436540133;-0.2778066616848183;51.6252873563228;;38.8;14.50530218632746;417.9;0.0015295197308045;-0.9788926277148976;-0.1437748546956255;Груженный движется вперед;95;7530G;240;1826.0;89.0;100.0;788.6506024096385;27.16265060240964;792.0;27.0;864.0;44.0;880.0;39.0;24.0;44.0;;;16.59557291666667;3.1;4.7;8.5;11.6;6.319745130059594;3.0923606531014665;0;5.0;5.0;9.7;9.7;-;0;5.0;9.7;0.0;0;0;-;0.0;0;0;0.0;0.0
39;749.0;10.0;53.733189;86.847045;219.0;6.898836719660371;-0.5019340787001312;53.28352490421554;;38.8;13.120393830035574;421.475;0.0010196798205363;-0.986030386458652;-0.1193025390027531;Груженный движется вперед;95;7530G;240;1825.0;90.0;100.0;788.7469879518072;27.186746987951807;792.0;27.0;864.0;44.0;880.0;39.0;24.0;44.0;;;17.063878472222225;3.2;4.1;7.8;11.1;6.216199637231939;3.1001773380260973;0;5.0;5.0;9.7;9.7;-;0;5.0;9.7;0.0;0;0;-;0.0;0;0;0.0;0.0
40;762.0;11.0;53.7331939;86.8468451;219.0;7.132156022027846;-0.6107708534875019;55.00613026820024;;38.8;13.175059037082908;425.05;-0.0050983991026817;-0.9941878250229428;-0.1244009381054349;Груженный движется вперед;95;7530G;240;1824.0;91.0;100.0;788.843373493976;27.210843373493976;792.0;27.0;864.0;44.0;880.0;39.0;24.0;44.0;;;17.654225694444445;3.2;4.2;7.9;10.7;6.105425371459475;3.074402377428708;0;5.0;5.0;9.7;9.7;-;0;5.0;9.7;0.0;0;0;-;0.0;0;0;0.0;0.0
41;778.0;13.0;53.7332037;86.8465989;219.0;6.467544789460351;-0.6773447449644266;56.79923371647615;;38.8;16.249358354298753;426.25;0.0183542367696543;-0.9982665443050882;-0.113184460079535;Груженный движется вперед;95;7530G;240;1824.0;91.0;99.5;788.9397590361446;27.234939759036145;792.0;27.0;864.0;44.0;880.0;39.0;24.0;44.0;;;18.12783680555556;3.3;4.6;8.0;10.9;5.967310424292269;3.0902261826974833;0;5.0;5.0;9.7;9.7;-;0;5.0;9.7;0.0;0;0;-;0.0;0;0;0.0;0.0
42;793.0;14.0;53.7332105;86.8463753;219.0;5.649519726524032;-0.7782578660970325;58.66896551724246;;38.8;14.743888508969842;437.55;-0.0336494340776996;-0.9992862241256244;-0.0989089425920261;Груженный движется вперед;95;7530G;240;1820.0;94.0;100.0;789.0361445783133;27.259036144578317;792.0;27.0;864.0;44.0;880.0;39.0;24.0;44.0;;;18.614003472222223;3.4;4.8;8.6;10.1;5.868804992441068;3.097263005873722;0;5.0;5.0;9.7;9.7;-;0;5.0;9.7;0.0;0;0;-;0.0;0;0;0.0;0.0
43;811.0;16.0;53.7332177;86.8461009;220.0;5.191316278136116;-0.9630528558134386;60.66743295019269;;39.2;18.08747455119445;437.275;-0.0346691138982359;-0.9982665443050882;-0.0907515040277353;Груженный движется вперед;95;7530G;240;1821.0;93.0;100.0;789.132530120482;27.283132530120483;792.0;27.0;864.0;44.0;880.0;39.0;24.0;44.0;;;19.09986458333333;4.0;4.4;8.5;10.6;5.85591416274483;3.0360893489111342;0;5.0;5.0;9.7;9.7;-;0;5.0;9.7;0.0;0;0;-;0.0;0;0;0.0;0.0
44;829.0;17.0;53.7332343;86.8458359;218.0;4.7327401954577955;-1.0586251989022664;62.7356321839092;;39.2;17.548266473541066;437.75;-0.0305903946160905;-1.009483022330988;-0.0836137452839808;Груженный движется вперед;95;7530G;240;1821.0;94.0;100.0;789.2289156626506;27.307228915662648;792.0;27.0;864.0;44.0;880.0;39.0;24.0;44.0;;;19.58625347222222;4.1;4.5;8.5;10.1;5.798984558541522;3.0418491234696923;0;5.0;5.0;9.7;9.7;-;0;5.0;9.7;0.0;0;0;-;0.0;0;0;0.0;0.0
45;850.0;18.0;53.7332529;86.8455217;218.0;4.587854442170933;-1.1200414925443205;64.81455938697438;;39.6;20.793936977062483;436.55;-0.0316100744366268;-1.00336494340777;-0.0805547058223717;Груженный движется вперед;95;7530G;240;1820.0;94.0;99.0;789.3253012048193;27.33132530120482;792.0;27.0;864.0;44.0;880.0;39.0;24.0;44.0;;;20.071309027777776;4.3;4.5;8.0;10.8;5.735849775156311;3.0414389970642812;0;5.0;5.0;9.7;9.7;-;0;5.0;9.7;0.0;0;0;-;0.0;0;0;0.0;0.0
46;867.0;17.0;53.7332687;86.8452559;218.0;5.030446639994566;-1.376970625285301;66.88965517241502;;39.6;17.59151398794204;441.525;-0.003059039461609;-0.9962271846640156;-0.0876924645661262;Груженный движется вперед;95;7530G;240;1820.0;94.0;100.0;789.4216867469879;27.355421686746983;792.0;27.0;864.0;44.0;880.0;39.0;24.0;44.0;;;20.684538194444443;4.2;4.4;7.4;11.1;5.636455856882716;3.0562329062066302;0;5.0;5.0;9.7;9.7;-;0;5.0;9.7;0.0;0;0;-;0.0;0;0;0.0;0.0
47;891.0;17.0;53.7332872;86.8448904;219.0;5.0893282752828295;-1.5059097743643666;68.94482758620818;;39.6;24.15670811271189;441.125;-0.0142755174875089;-1.0074436626899157;-0.0897318242071989;Груженный движется вперед;95;7530G;240;1820.0;94.0;100.0;789.5180722891566;27.37951807228916;792.0;27.0;864.0;44.0;880.0;39.0;24.0;44.0;;;21.17467708333333;3.6;4.5;8.4;10.7;5.585033144784103;3.089024202211135;0;5.0;5.0;9.7;9.7;-;0;5.0;9.7;0.0;0;0;-;0.0;0;0;0.0;0.0
48;909.0;16.0;53.7332957;86.8446173;219.0;5.223647641049895;-1.645203191340949;71.07509578544193;;39.6;18.008942482901446;430.1;-0.0316100744366268;-0.99214846538187;-0.0907515040277353;Груженный движется вперед;95;7530G;240;1822.0;92.0;100.0;789.6144578313254;27.403614457831324;792.0;27.0;864.0;44.0;880.0;39.0;24.0;44.0;;;22.010982638888887;3.6;4.8;8.6;9.8;5.483510447314408;3.054386427593588;0;5.0;5.0;9.7;9.7;-;0;5.0;9.7;0.0;0;0;-;0.0;0;0;0.0;0.0
49;937.0;15.0;53.7333171;86.8442035;219.0;4.43239305030134;-1.781702247868039;73.21839080459907;;39.6;27.35331153042016;433.55;-0.0530233506678902;-1.011522381972061;-0.078515346181299;Груженный движется вперед;95;7530G;240;1822.0;93.0;100.0;789.710843373494;27.427710843373493;792.0;27.0;864.0;44.0;880.0;39.0;24.0;44.0;;;22.853996527777777;3.7;4.4;8.3;10.1;5.278338766607652;3.10072498113899;0;5.0;5.0;9.7;9.7;-;0;5.0;9.7;0.0;0;0;-;0.0;0;0;0.0;0.0
50;973.0;13.0;53.7333304;86.8436536;219.0;6.481673691629079;-1.9534708750503513;75.31264367816232;;39.2;36.24201157599388;441.4;-0.0050983991026817;-0.9962271846640156;-0.113184460079535;Груженный движется вперед;95;7530G;240;1819.0;94.0;100.0;789.8072289156627;27.451807228915666;792.0;27.0;864.0;44.0;880.0;39.0;24.0;44.0;;;23.344440972222223;3.6;4.4;7.9;11.0;5.0398804903858005;-3.066793899560908;0;5.0;5.0;9.7;9.7;-;0;5.0;9.7;0.0;0;0;-;0.0;0;0;0.0;0.0
51;987.0;13.0;53.7333209;86.8434393;219.0;6.382215239167728;-2.0100357880989748;77.3402298850589;;39.2;14.151553343311107;439.05;-0.0295707147955541;-1.0023452635872336;-0.1121647802589986;Груженный движется вперед;95;7530G;240;1820.0;94.0;100.0;789.9036144578313;27.47590361445783;792.0;27.0;864.0;44.0;880.0;39.0;24.0;44.0;;;23.83227430555556;3.4;4.3;8.5;10.6;4.8627551613889075;-3.1043002839614715;0;5.0;5.0;9.7;9.7;-;0;5.0;9.7;0.0;0;0;-;0.0;0;0;0.0;0.0
52;1003.0;13.0;53.7333157;86.8432037;219.0;5.967595926277638;-2.0044176247276706;79.34865900383289;;38.8;15.525417978666663;439.175;-0.020393596410727;-0.9850107066381156;-0.1029876618741715;Груженный движется вперед;95;7530G;240;1820.0;94.0;100.0;790.0;27.5;792.0;27.0;864.0;44.0;880.0;39.0;24.0;44.0;;;24.32024652777778;3.6;4.2;7.8;11.4;4.840629098762618;-3.128490463885771;0;5.0;5.0;9.7;9.7;-;0;5.0;9.7;0.0;0;0;-;0.0;0;0;0.0;0.0
53;1018.0;14.0;53.7333139;86.8429715;219.0;5.311758410999442;-1.878458593355091;81.33946360153408;;38.8;15.29204143179365;429.75;-0.0499643112062812;-0.974813908432752;-0.0907515040277353;Груженный движется вперед;95;7530G;240;1823.0;92.0;100.0;790.0963855421687;27.52409638554217;792.0;27.0;864.0;44.0;880.0;39.0;24.0;44.0;;;24.91712152777778;3.6;4.4;8.3;10.3;4.771674136039906;-3.1233068238519834;0;5.0;5.0;9.7;9.7;-;0;5.0;9.7;0.0;0;0;-;0.0;0;0;0.0;0.0
54;1035.0;16.0;53.7333111;86.8427127;218.0;5.1469968612164365;-1.756944691972175;83.36015325670652;;39.2;17.0452307660172;421.9;-0.0469052717446721;-1.006423982869379;-0.0907515040277353;Груженный движется вперед;95;7530G;240;1824.0;90.0;100.0;790.1927710843373;27.548192771084334;792.0;27.0;864.0;44.0;880.0;39.0;24.0;44.0;;;25.50309375;3.7;4.5;8.6;9.9;4.7567700864244795;-3.1245007140951406;0;5.0;5.0;9.7;9.7;-;0;5.0;9.7;0.0;0;0;-;0.0;0;0;0.0;0.0
55;1057.0;19.0;53.7333077;86.8423765;218.0;4.219649688413264;-1.4181052839924047;85.39310344827743;;39.2;22.142527100123065;417.9;-0.0295707147955541;-1.0084633425104517;-0.0744366268991536;Груженный движется вперед;95;7530G;240;1826.0;89.0;100.0;790.289156626506;27.572289156626507;792.0;27.0;864.0;44.0;880.0;39.0;24.0;44.0;;;25.85134375;4.1;4.7;8.5;10.5;4.6927962949527755;3.073572298600393;0;5.0;5.0;9.7;9.7;-;0;5.0;9.7;0.0;0;0;-;0.0;0;0;0.0;0.0
56;1077.0;21.0;53.7333196;86.8420812;218.0;4.040654101796502;-1.284200025963841;87.37624521072958;;39.2;19.49103163144169;413.7;-0.0272764351993473;-1.0028551034975015;-0.0708677475272763;Груженный движется вперед;95;7530G;240;1826.5;87.5;100.0;790.433734939759;27.60843373493976;792.0;27.0;864.0;44.0;880.0;39.0;24.0;44.0;;;26.42592708333333;4.2;4.8;8.0;10.8;4.620861292264898;-3.1186103680790875;0;5.0;5.0;9.7;9.7;-;0;5.0;9.7;0.0;0;0;-;0.0;0;0;0.0;0.0
57;1106.0;21.0;53.7333136;86.84164;218.0;3.8972436739056637;-1.1591819429151793;89.31417624521238;;39.6;29.061376667090272;411.65;-0.0316100744366268;-1.0023452635872336;-0.0683185479759355;Груженный движется вперед;95;7530G;240;1827.0;87.0;100.0;790.5783132530121;27.64457831325301;792.0;27.0;864.0;44.0;880.0;39.0;24.0;44.0;;;26.99766319444445;4.2;4.8;8.5;10.0;4.6216624748513695;3.087849543737092;0;5.0;5.0;9.7;9.7;-;0;5.0;9.7;0.0;0;0;-;0.0;0;0;0.0;0.0
58;1137.0;21.0;53.7333286;86.8411686;219.0;4.152300847869903;-1.0167244017066697;91.16551724138101;;39.6;31.087291967220512;410.0;-0.0601611094116447;-1.009483022330988;-0.0734169470786173;Груженный движется вперед;95;7530G;240;1828.0;87.0;100.0;790.6746987951807;27.66867469879518;792.0;27.0;864.0;44.0;880.0;39.0;24.0;44.0;;;27.45321875;4.3;4.8;8.6;10.2;4.501769626287938;2.9483209435530178;0;5.0;5.0;9.7;9.7;-;0;5.0;9.7;0.0;0;0;-;0.0;0;0;0.0;0.0
59;1161.0;20.0;53.7333711;86.8408015;219.0;4.385153222127359;-0.8807623199969123;93.00000000000172;;39.6;24.63270359751138;410.125;-0.0071377587437544;-0.9972468644845518;-0.0764759865402263;Груженный движется вперед;95;7530G;240;1828.0;87.0;100.0;790.7710843373494;27.692771084337352;792.0;27.0;864.0;44.0;880.0;39.0;24.0;44.0;;;27.908913194444445;4.0;5.0;8.4;10.3;4.404793299553054;2.806829832197911;0;5.0;5.0;9.7;9.7;-;0;5.0;9.7;0.0;0;0;-;0.0;0;0;0.0;0.0
60;1185.0;20.0;53.733441;86.8404618;218.0;2.9085317646515323;-0.8615203896354701;94.7540229885075;;39.6;23.68446844129081;410.25;-0.0152951973080452;-1.00336494340777;-0.0509839910268175;Груженный движется вперед;95;7530G;240;1827.0;87.0;100.0;790.867469879518;27.71686746987952;792.0;27.0;864.0;44.0;880.0;39.0;24.0;44.0;;;28.36474652777778;3.9;5.0;7.9;10.7;4.325867965631283;2.801512584970731;0;5.0;5.0;9.7;9.7;-;0;5.0;9.7;0.0;0;0;-;0.0;0;0;0.0;0.0
61;1204.0;19.0;53.7334986;86.8401866;218.0;4.170127407455461;-0.7897604880182625;96.52107279693664;;39.6;19.22321864651103;414.2;0.0020393596410727;-1.0069338227796472;-0.0734169470786173;Груженный движется вперед;95;7530G;240;1826.0;88.0;100.0;790.9638554216867;27.74096385542169;792.0;27.0;864.0;44.0;880.0;39.0;24.0;44.0;;;28.82496875;3.9;5.1;7.5;11.0;4.1662287649873715;2.636302235615637;0;5.0;5.0;9.7;9.7;-;0;5.0;9.7;0.0;0;0;-;0.0;0;0;0.0;0.0
62;1229.0;20.0;53.7336059;86.8398587;218.0;4.027607577398488;-0.44308164512229875;98.23754789272212;;39.6;24.67626800482718;418.15;0.0112164780258998;-1.006423982869379;-0.0708677475272764;Груженный движется вперед;95;7530G;240;1826.0;89.0;100.0;791.0602409638554;27.76506024096385;792.0;27.0;864.0;44.0;880.0;39.0;24.0;44.0;;;29.28957986111111;4.0;5.1;7.3;11.2;4.084054362617763;2.722425058047423;0;5.0;5.0;9.7;9.7;-;0;5.0;9.7;0.0;0;0;-;0.0;1;0;0.0;0.0
63;1251.0;20.0;53.733686;86.8395548;218.0;4.235177249434147;-0.3382903980723764;99.97318007663021;;39.2;21.908794728470703;418.025;0.0244723156928724;-1.0186601407158151;-0.07545630671969;Груженный движется вперед;95;7530G;240;1825.0;89.0;100.0;791.156626506024;27.789156626506024;792.0;27.0;864.0;44.0;880.0;39.0;24.0;44.0;;;29.75405208333333;3.7;5.2;7.2;11.7;3.9465711267069556;2.4781824325763226;0;5.0;5.0;9.7;9.7;-;0;5.0;9.7;0.0;0;0;-;0.0;1;0;0.0;0.0
64;1274.0;19.0;53.7338155;86.8392747;218.0;4.601224443243971;-0.2316766195138516;101.66130268199421;;39.2;23.410170382377817;418.025;0.0091771183848271;-1.0135617416131335;-0.0815743856429081;Груженный движется вперед;95;7530G;240;1825.0;89.0;100.0;791.2530120481928;27.813253012048197;792.0;27.0;864.0;44.0;880.0;39.0;24.0;44.0;;;30.21852430555556;3.7;5.1;7.6;11.0;3.9728238660532464;2.3742483742818132;0;5.0;5.0;9.7;9.7;-;0;5.0;9.7;0.0;0;0;-;0.0;1;0;0.0;0.0
65;1295.0;19.0;53.7339457;86.8390465;219.0;4.130409561865407;-0.056800187755290665;103.43831417624712;;39.2;20.878017743068675;427.375;0.0193739165901906;-1.0023452635872336;-0.0723972672580809;Груженный движется вперед;95;7530G;240;1823.0;91.0;100.0;791.3493975903615;27.83734939759036;792.0;27.0;864.0;44.0;880.0;39.0;24.0;44.0;;;30.69338541666667;3.7;5.1;7.6;11.3;3.986395721730151;2.356392985692848;0;5.0;5.0;9.7;9.7;-;0;5.0;9.7;0.0;0;0;-;0.0;1;0;0.0;0.0
66;1319.0;16.0;53.7340979;86.8387891;219.0;4.172232467185509;0.007310736112590296;105.24214559387167;;38.8;23.96598176788135;433.55;-0.0020393596410727;-1.006423982869379;-0.0734169470786173;Груженный движется вперед;95;7530G;240;1822.0;93.0;100.0;791.4457831325301;27.86144578313253;792.0;27.0;864.0;44.0;880.0;39.0;24.0;44.0;;;31.17510763888889;3.6;5.1;8.4;10.1;4.01877792563948;2.5719972469298664;0;5.0;5.0;9.7;9.7;-;0;5.0;9.7;0.0;0;0;-;0.0;0;0;0.0;0.0
67;1337.0;16.0;53.7341823;86.8385663;216.0;3.9246692564474377;0.055150822972824226;107.07739463601732;;38.8;17.422023627350907;429.05;0.0061180789232181;-0.9809319873559702;-0.0672988681553992;Груженный движется вперед;95;7530G;240;1823.0;91.0;100.0;791.5421686746988;27.885542168674696;792.0;27.0;864.0;44.0;880.0;39.0;24.0;44.0;;;31.65182986111111;4.1;4.8;7.4;12.2;3.9827520709632784;2.928269849203911;0;5.0;5.0;9.7;9.7;-;0;5.0;9.7;0.0;0;0;-;0.0;0;0;0.0;0.0
68;1356.0;20.0;53.7342201;86.8382713;218.0;4.7184874822637015;0.0922659597805893;108.85670498084491;;39.2;19.876326936085604;429.75;-0.0265116753339451;-1.0003059039461608;-0.0825940654634444;Груженный движется вперед;95;7530G;240;1822.0;92.0;100.0;791.6385542168675;27.90963855421687;792.0;27.0;864.0;44.0;880.0;39.0;24.0;44.0;;;32.24870486111111;4.5;5.0;8.0;11.3;3.898745889867671;3.021918201091001;0;5.0;5.0;9.7;9.7;-;0;5.0;9.7;0.0;0;0;-;0.0;0;0;0.0;0.0
69;1379.0;24.0;53.7342439;86.8379367;218.0;4.512190169824762;0.24983242360443875;110.71494252873768;;39.6;22.19216792687964;420.025;-0.0101967982053635;-0.9819516671765066;-0.0774956663607627;Груженный движется вперед;95;7530G;240;1825.0;89.0;100.0;791.7349397590361;27.933734939759034;792.0;27.0;864.0;44.0;880.0;39.0;24.0;44.0;;;32.71539930555555;5.2;5.8;8.1;11.4;3.8427237885108494;3.097576135516631;0;5.0;5.0;9.7;9.7;-;0;5.0;9.7;0.0;0;0;-;0.0;0;0;0.0;0.0
70;1408.0;26.0;53.7342556;86.8374876;217.0;2.6494317411166315;0.39724541161837945;112.5869731800787;;39.6;29.601938159085996;425.525;-0.0122361578464362;-1.0135617416131335;-0.0469052717446721;Груженный движется вперед;95;7530G;240;1824.0;91.0;100.0;791.8313253012049;27.957831325301207;792.0;27.0;864.0;44.0;880.0;39.0;24.0;44.0;;;33.66101041666666;5.0;5.2;8.0;10.9;3.798929261812167;3.067751005753692;0;5.0;5.0;9.7;9.7;-;0;5.0;9.7;0.0;0;0;-;0.0;0;0;0.0;0.0
71;1475.0;25.0;53.7342996;86.836482;218.0;4.033536839788852;0.4273448970443612;114.56475095785652;;40.4;66.39970433554177;417.0;-0.0173345569491179;-0.968695829509534;-0.0683185479759355;Груженный движется вперед;95;7530G;240;1826.0;89.0;100.0;791.9277108433735;27.98192771084337;792.0;27.0;864.0;44.0;880.0;39.0;24.0;44.0;;;34.124343749999994;4.4;5.3;8.0;11.4;3.7038295601678337;2.8317470965260663;0;5.0;5.0;9.7;9.7;-;0;5.0;9.7;0.0;0;0;-;0.0;0;0;0.0;0.0
72;1506.0;25.0;53.7343852;86.83603;218.0;3.188758224517086;0.3188843806860998;116.6291187739485;;40.4;31.252356211701034;414.0;-0.023452635872336;-0.9880697460997246;-0.0550627103089629;Груженный движется вперед;95;7530G;240;1827.0;88.0;99.5;792.0;28.0;792.0;27.0;864.0;44.0;880.0;39.0;24.0;44.0;;;34.584343749999995;4.4;5.3;9.1;9.9;3.539441645493695;2.7245467605517897;0;5.0;5.0;9.7;9.7;-;0;5.0;9.7;0.0;0;0;-;0.0;0;0;0.0;0.0
73;1534.0;25.0;53.7344862;86.8356446;217.0;2.9029354691782716;0.18876597496801284;118.71647509578763;;40.4;27.75759457642514;428.125;0.0509839910268175;-0.9839910268175792;-0.0499643112062812;Груженный движется вперед;95;7530G;240;1824.0;91.0;100.0;792.0;28.0;792.0;27.0;864.0;44.0;880.0;39.0;24.0;44.0;;;35.06003819444444;4.8;5.7;8.1;10.9;3.4558983387285775;2.970918664973916;0;5.0;5.0;9.7;9.7;-;0;5.0;9.7;0.0;0;0;-;0.0;0;0;0.0;0.0
74;1563.0;27.0;53.7345312;86.8352032;220.0;4.350331381200256;0.03399931050739416;120.87586206896776;;39.6;29.494571382531323;404.4;0.0530233506678902;-1.044152136229224;-0.0795350260018354;Груженный движется вперед;95;7530G;240;1829.0;85.5;99.5;792.0;28.0;792.0;27.0;864.0;44.0;880.0;39.0;24.0;44.0;;;35.50937152777777;4.5;7.6;8.9;17.5;3.319478487992458;-2.7998637622595437;0;5.0;7.25;9.7;16.974999999999998;point_60%;3;5.0;9.7;0.0;0;0;-;0.0;0;0;0.0;0.0
75;1595.0;28.0;53.7344357;86.8347493;218.0;3.1691841648363255;-0.008499970083961944;123.07049808429346;;39.6;31.723581217819525;405.975;-0.0532782706230243;-1.0206995003568875;-0.0565922300397674;Груженный движется вперед;95;7530G;240;1828.75;85.5;100.0;792.0;28.0;792.0;27.0;864.0;44.0;880.0;39.0;24.0;44.0;;;36.185996527777775;6.4;5.2;9.5;12.3;3.212981793810056;-2.6401272589591693;0;5.0;5.0;9.7;9.7;-;0;5.0;9.7;0.0;0;0;-;0.0;0;0;0.0;0.0
76;1635.0;30.0;53.7342637;86.8342189;219.0;3.131190786616999;-0.0014355395166815166;125.31111111111343;;40.0;39.83088625070653;411.9;-0.0163148771285816;-1.006423982869379;-0.0550627103089629;Груженный движется вперед;95;7530G;240;1828.0;87.0;100.0;792.0;28.0;792.0;27.0;864.0;44.0;880.0;39.0;24.0;44.0;;;36.98691319444444;4.6;5.3;7.8;11.7;3.1591814862212626;-2.391468462138582;0;5.0;5.0;9.7;9.7;-;0;5.0;9.7;0.0;0;0;-;0.0;0;0;0.0;0.0
77;1707.0;31.0;53.7338235;86.8334203;219.0;2.117960726299427;-0.08700809088441223;127.70344827586442;;40.0;71.88095157259563;351.625;0.0316100744366268;-1.0196798205363515;-0.037728153359845;Груженный движется вперед;95;7530G;240;1747.0;84.0;85.5;792.0;28.0;792.0;27.0;864.0;44.0;880.0;39.0;24.0;44.0;;;37.37760763888888;5.0;6.4;7.4;11.6;2.9316821044326278;-2.2260890303472287;0;5.0;5.0;9.7;9.7;-;0;5.0;9.7;0.0;0;0;-;0.0;0;0;0.0;0.0
78;1743.0;31.0;53.7335669;86.8330869;215.0;2.4378055219374843;-0.15904324688969762;130.02298850574954;;40.0;36.02737932820062;356.225;-0.0091771183848271;-0.9819516671765066;-0.0418068726419904;Груженный движется вперед;95;7530G;240;1743.0;84.0;87.0;792.0;28.0;792.0;27.0;864.0;44.0;880.0;39.0;24.0;44.0;;;37.77341319444444;5.0;6.1;8.1;11.7;2.8493952234082798;-2.0287919146346987;0;5.0;5.0;9.7;9.7;-;0;5.0;9.7;0.0;0;0;-;0.0;0;0;0.0;0.0
79;1781.0;33.0;53.7332597;86.8328309;216.0;1.8463869544267228;-0.0825408407472708;132.3402298850599;;40.0;38.127271860789655;282.975;0.0356887937187723;-0.979912307535434;-0.0316100744366268;Груженный движется вперед;95;7530G;240;1684.5;70.0;74.0;792.0;28.0;792.0;27.0;864.0;44.0;880.0;39.0;24.0;44.0;;;38.16643402777777;4.6;6.6;7.2;13.5;2.6724432376375358;-1.8293498213938775;0;5.0;7.25;9.7;14.064999999999998;point_30%;4;5.0;9.7;0.0;0;0;-;0.0;0;0;33.0;0.0
80;1829.0;33.0;53.732843;86.8326446;217.0;2.486858927958327;-0.0965394733569194;134.55249042145843;;39.6;47.982499388465975;345.375;0.0122361578464362;-1.009483022330988;-0.0438462322830631;Груженный движется вперед;95;7530G;240;1728.0;83.0;85.5;792.0;28.0;792.0;27.0;864.0;44.0;880.0;39.0;24.0;44.0;;;39.02987152777777;4.2;6.6;8.0;11.1;2.4247713659272128;-1.6278028179468742;0;5.0;7.25;9.7;9.7;point_30%;4;5.0;9.7;0.0;0;0;-;0.0;0;0;0.0;0.0
81;1914.0;33.0;53.732078;86.8325708;216.0;3.4823366991601468;-0.3656746501162257;136.56168582375733;;40.0;85.29941285224422;367.5;0.0096869582950953;-0.9885795860099929;-0.0601611094116447;Груженный движется вперед;95;7530G;240;1802.0;84.0;85.5;792.0;28.0;792.0;27.0;864.0;44.0;880.0;39.0;24.0;44.0;;;39.4382048611111;4.5;5.9;7.9;11.3;2.104294034802098;-1.645944869499913;0;5.0;5.0;9.7;9.7;-;0;5.0;9.7;0.0;0;0;-;0.0;0;0;0.0;0.0
82;1953.0;34.0;53.731726;86.832526;217.0;2.1491504547491096;-0.7020599415032529;138.27279693486847;;40.0;39.29602942720077;376.175;-0.0244723156928724;-0.9778729478943612;-0.0367084735393086;Груженный движется вперед;95;7530G;240;1836.0;78.0;99.5;792.0;28.0;792.0;27.0;864.0;44.0;880.0;39.0;24.0;44.0;;;39.85617708333333;4.5;6.1;9.4;10.0;1.8653494256228371;-1.5765174628449392;0;5.0;5.0;9.7;9.7;-;0;5.0;9.7;0.0;0;0;-;0.0;0;0;0.0;0.0
83;1994.0;35.0;53.7313641;86.8325225;217.0;1.2955545991881963;-0.7318691206908166;139.77164750958116;;40.0;40.28786521526996;394.425;-0.0397675130009177;-0.9911287855613338;-0.0224329560517997;Груженный движется вперед;95;7530G;240;1683.5;97.0;99.0;792.0;28.0;792.0;27.0;864.0;44.0;880.0;39.0;24.0;44.0;;;40.29442708333333;5.2;5.6;8.5;10.8;1.5779261883274458;-1.6732227630950858;0;5.0;5.0;9.7;9.7;-;0;5.0;9.7;0.0;0;0;-;0.0;0;0;0.0;0.0
84;2035.0;33.0;53.7309923;86.8324579;216.0;1.5022316954358683;-0.8230964005175436;140.99003831417886;;40.8;41.60734981537171;351.75;-0.0295707147955541;-1.0105027021515245;-0.0265116753339451;Груженный движется вперед;95;7530G;240;1694.0;85.0;87.5;792.0;28.0;792.0;27.0;864.0;44.0;880.0;39.0;24.0;44.0;;;40.685260416666665;4.8;5.5;8.3;10.5;1.3219074400715014;-1.735698809224076;0;5.0;5.0;9.7;9.7;-;0;5.0;9.7;0.0;0;0;-;0.0;0;0;0.0;0.0
85;2075.0;34.0;53.7306361;86.8323577;217.0;2.786121626080053;-0.9920847726384118;142.13409961686088;;40.8;40.19798039298421;357.725;-0.0428265524625267;-1.0257978994595698;-0.0499643112062812;Груженный движется вперед;95;7530G;240;1643.0;86.0;87.0;792.0;28.0;792.0;27.0;864.0;44.0;880.0;39.0;24.0;44.0;;;41.082732638888885;5.2;6.3;8.0;11.1;1.1062989729423822;-1.6985454236250055;0;5.0;5.0;9.7;9.7;-;0;5.0;9.7;0.0;0;0;-;0.0;0;0;0.0;0.0
86;2116.0;35.0;53.7302764;86.8322796;217.0;1.5104912461967277;-1.226335416961551;143.3363984674356;;40.8;40.37127446205013;366.35;-0.0010196798205363;-1.0054043030488429;-0.0265116753339451;Груженный движется вперед;95;7530G;240;1754.0;87.0;88.0;792.0;28.0;792.0;27.0;864.0;44.0;880.0;39.0;24.0;44.0;;;41.591552083333326;5.0;6.3;8.8;10.6;0.6307171076475583;-1.7887825241837394;0;5.0;5.0;9.7;9.7;-;0;5.0;9.7;0.0;0;0;-;0.0;0;0;0.0;0.0
87;2158.0;36.0;53.7299081;86.8321417;215.0;0.2911308270233408;-1.1606906931096972;143.99770114942797;;40.4;41.99343087114372;263.24;-0.0050983991026817;-1.00336494340777;-0.0050983991026817;Груженный движется вперед;95;7530G;240;1373.0;63.6;65.35;792.0;28.0;792.0;27.0;864.0;44.0;880.0;39.0;24.0;44.0;;;41.884040972222216;6.1;6.1;7.9;11.2;0.18552387940633885;-1.699810589243142;0;5.0;5.0;9.7;9.7;-;0;5.0;9.7;0.0;0;0;-;0.0;0;0;0.0;0.0
88;2198.0;36.0;53.7295474;86.8320626;215.0;0.11534657027177354;-0.9967154170105855;144.1187739463628;;40.8;40.490122759404144;125.76;-0.0305903946160905;-1.012542061792597;-0.0020393596410727;Груженный движется вперед;95;7530G;240;1076.0;32.400000000000006;35.150000000000006;792.0;28.0;792.0;27.0;864.0;44.0;880.0;39.0;24.0;44.0;;;42.02377430555555;5.9;5.9;7.9;11.1;-0.08109372614359045;-1.7223571207908348;0;5.0;5.0;9.7;9.7;-;0;5.0;9.7;0.0;0;0;-;0.0;0;0;0.0;0.0
89;2241.0;37.0;53.7291678;86.8319646;216.0;-1.9679483905327297;-1.1878940235021045;143.81149425287623;;41.2;42.74762152119207;22.65;-0.0469052717446721;-1.0227388599979603;0.0351789538085041;Груженный движется вперед;95;7530G;240;1327.0;9.0;12.5;792.0;28.0;792.0;27.0;864.0;44.0;880.0;39.0;24.0;44.0;;;42.06781597222221;6.3;6.7;8.9;11.4;-0.35653680047262076;-1.747961216275431;0;5.0;7.25;9.7;9.7;point_30%;5;5.0;9.7;0.0;0;0;-;0.0;0;0;0.0;0.0
90;2328.0;37.0;53.7283969;86.8317313;212.0;0.5787229086646076;-1.212510461273832;143.14176245210993;;41.6;87.18226052575086;42.95;-0.003059039461609;-1.009483022330988;-0.0101967982053635;Груженный движется вперед;95;7530G;240;1299.0;15.0;24.0;792.0;28.0;792.0;27.0;864.0;44.0;880.0;39.0;24.0;44.0;;;42.11553819444443;6.5;6.8;8.1;11.8;-0.5482848763744912;-1.7242727735391186;0;5.0;7.25;9.7;9.7;point_30%;5;5.0;9.7;0.0;0;0;-;0.0;0;0;0.0;0.0
91;2371.0;38.0;53.7280156;86.8316316;213.0;-2.2198498926213803;-0.9746434793906744;142.308812260539;;42.4;42.95170793999275;43.15;-0.0152951973080452;-1.0257978994595698;0.0397675130009177;Груженный движется вперед;95;7530G;240;1299.0;15.0;24.0;792.0;28.0;792.0;27.0;864.0;44.0;880.0;39.0;24.0;44.0;;;42.16348263888888;5.6;7.2;9.1;10.3;-0.6859186850989009;-1.7909823250349577;0;5.0;7.25;9.7;9.7;point_30%;5;5.0;9.7;0.0;0;0;-;0.0;0;0;0.0;0.0
92;2413.0;39.0;53.727645;86.8314914;213.0;-1.8818021619086844;-0.9478775774205009;141.22298850574975;;42.4;42.276378012970326;42.825;-0.0540430304884266;-1.0227388599979603;0.0336494340776996;Груженный движется вперед;95;7530G;240;1299.0;15.0;24.0;792.0;28.0;792.0;27.0;864.0;44.0;880.0;39.0;24.0;44.0;;;42.22296180555555;6.8;6.7;9.7;10.2;-0.7541345667639726;-1.7521701670236176;0;7.25;7.25;9.7;9.7;point_30%;5;5.0;9.7;0.0;0;0;-;0.0;0;0;0.0;0.0
93;2455.0;38.0;53.727274;86.8313764;216.0;-1.180576309871701;-0.798300966184939;139.99770114942788;;42.0;41.98897760517973;42.85;-0.0550627103089629;-0.9880697460997246;0.020393596410727;Груженный движется вперед;95;7530G;240;1299.0;15.0;24.0;792.0;28.0;792.0;27.0;864.0;44.0;880.0;39.0;24.0;44.0;;;42.27057291666666;7.7;6.9;8.3;10.9;-0.7543036386520519;-1.9793179922310196;0;7.25;7.25;9.7;9.7;point_30%;5;5.0;9.7;0.0;0;0;-;0.0;0;0;0.0;0.0
94;2513.0;38.0;53.726797;86.8310274;216.0;-0.3408002029872409;-0.497215654464406;138.74636015325927;;42.0;57.86173405886957;43.1;0.0387478331803813;-1.0278372591006424;0.0061180789232181;Груженный движется вперед;95;7530G;240;1299.0;15.0;24.0;792.0;28.0;792.0;27.0;864.0;44.0;880.0;39.0;24.0;44.0;;;42.31846180555555;5.5;7.4;7.8;11.9;-0.6082796269434465;-1.9690544384333815;0;5.0;7.25;9.7;9.7;point_30%;5;5.0;9.7;0.0;0;0;-;0.0;0;0;0.0;0.0
95;2556.0;37.0;53.7264425;86.8307753;216.0;-0.9391983391126247;-0.35863701810836135;137.6505747126462;;41.6;42.81412038505218;43.25;0.0448659121035994;-0.9941878250229428;0.0163148771285816;Груженный движется вперед;95;7530G;240;1299.0;15.0;25.0;792.0;28.0;792.0;27.0;864.0;44.0;880.0;39.0;24.0;44.0;;;42.36651736111111;4.6;7.4;8.0;11.1;-0.28420010370062354;-1.9029800497061702;0;5.0;7.25;9.7;9.7;point_30%;5;5.0;9.7;0.0;0;0;-;0.0;0;0;0.0;0.0
96;2599.0;38.0;53.7260741;86.8305605;213.0;0.11651142588015752;-0.42235692831874627;136.71724137931287;;41.6;43.382381145527646;43.35;-0.0326297542571632;-1.0023452635872336;-0.0020393596410727;Груженный движется вперед;95;7530G;240;1299.0;16.0;25.0;792.0;28.0;792.0;27.0;864.0;44.0;880.0;39.0;24.0;44.0;;;42.42672569444444;6.2;7.5;8.8;10.3;-0.03263483469005693;-1.8939885653009587;0;5.0;7.25;9.7;9.7;point_30%;5;5.0;9.7;0.0;0;0;-;0.0;0;0;0.0;0.0
97;2655.0;39.0;53.7256021;86.8302933;214.0;-2.438346997403775;-0.5503161607487039;135.98160919540481;;41.6;55.41256351632717;43.3;-0.0244723156928724;-1.0533292546140511;0.0448659121035994;Груженный движется вперед;95;7530G;240;1299.0;15.0;25.0;792.0;28.0;792.0;27.0;864.0;44.0;880.0;39.0;24.0;44.0;;;42.48686458333333;6.3;7.2;9.6;9.6;0.22690929810066462;-1.8139600229779589;0;5.0;7.25;9.7;9.7;point_30%;5;5.0;9.7;0.0;0;0;-;0.0;0;0;0.0;0.0
98;2716.0;37.0;53.7250731;86.8300715;214.0;-2.299464242665753;-0.8390958178822523;135.46130268199482;;41.6;60.67394595614593;43.925;-0.0101967982053635;-1.041093096767615;0.0418068726419904;Груженный движется вперед;95;7530G;240;1299.0;16.0;25.0;792.0;28.0;792.0;27.0;864.0;44.0;880.0;39.0;24.0;44.0;;;42.70648958333333;6.2;8.8;9.1;10.1;0.450669808548751;-1.5030828598472863;0;5.0;7.25;9.7;9.7;point_30%;5;5.0;9.7;0.0;0;0;-;0.0;0;0;0.0;0.0
99;2913.0;37.0;53.7233046;86.8302742;218.0;2.0373267215823145;-1.2937421491016563;135.1103448275887;;41.2;197.32403771447247;378.7;0.0020393596410727;-1.0319159783827878;-0.0367084735393086;Груженный движется вперед;95;7530G;240;1836.0;79.0;99.5;792.0;28.0;792.0;27.0;864.0;44.0;880.0;39.0;24.0;44.0;;;43.12726736111111;5.0;6.6;8.4;11.0;0.8691456282835501;-1.4807623808662127;0;5.0;7.25;9.7;9.7;point_30%;5;5.0;9.7;0.0;0;0;-;0.0;0;0;0.0;0.0
100;2958.0;36.0;53.7229048;86.8303352;217.0;2.4790160238504733;-1.4891603283529395;135.06360153256958;;40.8;44.6872820281271;381.7;-0.0050983991026817;-0.9656367900479248;-0.0418068726419904;Груженный движется вперед;95;7530G;240;1835.0;80.0;100.0;792.0;28.0;792.0;27.0;864.0;44.0;880.0;39.0;24.0;44.0;;;43.55137847222222;5.4;6.5;8.0;11.0;1.2090741031735592;-1.5500660078501909;0;5.0;5.0;9.7;9.7;-;0;5.0;9.7;0.0;0;0;-;0.0;0;0;0.0;0.0
101;2999.0;34.0;53.7225338;86.8303482;217.0;2.295076050467986;-1.7306322988389993;135.28122605364234;;40.4;41.30910622090915;382.4;-0.0142755174875089;-0.99214846538187;-0.0397675130009177;Груженный движется вперед;95;7530G;240;1834.0;80.0;100.0;792.0;28.0;792.0;27.0;864.0;44.0;880.0;39.0;24.0;44.0;;;44.08248958333333;5.5;5.1;7.9;11.7;1.3117585126169926;-1.4763988296724353;0;5.0;5.0;9.7;9.7;-;0;5.0;9.7;0.0;0;0;-;0.0;0;0;0.0;0.0
102;3038.0;34.0;53.7221807;86.8304047;218.0;3.012785963819034;-1.848549160888218;135.65977011494502;;40.0;39.48336160166508;394.45;-0.0010196798205363;-1.0074436626899157;-0.0530233506678902;Груженный движется вперед;95;7530G;240;1832.0;83.0;100.0;792.0;28.0;792.0;27.0;864.0;44.0;880.0;39.0;24.0;44.0;;;44.52076736111111;4.6;5.6;8.3;11.0;1.5003813891631106;-1.5642868167768582;0;5.0;5.0;9.7;9.7;-;0;5.0;9.7;0.0;0;0;-;0.0;0;0;0.0;0.0
103;3078.0;32.0;53.7218262;86.8304086;219.0;3.1724152677550648;-2.092185851936112;136.25440613027072;;40.0;39.4642638168426;400.25;-0.0275313551544814;-1.0298766187417152;-0.0571020699500356;Груженный движется вперед;95;7530G;240;1830.0;85.0;100.0;792.0;28.0;792.0;27.0;864.0;44.0;880.0;39.0;24.0;44.0;;;44.854309027777774;5.6;6.5;9.9;11.0;1.3286599537190866;-1.6081330766862374;0;5.0;5.0;9.7;9.7;-;0;5.0;9.7;0.0;0;0;-;0.0;0;0;0.0;0.0
104;3114.0;32.0;53.7214983;86.8303879;218.0;2.6146943045308366;-2.2943313461308943;136.80919540230138;;40.0;36.527736385120754;398.25;-0.0693382277964719;-1.0247782196390334;-0.0469052717446721;Груженный движется вперед;95;7530G;240;1831.0;84.0;100.0;792.0;28.0;792.0;27.0;864.0;44.0;880.0;39.0;24.0;44.0;;;45.296809027777776;5.8;5.7;8.6;11.2;1.2965771898143128;-1.7795409417204673;0;5.0;5.0;9.7;9.7;-;0;5.0;9.7;0.0;0;0;-;0.0;0;0;0.0;0.0
105;3151.0;31.0;53.7211793;86.8302737;217.0;2.933591533476589;-2.434432006192117;137.46819923371902;;40.4;36.2995083027721;403.85;-0.0499643112062812;-1.0135617416131335;-0.0520036708473539;Груженный движется вперед;95;7530G;240;1829.0;85.0;99.0;792.0;28.0;792.0;27.0;864.0;44.0;880.0;39.0;24.0;44.0;;;45.74553125;5.3;5.5;9.9;10.1;1.2446524820638902;-1.8964974461304367;0;5.0;5.0;9.7;9.7;-;0;5.0;9.7;0.0;0;0;-;0.0;0;0;0.0;0.0
106;3186.0;30.0;53.7208811;86.8301035;217.0;2.2318863974256433;-2.4163428308162698;138.1501915708838;;40.4;35.03809173811576;262.875;-0.0418068726419904;-1.006423982869379;-0.0392576730906495;Груженный движется вперед;95;7530G;240;1515.0;72.5;74.0;792.0;28.0;792.0;27.0;864.0;44.0;880.0;39.0;24.0;44.0;;;46.03761458333333;5.4;5.8;8.8;9.9;1.1007287217643977;-2.105108067883216;0;5.0;5.0;9.7;9.7;-;0;5.0;9.7;0.0;0;0;-;0.0;0;0;0.0;0.0
107;3219.0;27.0;53.720624;86.8298464;216.0;1.021985442271789;-2.7618701938806236;138.86436781609453;;40.8;33.25592876949435;99.4125;-0.119302539002753;-0.9931681452024064;-0.0178443968593861;Груженный движется вперед;95;7530G;240;1177.0;36.5;58.5;792.0;28.0;792.0;27.0;864.0;44.0;880.0;39.0;24.0;44.0;;;46.1756875;6.3;5.6;10.7;8.5;0.8746950307978951;-2.4437899930181306;0;5.0;5.0;9.7;9.7;-;0;5.0;9.7;0.0;0;0;-;0.0;0;0;0.0;0.0
108;3254.0;21.0;53.7204223;86.8294399;213.0;-0.5735788394420333;-2.7715335206679956;139.57394636015584;;41.6;34.945064318329976;54.3;-0.0897318242071989;-1.01458142143367;0.0101967982053635;Груженный движется вперед;95;7530G;240;1277.0;19.0;30.0;792.0;28.0;792.0;27.0;864.0;44.0;880.0;39.0;24.0;44.0;;;46.2209375;7.0;8.1;14.3;10.2;0.4937281313202256;2.879525730102195;0;7.25;7.25;14.064999999999998;9.7;point_90%;6;5.0;9.7;21.0;0;1;[53.720624760831136, 86.82935405397549];23.236698568245824;0;0;0.0;0.0
109;3276.0;17.0;53.7204749;86.8291085;212.0;-0.23065528348413136;-2.791104155346167;140.26283524904474;;41.6;22.60156232505223;146.47500000000002;-0.0734169470786173;-1.0105027021515245;0.0040787192821454;Груженный движется вперед;95;7530G;240;1117.0;53.0;100.0;792.0;28.0;792.0;27.0;864.0;44.0;880.0;39.0;24.0;44.0;;;46.424375;6.3;7.3;12.9;9.1;0.1453215714125481;1.9048252655460987;0;7.25;7.25;14.064999999999998;9.7;point_90%;6;5.0;9.7;21.0;0;1;-;0.0;0;0;0.0;0.0
110;3297.0;19.0;53.7206524;86.8290044;213.0;-1.3093423323262643;-3.0968140829785353;140.868965517244;;41.6;20.915571260773262;146.75;-0.0938105434893443;-1.0665850922810238;0.0244723156928724;Груженный движется вперед;95;7530G;240;1135.0;51.0;76.0;792.0;28.090909090909093;792.0;27.0;864.0;44.0;880.0;39.0;24.0;44.0;;;46.58743055555556;6.9;6.5;11.6;12.6;-0.16262606886298162;1.6642346815017142;0;7.25;7.25;9.7;9.7;point_90%;6;5.0;9.7;21.0;0;1;-;0.0;0;0;0.0;0.0
111;3322.0;21.0;53.7208734;86.8289694;215.0;-0.6814969371394983;-3.4985842857860305;141.44137931034743;;41.6;24.70981345838536;92.45000000000002;-0.0418068726419904;-1.0278372591006424;0.0122361578464362;Груженный движется вперед;95;7530G;240;949.0;32.5;48.5;792.0;28.21212121212121;792.0;27.0;864.0;44.0;880.0;39.0;24.0;44.0;;;46.690152777777776;6.5;6.9;11.1;10.7;-0.7438096434275812;1.7381156488523262;0;7.25;7.25;9.7;9.7;point_90%;6;5.0;9.7;0.0;0;0;-;0.0;0;0;0.0;0.0
112;3351.0;21.0;53.7211323;86.8288955;212.0;-3.056718619451341;-3.823984542536305;141.78314176245473;;41.6;29.229301254067327;38.15;0.0010196798205363;-1.012032221882329;0.0540430304884266;Груженный движется вперед;95;7530G;240;1306.0;14.0;21.0;792.0;28.333333333333336;792.0;27.0;864.0;44.0;880.0;39.0;24.0;44.0;;;46.73254166666666;7.6;9.8;9.8;13.0;-1.3358913314005658;1.747567215534092;0;7.25;10.25;9.7;14.064999999999998;point_90%;6;5.0;9.7;0.0;0;0;-;0.0;0;0;0.0;0.0
113;3376.0;17.0;53.7213486;86.8288302;214.0;-3.49611997140073;-3.8011224042691647;141.49731800766546;;42.4;24.459983574229483;43.0;-0.0305903946160905;-1.017640460895279;0.0622004690527174;Груженный движется вперед;95;7530G;240;1299.0;15.0;24.0;792.0;28.454545454545453;792.0;27.0;864.0;44.0;880.0;39.0;24.0;44.0;;;46.78031944444444;7.6;7.9;9.7;12.1;-1.8870670586074125;1.6263699495991881;0;7.25;10.25;9.7;14.064999999999998;point_90%;6;5.0;9.7;0.0;0;0;-;0.0;0;0;0.0;0.0
114;3394.0;10.0;53.7215124;86.8288148;213.0;-1.007153445970072;-3.8285167248728493;140.95536187949972;;42.4;18.26263561393412;42.75;-0.0045885591924135;-0.986030386458652;0.0173345569491179;Груженный движется вперед;95;7530G;240;1291.0;15.0;23.0;792.0;28.575757575757574;792.0;27.0;864.0;44.0;880.0;39.0;24.0;44.0;;;46.82781944444444;6.6;7.8;7.8;12.2;-2.2220433216639393;1.7721740302664335;0;7.25;10.25;9.7;14.064999999999998;point_90%;6;5.0;9.7;0.0;0;0;-;0.0;0;0;0.0;0.0
115;3407.0;11.0;53.7216266;86.8287754;209.0;-3.4196226777251795;-3.819545820376022;140.33064572719738;;42.0;12.97510349467649;136.45;-0.0662791883348628;-1.0217191801774244;0.061180789232181;Груженный движется вперед;95;7530G;240;1047.0;52.0;100.0;792.0;28.696969696969692;792.0;27.0;864.0;44.0;880.0;39.0;24.0;44.0;;;46.979430555555545;6.9;10.2;9.0;15.3;-2.4684802876830254;1.58596714172677;0;7.25;10.25;9.7;14.064999999999998;point_90%;6;5.0;9.7;0.0;0;0;-;0.0;0;0;0.0;0.0
116;3421.0;15.0;53.7217514;86.8287722;216.0;0.06178625335032488;-3.7726445120212775;139.65204272100817;;42.0;13.894506603274838;108.7;-0.0504741511165494;-0.9442235138166616;-0.0010196798205363;Груженный движется вперед;95;7530G;240;1108.0;38.5;65.0;792.0;28.81818181818182;792.0;27.0;864.0;44.0;880.0;39.0;24.0;44.0;;;47.160597222222215;7.0;6.8;8.3;13.7;-2.609439484448309;1.6587402368397877;0;7.25;7.25;9.7;14.064999999999998;point_90%;6;5.0;9.7;0.0;0;0;-;0.0;0;0;0.0;0.0
117;3446.0;21.0;53.7219742;86.828739;219.0;-0.05649016517640196;-3.686247621051285;138.94842603118462;;41.2;24.8986256066182;76.73750000000001;-0.023452635872336;-1.0339553380238604;0.0010196798205363;Груженный движется вперед;95;7530G;240;807.0;27.25;45.0;792.0;28.939393939393938;792.0;27.0;864.0;44.0;880.0;39.0;24.0;44.0;;;47.33112499999999;5.7;6.7;9.6;12.9;-2.62798243974345;1.7118503396019547;0;7.25;7.25;9.7;14.064999999999998;point_90%;6;5.0;9.7;0.0;0;0;-;0.0;0;0;0.0;0.0
118;3497.0;15.0;53.7224284;86.82863;213.0;-3.342715679352656;-3.5587899687087114;138.24866882797915;;41.2;51.06937673039593;44.775000000000006;-0.0458855919241358;-1.011522381972061;0.0591414295911083;Груженный движется вперед;95;7530G;240;1299.0;16.0;25.0;792.0;29.060606060606062;792.0;27.0;864.0;44.0;880.0;39.0;24.0;44.0;;;47.380875;7.9;7.9;8.1;11.2;-2.5071706813521075;1.5494129919385689;0;7.25;7.25;9.7;14.064999999999998;point_90%;6;5.0;9.7;0.0;0;0;-;0.0;0;0;0.0;0.0
119;3512.0;14.0;53.7225612;86.8286348;211.0;-3.212154690231723;-3.388706376236228;137.58164428164426;;41.6;14.786859205216356;54.425;-0.1560110125420618;-0.9870500662791885;0.0560823901294993;Груженный движется вперед;95;7530G;240;1299.0;19.0;31.0;792.0;29.18181818181818;792.0;27.0;864.0;44.0;880.0;39.0;24.0;44.0;;;47.44134722222222;7.4;7.5;12.2;7.5;-2.2300657370579478;0.8394237816655747;0;7.25;7.25;9.7;14.064999999999998;point_90%;6;5.0;9.7;0.0;0;0;-;0.0;0;0;0.0;0.0
120;3527.0;12.0;53.7226603;86.8287851;206.0;-2.5148548179228247;-3.174431664876499;136.9762255624325;;42.0;14.822753659903729;124.2375;-0.0805547058223717;-0.971754868971143;0.0428265524625267;Груженный движется вперед;95;7530G;240;1131.0;40.0;65.0;792.0;29.303030303030305;792.0;27.0;864.0;44.0;880.0;39.0;24.0;44.0;;;47.64840972222222;8.1;7.4;9.0;14.3;-1.7797291346446293;-0.04122886548093163;0;7.25;7.25;9.7;14.064999999999998;point_90%;6;5.0;9.7;0.0;0;0;-;0.0;0;0;0.0;0.0
121;3543.0;7.0;53.7226542;86.829035;204.0;0.6410617432493303;-2.914400655872196;136.46128584059622;;41.6;16.47447378661053;194.05;-0.1019679820536351;-0.9972468644845518;-0.0112164780258998;Груженный движется вперед;95;7530G;240;1289.0;61.0;99.0;792.0;29.424242424242426;792.0;27.0;864.0;44.0;880.0;39.0;24.0;44.0;;;48.025729166666665;5.4;8.1;11.3;6.8;-1.139222401895811;-0.9459901696380091;0;7.25;7.25;9.7;9.7;point_90%;6;5.0;9.7;0.0;0;0;-;0.0;0;0;0.0;0.0
122;3556.0;0.0;53.7225619;86.8291475;212.5;-0.6010260496236737;-2.607048170465985;136.06569828638803;;41.6;12.612032263931562;144.35;-0.0780055062710308;-1.0176404608952787;0.0107066381156316;Груженный движется назад;95;7530G;240;1113.5;53.0;100.0;792.0;29.60606060606061;792.0;27.0;864.0;44.0;880.0;39.0;24.0;44.0;;;48.226215277777776;7.2;7.5;10.1;10.7;-0.29160706659515956;-2.1050875530375284;0;7.25;7.25;9.7;9.7;point_90%;6;5.0;9.7;0.0;0;0;-;0.0;1;0;0.0;0.0
123;3557.0;4.0;53.7225497;86.8291353;220.0;-0.45594257992611553;-2.2508090299005348;135.81833607006033;;41.6;1.4357709286999614;133.6;-0.0520036708473539;-1.023758539818497;0.0081574385642908;Груженный стоит;95;7530G;240;1032.0;52.0;100.0;792.0;29.78787878787879;792.0;27.0;864.0;44.0;880.0;39.0;24.0;44.0;;;48.37465972222222;5.3;7.2;11.8;7.9;0.7800553434736703;2.3450643373846622;0;5.0;7.25;9.7;9.7;point_90%;6;5.0;9.7;0.0;0;0;-;0.0;1;0;0.0;0.0
124;3560.0;5.0;53.722569;86.8291034;225.0;1.836118845360745;-1.8441180554185148;135.7480723618656;;40.8;3.0051808230966457;81.35;0.0061180789232181;-0.986030386458652;-0.0316100744366268;Груженный движется назад;95;7530G;240;858.0;34.5;68.0;792.0;29.909090909090907;792.0;27.0;864.0;44.0;880.0;39.0;24.0;44.0;;;48.48764583333333;5.3;5.7;6.1;14.1;2.0927033005270097;2.4270209081275915;0;5.0;5.0;9.7;14.064999999999998;point_90%;6;5.0;9.7;0.0;0;0;-;0.0;1;0;0.0;0.0
125;3569.0;4.0;53.7226211;86.8290019;224.0;2.0675165307671586;-1.38541006826259;135.8837803320564;;40.0;8.850757959959555;29.1;0.032119914346895;-0.9880697460997246;-0.0356887937187723;Груженный движется назад;95;7530G;240;711.0;17.0;36.0;792.0;30.0;792.0;27.0;864.0;44.0;880.0;39.0;24.0;44.0;;;48.519979166666666;5.1;6.1;6.6;12.6;3.6632752767812007;1.940162536115361;0;5.0;5.0;9.7;9.7;-;0;5.0;9.7;0.0;0;0;-;0.0;1;0;0.0;0.0
126;3577.0;5.0;53.722683;86.8289614;231.0;7.280202678951191;-0.873119889675433;136.25433315088515;;39.2;7.389144841617116;116.875;-0.0305903946160905;-0.9972468644845518;-0.1274599775670439;Груженный движется назад;95;7530G;240;928.0;49.0;100.0;792.0;30.0;792.0;27.0;864.0;44.0;880.0;39.0;24.0;44.0;;;48.519979166666666;4.4;5.0;8.0;11.9;5.508709744452583;1.5707963267948966;0;5.0;5.0;9.7;9.7;-;0;5.0;9.7;0.0;0;0;-;0.0;0;0;0.0;0.0
