acc_X;acc_X_std;acc_X_max;acc_Z;acc_Z_std;acc_Z_max;acc;acc_std;acc_var;acc_max;acc_range;fb_tilt_max;fb_tilt_var;fb_tilt_range;tilt_max;tilt_var;tilt_range;class;lat;lon
-0.0703579076170082;0.03420471988270857;0.0356887937187723;-0.0122361578464362;0.02788693594992267;0.0081574385642908;0.9998006138462591;0.021201327870582244;0.00044949630347592746;1.0430741446424903;0.06364845449610068;3.9400455463167896;2.5833687771551257;4.391848961337543;0.6161227734063192;4.382567927764506;5.766069789752736;60.0;53.72519394285714;86.8443784
-0.0326297542571632;0.03420471988270857;0.0356887937187723;0.0081574385642908;0.02788693594992267;0.0081574385642908;1.0345022405460746;0.021201327870582244;0.00044949630347592746;1.0430741446424903;0.06364845449610068;3.9400455463167896;2.5833687771551257;4.391848961337543;0.6161227734063192;4.382567927764506;5.766069789752736;60.0;53.72519394285714;86.8443784
0.0356887937187723;0.03420471988270857;0.0356887937187723;-0.0040787192821454;0.02788693594992267;0.0081574385642908;1.0121599948518591;0.021201327870582244;0.00044949630347592746;1.0430741446424903;0.06364845449610068;3.9400455463167896;2.5833687771551257;4.391848961337543;0.6161227734063192;4.382567927764506;5.766069789752736;60.0;53.72519394285714;86.8443784
-0.0224329560517997;0.03420471988270857;0.0356887937187723;-0.0672988681553992;0.02788693594992267;0.0081574385642908;0.9794256901463896;0.021201327870582244;0.00044949630347592746;1.0430741446424903;0.06364845449610068;3.9400455463167896;2.5833687771551257;4.391848961337543;0.6161227734063192;4.382567927764506;5.766069789752736;60.0;53.72519394285714;86.8443784
-0.0520036708473539;0.03261742320909359;0.0356887937187723;-0.0448659121035994;0.027674851364776168;0.0081574385642908;1.0087648710899642;0.021805757867073113;0.0004754910761574209;1.0430741446424903;0.06364845449610068;3.9400455463167896;2.5511883354708673;4.391848961337543;-0.7903257567626826;3.013077534813559;4.767965956298369;60.0;53.725124085714285;86.84423905714286
-0.0530233506678902;0.04896220455726438;0.0356887937187723;-0.0540430304884266;0.021366909793332188;-0.0040787192821454;1.0163855217988258;0.0198934676077074;0.00039575005345890353;1.0430741446424903;0.06364845449610068;3.9400455463167896;1.5503813904457306;3.7091590912548784;-2.005086246933286;1.96217667914666;3.830671885458409;60.0;53.725046871428574;86.84410332857142
-0.0387478331803813;0.036231787106283005;-0.0224329560517997;-0.0224329560517997;0.019806648554815606;-0.0101967982053635;1.0430741446424903;0.019932223456655143;0.00039729353192603355;1.0430741446424903;0.06364845449610068;3.9400455463167896;1.338361516234013;3.356372578737929;-3.038293657541227;1.185534648582287;2.954187577232857;60.0;53.72495884285714;86.84397507142856
-0.0606709493219129;0.03519091489236631;-0.0387478331803813;-0.0469052717446721;0.02567602681290469;-0.0101967982053635;0.994853694805565;0.018092043239575823;0.0003273220285826812;1.0430741446424903;0.05444788795278699;5.148232100102468;2.2333869296279247;4.564559132523607;-3.90008294902224;0.64169681878387;2.1385130316217134;60.0;53.72485962857143;86.84384294285714
-0.1284796573875802;0.055561189584255814;-0.0387478331803813;-0.0277862751096155;0.028823245195247114;-0.0101967982053635;0.9998076660114092;0.01880571453144809;0.00035365489903831787;1.0430741446424903;0.05444788795278699;5.148232100102468;2.7514180136376276;4.564559132523607;-4.600589081812057;0.29208465325978655;1.4380068988318966;60.0;53.724762842857146;86.84370592857142
-0.0968695829509534;0.06302827615860986;-0.0387478331803813;-0.0101967982053635;0.03552484349664311;0.0101967982053635;1.000977669210619;0.018617148656973247;0.0003465982241158408;1.0430741446424903;0.05444788795278699;5.148232100102468;4.156906150384387;5.725243307335701;-5.149947016346417;0.10099570336336279;0.8886489642975368;60.0;53.724674428571426;86.843559
-0.1152238197206077;0.05311699541243408;-0.0606709493219129;-0.0887121443866625;0.03612585442233759;0.0101967982053635;0.9886262566897033;0.01157633068072122;0.00013401143202940744;1.0209444589717962;0.03231820228209292;5.148232100102468;4.287567343097783;5.725243307335701;-5.558291713061052;0.035603608292867024;0.4803042675829019;60.0;53.72460998571429;86.84340678571428
-0.1998572448251249;0.05106695459678909;-0.0693382277964719;-0.0764759865402263;0.03642187643651357;0.0101967982053635;1.0209444589717962;0.011309117523976309;0.00012789613917110805;1.0209444589717962;0.03231820228209292;5.148232100102468;4.358394606252306;5.725243307335701;-5.432203496262167;0.04961601385147845;0.6063924843817867;60.0;53.72457725714286;86.84327531428572
-0.2018966044661976;0.056957519054755656;-0.0693382277964719;0.0101967982053635;0.041364566518437916;0.0101967982053635;1.0125338468161056;0.019368684576406857;0.0003751459422203409;1.0209444589717962;0.05729146031453125;5.464707704749628;5.8089044709828395;6.041718911982861;-5.248386491154243;0.09574605961427089;0.7902094894897109;60.0;53.72457465714285;86.84317031428573
-0.1651881309268889;0.06952043111734409;-0.0244723156928724;-0.0152951973080452;0.03953338058779473;0.0101967982053635;1.0139689162540226;0.02395822503971454;0.0005739965470536048;1.0209444589717962;0.05883993886625316;5.464707704749628;5.371414152244552;6.041718911982861;-4.743142658868488;0.21179959157961722;1.2954533217754651;0.0;53.72460578571429;86.8431027
-0.0693382277964719;0.07688720387795346;-0.0244723156928724;-0.0520036708473539;0.03730783517626794;0.0101967982053635;0.9969428951852476;0.02388641798152076;0.0005705609639879183;1.0209444589717962;0.05883993886625316;5.464707704749628;4.798031653506997;6.041718911982861;-4.139567220139738;0.42228977534740375;1.8446701102972973;0.0;53.72468211428571;86.84307662857144
-0.0734169470786173;0.06897049281866428;-0.0244723156928724;-0.0917711838482716;0.03649881346474665;0.0101967982053635;0.963652998657265;0.021849634225345114;0.0004774065157813725;1.0139689162540226;0.0518643961484796;5.464707704749628;4.641502553251164;6.041718911982861;-3.7354485748233657;0.6212992360101927;2.1040916697657;0.0;53.7247961;86.8430809
-0.0244723156928724;0.04909020987918703;-0.0244723156928724;-0.0795350260018354;0.02433028132038108;-0.0152951973080452;0.962104520105543;0.022871696510779183;0.0005231145012811887;1.0185958345532227;0.05649131444767963;5.464707704749628;2.1546677736088333;4.600397688645502;-3.319101601682207;0.7938247716964701;2.2955380818536923;0.0;53.724953657142855;86.84313605714286
-0.0351789538085041;0.019346744407458923;-0.0244723156928724;-0.0662791883348628;0.013545869421958807;-0.0520036708473539;0.9909148867359716;0.022535908123243943;0.0005078671549392924;1.0185958345532227;0.05649131444767963;5.464707704749628;0.7475370686048652;2.4746229452716895;-2.6460286690786905;1.053344278532834;2.7861748271834763;0.0;53.72514082857143;86.84323545714287
-0.040787192821454;0.016480568292914857;-0.0244723156928724;-0.0672988681553992;0.012400948474644423;-0.0560823901294993;1.0074627557040106;0.0234845816228629;0.0005515255740009099;1.0185958345532227;0.05649131444767963;5.464707704749628;0.6566119341488622;2.308490243659197;-2.0990880826436435;1.2498077002298327;3.149298408510599;0.0;53.72534202857143;86.8433635142857
-0.0295707147955541;0.012322345009570369;-0.0132558376669725;-0.0560823901294993;0.007960844889964609;-0.0560823901294993;1.0185958345532227;0.02104229173443324;0.00044277804143699745;1.0241550616037771;0.06205054149823408;4.741925290963343;0.2697463245414755;1.5857078298729124;-1.7567238708627586;1.1944475092963103;2.9864187880057296;0.0;53.725556928571436;86.84350527142858
-0.0361986336290404;0.011788432008836551;-0.0132558376669725;-0.0713775874375446;0.006548067133678034;-0.0560823901294993;1.011634031778472;0.013683234275262437;0.00018723090023171676;1.0241550616037771;0.03721600235295297;4.2660895831320245;0.15697573091840042;1.1098721220415935;-1.447067283485817;1.0571625470421115;2.6924999366539213;0.0;53.725777557142855;86.84364544285714
-0.0520036708473539;0.017130201893790397;-0.0020393596410727;-0.058121749770572;0.007730504056274892;-0.0550627103089629;1.010457942257898;0.012671044686420945;0.00016055537344527646;1.0241550616037771;0.03721600235295297;4.2660895831320245;0.20382588480880978;1.1098721220415935;-1.2844592601171436;0.8846839309452154;2.450989314706222;0.0;53.726002542857145;86.84379728571427
-0.0132558376669725;0.017872814281255377;-0.0020393596410727;-0.0693382277964719;0.007929686864770242;-0.0550627103089629;1.0241550616037771;0.012765061948500432;0.00016294680654905364;1.0241550616037771;0.03721600235295297;4.2660895831320245;0.21533364726796822;1.1098721220415935;-1.2422369652029015;0.6020501561429404;2.0768646364793053;0.0;53.726229328571435;86.84395824285714
-0.0377281533598449;0.017841622004669933;-0.0020393596410727;-0.0734169470786173;0.007305728989566914;-0.0550627103089629;0.9869390592508241;0.011995001808989806;0.00014388006839766873;1.0241550616037771;0.03721600235295297;4.2660895831320245;0.17931467349883778;1.0992716096425217;-1.2422369652029015;0.2655220725122975;1.403791703875789;0.0;53.726460185714295;86.84412327142857
-0.0020393596410727;0.02480364364082788;-0.0020393596410727;-0.0550627103089629;0.0072513093939627574;-0.0550627103089629;0.9967316784125495;0.011854711099822432;0.00014053417526025316;1.0241550616037771;0.03721600235295297;4.2660895831320245;0.17898919772130853;1.1231224092407897;-1.2422369652029015;0.10149420211741866;0.856851117440742;0.0;53.726698500000005;86.84429209999999
-0.0101967982053635;0.022787429630352993;-0.0020393596410727;-0.058121749770572;0.008199060349499408;-0.0514938309370857;1.0122241962853717;0.011860240354901793;0.00014066530127604103;1.0241550616037771;0.03721600235295297;4.2660895831320245;0.228304794508676;1.3452377909871904;-1.2422369652029015;0.07587381878290246;0.684874212668088;0.0;53.72694359999999;86.84445674285715
-0.0219231161415315;0.02240949335317189;-0.0020393596410727;-0.0642398286937901;0.007449181415496198;-0.0514938309370857;1.0076930044418746;0.01462668292276829;0.00021393985332320153;1.0340136612601687;0.047074602009344546;4.2660895831320245;0.1974716343031063;1.3452377909871904;-1.2422369652029015;0.1062308461060214;0.7960137751487999;0.0;53.727213657142855;86.84463902857144
-0.0703579076170082;0.028904991837107808;-0.0020393596410727;-0.0550627103089629;0.008391549264723111;-0.0514938309370857;1.0042878266216104;0.01399080891292281;0.00019574273403792037;1.0340136612601687;0.044252210809132664;4.431495091069404;0.2479601768000539;1.5106432989245704;-1.2422369652029015;0.1273216476173735;0.7971653222958242;0.0;53.72749220000001;86.84482979999999
-0.0229427959620678;0.026044168611610484;-0.0101967982053635;-0.0514938309370857;0.009845387038644317;-0.0514938309370857;1.0105468170032152;0.013102619097719263;0.00017167862721991756;1.0340136612601687;0.044252210809132664;4.431495091069404;0.33783951406344825;1.5106432989245704;-1.2422369652029015;0.10528513431588997;0.7971653222958242;0.0;53.72776858571429;86.8450111
-0.0183542367696543;0.025883986230461585;-0.0112164780258998;-0.0632201488732537;0.010124313251491459;-0.0514938309370857;1.0340136612601687;0.013052922212095046;0.00017037877827500423;1.0340136612601687;0.044252210809132664;4.431495091069404;0.3543775546188917;1.5106432989245704;-1.400738934059676;0.051076447166138794;0.6386633534390496;0.0;53.72804355714286;86.84519098571427
-0.0744366268991536;0.02656508003391307;-0.0112164780258998;-0.0764759865402263;0.010124313251491459;-0.0514938309370857;0.989761450451036;0.013171891957672694;0.0001734987377446026;1.0340136612601687;0.044252210809132664;4.431495091069404;0.3549517836962062;1.5106432989245704;-1.587064231935173;0.027991441503322913;0.45233805556355255;0.0;53.72831405714286;86.8453664
-0.0275313551544814;0.023128446616731985;-0.0112164780258998;-0.0764759865402263;0.008917862002496625;-0.0514938309370857;1.0086844722821269;0.013224910041840097;0.00017489824561476303;1.0340136612601687;0.044252210809132664;4.431495091069404;0.28430886185710985;1.5106432989245704;-1.455361664981786;0.05414208829062639;0.5840406225169397;0.0;53.72856677142857;86.84553865714285
-0.0112164780258998;0.022511446644805894;-0.0112164780258998;-0.0734169470786173;0.005138301803218485;-0.0632201488732537;1.0086521305697087;0.013202656710384874;0.00017431014421227074;1.0340136612601687;0.044252210809132664;4.431495091069404;0.10939356421430259;0.9262142508537643;-1.2959625350619646;0.08998060145513563;0.7434397524367611;0.0;53.72880858571428;86.84571098571428
-0.0596512695013765;0.02486196242768185;-0.0050983991026817;-0.0678087080656673;0.006495875345371102;-0.0662791883348628;1.0043745299001796;0.009704761508654808;9.418239593986796e-05;1.0094284319352447;0.023735008640033084;4.985078034678778;0.16591661592239454;1.220322036491814;-0.7519033033658772;0.19710968610986315;1.2874989841328484;0.0;53.729020642857144;86.84586452857143
-0.0331395941674314;0.027634792325123936;0.0254919955134087;-0.0713775874375446;0.011861704801066231;-0.0662791883348628;1.003396678367799;0.00835683486641568;6.983668898454075e-05;1.0094284319352447;0.023735008640033084;5.737809896644339;0.4946962453351515;1.9730538984573749;-0.2349772612497996;0.36971052668788823;1.7488836243906032;0.0;53.72922112857143;86.84600650000002
-0.040787192821454;0.028644742031358743;0.0254919955134087;-0.0662791883348628;0.01554444470727821;-0.0662791883348628;1.0094284319352447;0.008934456127194925;7.982450628877094e-05;1.0126473102819005;0.02695388698668888;5.895151202896481;0.7980392359667703;2.1303952047095174;0.2864519014090518;0.5849325426123798;2.044176222476285;0.0;53.729415128571425;86.84614564285712
-0.0050983991026817;0.028527831298483693;0.0254919955134087;-0.0856531049250535;0.027355677684915272;-0.0662791883348628;0.9856934232952116;0.010699786826187606;0.00011448543812585782;1.019254015305873;0.033560592010661305;8.051230629428023;2.3383265905605026;4.2864746312410595;0.6938010815760985;0.8005555694645494;2.2808653135112715;0.0;53.72959882857142;86.84627814285714
0.0254919955134087;0.03441630697133456;0.040787192821454;-0.0999286224125624;0.0325165128943779;-0.0662791883348628;0.9995223873612725;0.011934820738907517;0.00014243994606985699;1.019254015305873;0.033560592010661305;8.64008580687271;3.478441999779395;4.875329808685747;1.0155440343864717;0.9298669282060685;2.4709056993682577;0.0;53.7297597;86.84639512857143
-0.0418068726419904;0.03682159699249067;0.040787192821454;-0.1040073416947078;0.030172383241375424;-0.0662791883348628;1.0126473102819005;0.01445601003992664;0.00020897622627445982;1.019254015305873;0.03791826695891831;8.64008580687271;3.042065780306277;4.875329808685747;1.1445614137386766;0.849968237530187;2.4405239488006414;0.0;53.72990354285714;86.84650239999999
-0.0387478331803813;0.03484912560660491;0.040787192821454;-0.1427551748750892;0.023968673642593426;-0.0856531049250535;1.019254015305873;0.014157274190075264;0.0002004284124929712;1.019254015305873;0.03791826695891831;8.64008580687271;1.9039305247098752;3.6550077721939322;1.3535303630588034;0.60006120613856;2.1054336664246804;0.0;53.730041500000006;86.8466367
0.040787192821454;0.04030070228134404;0.0632201488732537;-0.1488732537983073;0.02045087296842206;-0.0999286224125624;0.9909882024470961;0.012876229004639602;0.00016579727337992216;1.019254015305873;0.03791826695891831;8.64008580687271;1.433699813746359;2.912010757079594;1.7103233859519955;0.43782962885130977;1.945300647201795;0.0;53.73016377142858;86.84678822857143
0.0316100744366268;0.04381333159514083;0.0632201488732537;-0.1254206179259712;0.019301906838622263;-0.1004384623228306;0.9813357483469546;0.012860874504968613;0.00016540209303255167;1.019254015305873;0.03791826695891831;8.64008580687271;1.2848893837873665;2.912010757079594;1.7777701908589534;0.2867936934573023;1.4913182894499015;0.0;53.7302726;86.84697019999999
0.0311002345263586;0.03448206071977638;0.0632201488732537;-0.1004384623228306;0.019301906838622263;-0.1004384623228306;1.0063236370334678;0.012762993154977297;0.00016289399427399734;1.019254015305873;0.03791826695891831;8.64008580687271;1.2834464863520971;2.912010757079594;1.7777701908589534;0.17868565952597684;1.083969109282855;0.0;53.73036717142857;86.84716351428573
0.0632201488732537;0.017923990220112408;0.0632201488732537;-0.1101254206179259;0.025404200420738206;-0.0652595085143265;1.0052988133953513;0.013709039639514841;0.00018793776783778923;1.0232485728927974;0.041912824545842775;8.64008580687271;2.3381081631090566;4.983463220570731;1.7777701908589534;0.10361076878602037;0.7622261564724817;30.0;53.73045301428572;86.84737735714286
0.061180789232181;0.023234437479128497;0.0820842255531763;-0.1091057407973896;0.028451799234723903;-0.0448659121035994;1.0000028644987071;0.01614282327823238;0.00026059074339224115;1.0310698867061385;0.049734138359183944;7.342829031245682;2.858413470420503;4.848876522346444;1.7777701908589534;0.058500462531610176;0.6332087771202768;0.0;53.730538599999996;86.84762751428572
0.0152951973080452;0.023036479973714667;0.0820842255531763;-0.1040073416947078;0.024897783015260914;-0.0448659121035994;1.0118995520711311;0.021623667087470363;0.000467582978309749;1.0310698867061385;0.06759264034450108;6.28908531339868;2.1147666760049826;3.7951328044994423;1.7777701908589534;0.028916257545508337;0.42423982780015;0.0;53.730629771428575;86.84791617142857
0.0550627103089629;0.032095627073594785;0.0820842255531763;-0.0652595085143265;0.02839191691785301;-0.0448659121035994;1.0232485728927974;0.021669019993001137;0.00046954642745708296;1.0310698867061385;0.06759264034450108;7.189917147536531;2.7363243035395475;4.695964638637292;1.7777701908589534;0.03506650881860013;0.48794293458889704;0.0;53.73074281428571;86.84821207142856
0.0820842255531763;0.04541910452281848;0.0820842255531763;-0.0448659121035994;0.032824912744332295;-0.0448659121035994;1.0310698867061385;0.021988404632692835;0.00048348993829102775;1.0310698867061385;0.06759264034450108;7.9489240243382655;3.6838682311889404;5.454971515439027;1.7777701908589534;0.06024683429566045;0.6251390445909253;0.0;53.73086388571428;86.84847577142857
0.0693382277964719;0.04819576526788397;0.0820842255531763;-0.0876924645661262;0.03484077772349693;-0.0448659121035994;0.9634772463616375;0.02201280873555085;0.0004845637484279439;1.0310698867061385;0.06759264034450108;7.9489240243382655;4.097615778287455;5.454971515439027;1.7679045038551404;0.07285038975828145;0.6994275325553301;30.0;53.73099085714285;86.84870514285716
-0.0071377587437544;0.04899682674000896;0.0820842255531763;-0.1254206179259712;0.03711423774923145;-0.0448659121035994;1.0020931645434301;0.021845497239393545;0.000477225749636351;1.0310698867061385;0.06759264034450108;7.9489240243382655;4.6183017250872895;5.454971515439027;1.7145871065137048;0.10485581464906889;0.9650088262701574;0.0;53.73112504285715;86.84891247142856
-0.040787192821454;0.046334563282596046;0.0820842255531763;-0.1376567757724074;0.03327583170285538;-0.0448659121035994;0.9954190450287904;0.020240535257762326;0.0004096792675207198;1.0310698867061385;0.06759264034450108;7.9489240243382655;3.65699192303352;5.454971515439027;1.551438813522934;0.1611604401384866;1.1502846806758245;0.0;53.7312832;86.84908525714285
-0.0244723156928724;0.034843619780580114;0.0693382277964719;-0.1284796573875803;0.018836169040170138;-0.0876924645661262;1.0098310954330525;0.016534496933833458;0.00027338958885494806;1.0121317449309712;0.04865449856933379;7.9489240243382655;1.0862699664182074;2.7268275198560854;1.4355053385388985;0.2125784050197852;1.2233067930292416;0.0;53.73144531428572;86.84920714285714
-0.0020393596410727;0.021016526852416458;0.0183542367696543;-0.1325583766697257;0.01911146894492497;-0.0866727847455898;1.0070312684777376;0.006210037641567418;3.8564567509684224e-05;1.0121317449309712;0.016712699902180828;7.9489240243382655;1.219396588364586;2.9673490202263118;1.2898272562700563;0.2594707540774139;1.3240488688290006;0.0;53.73160972857143;86.84927281428573
0.0101967982053635;0.024003506786451956;0.0183542367696543;-0.1172631793616804;0.024407488252655242;-0.07545630671969;1.0006250876453358;0.006275209022534171;3.937824827649427e-05;1.0121317449309712;0.016712699902180828;7.9489240243382655;1.98535765250583;3.6508983208567214;1.152631146268028;0.2712446738308148;1.315904253169035;0.0;53.731752885714286;86.849277
0.0091771183848271;0.02294360521749451;0.0183542367696543;-0.0968695829509534;0.021550412948774435;-0.07545630671969;1.0121317449309712;0.005137313804798919;2.6391993128977546e-05;1.0121317449309712;0.014004257559342204;7.563957563914665;1.5126282749863453;3.2659318604331204;1.0684769712998103;0.24344977665843592;1.3398373481500134;0.0;53.73190125714286;86.84926445714287
0.0183542367696543;0.0226853525818667;0.0183542367696543;-0.0866727847455898;0.01964420140103393;-0.07545630671969;0.998127487371629;0.005445784477699363;2.965656857755132e-05;1.0121317449309712;0.014004257559342204;7.563957563914665;1.2585231521352134;3.2659318604331204;0.7495782802435474;0.14889553604708103;1.0289754466653276;0.0;53.73205867142857;86.84923535714286
-0.0356887937187723;0.02760050583006949;0.037728153359845;-0.07545630671969;0.0167624351340974;-0.07545630671969;1.0068309460284555;0.005708309829275669;3.258480110700522e-05;1.0121317449309712;0.014004257559342204;6.7760284834834845;0.9051660822188256;2.4780027800019404;0.4011541328471096;0.07530368390161173;0.7081300386035794;0.0;53.732223714285716;86.84918828571429
-0.0356887937187723;0.02784340353638794;0.037728153359845;-0.0978892627714897;0.018886291176458268;-0.07545630671969;1.0097744644922022;0.004982244646726872;2.4822761719838572e-05;1.0121317449309712;0.014004257559342204;7.322373764003558;1.1452001050149008;3.024348060522014;0.2121985455096569;0.03355956281448328;0.5191744512661266;0.0;53.732374;86.8491228
0.0101967982053635;0.027725792474128243;0.037728153359845;-0.1152238197206077;0.020412024260262715;-0.07545630671969;1.0120367166826396;0.00835942674787397;6.98800155530708e-05;1.0120367166826396;0.023106037164365212;7.322373764003558;1.3891966117201313;3.024348060522014;-0.0070584732408215;0.014290135449231;0.29991743251564823;0.0;53.73252298571428;86.84903407142858
0.037728153359845;0.02750616635217735;0.037728153359845;-0.1193025390027531;0.018679364235924503;-0.07545630671969;1.0111368448573739;0.008379932084983102;7.022326174892925e-05;1.0136186738472164;0.024687994328941976;7.322373764003558;1.1724477896266365;3.024348060522014;0.0531690613193027;0.01953293632749169;0.3601449670757724;0.0;53.73266558571429;86.84892432857143
0.0142755174875088;0.023661761755559063;0.037728153359845;-0.1282247374324461;0.010867713941544762;-0.0978892627714897;1.0060635242637357;0.010403934114744327;0.00010824184506394083;1.0136186738472164;0.024687994328941976;7.322373764003558;0.39829455313278544;1.7592862720669533;0.0531690613193027;0.022733540225996187;0.3601449670757724;0.0;53.73279542857143;86.84879085714286
0.0050983991026817;0.017313121851332016;0.037728153359845;-0.1254206179259712;0.011733572730043931;-0.0948302233098807;0.9889306795182744;0.010217243268317295;0.00010439206000397505;1.0136186738472164;0.024687994328941976;7.322373764003558;0.4576628140316448;1.9178128528245395;0.0531690613193027;0.01962230989171744;0.3601449670757724;0.0;53.732907742857144;86.84863254285713
-0.0173345569491179;0.017609784887499418;0.037728153359845;-0.1193025390027531;0.011785675417362676;-0.0948302233098807;1.0136186738472164;0.010437711714019967;0.00010894582582498964;1.0136186738472164;0.024687994328941976;7.322373764003558;0.46533956453913833;1.9178128528245395;0.0531690613193027;0.019774072125461086;0.3601449670757724;0.0;53.73299921428572;86.84844972857142
-0.0061180789232181;0.01204704707416302;0.0142755174875088;-0.1050270215152442;0.01184277587699838;-0.0948302233098807;0.9906130416715672;0.009505341171039017;9.03515107778494e-05;1.0136186738472164;0.024687994328941976;7.322373764003558;0.47366814915037964;1.9178128528245395;0.0531690613193027;0.02650107741044048;0.4516575393751979;0.0;53.73306938571428;86.84824195714285
0.0020393596410727;0.009216821593834147;0.0050983991026817;-0.0948302233098807;0.012330880402878773;-0.0948302233098807;1.0068232008036506;0.010047991447398433;0.00010096213212699207;1.0136186738472164;0.024687994328941976;7.286129355499455;0.5440634490137084;1.8815684443204361;0.0531690613193027;0.04705673454488215;0.5675490388928024;0.0;53.73312298571428;86.84802492857145
-0.0035688793718772;0.010896860819789408;0.0122361578464362;-0.1182828591822167;0.01316965038810067;-0.0948302233098807;0.9920935761650768;0.009162363681029054;8.394890822344029e-05;1.0136186738472164;0.023005632175649215;7.481493365734108;0.60728409029362;2.07693245455509;0.0531690613193027;0.06852910429556137;0.7114440150467418;0.0;53.73316195714286;86.8478079
-0.0193739165901906;0.012462183181780244;0.0122361578464362;-0.1203222188232894;0.014596201507450389;-0.0948302233098807;1.0006176840489036;0.009487544535654655;9.001350131603051e-05;1.0150163574383309;0.02440331576676369;7.481493365734108;0.7170238349688945;2.07693245455509;-0.0147421021632806;0.06292117227931111;0.6558621261992589;0.0;53.73318891428572;86.84758617142857
-0.003059039461609;0.01372425257368833;0.0122361578464362;-0.0968695829509534;0.014502618787925269;-0.0948302233098807;1.0100647931754916;0.009190230538608384;8.446033735277015e-05;1.0150163574383309;0.02292278127325409;7.481493365734108;0.7104627356626662;2.07693245455509;-0.1468050686058388;0.056876420863484635;0.6764086803186435;0.0;53.733205657142854;86.84736154285713
0.0122361578464362;0.013475783970505462;0.0122361578464362;-0.1294993372081166;0.015683571598939145;-0.0897318242071989;0.994573137037183;0.008952290117975282;8.014349835639788e-05;1.0150163574383309;0.02292278127325409;7.481493365734108;0.8107718266906536;2.3242234070766337;-0.2823268834651277;0.0699868035258646;0.7861976296397594;0.0;53.733217128571425;86.84712432857144
-0.0244723156928724;0.019893403145285066;0.0122361578464362;-0.1294993372081166;0.017638931168885607;-0.0897318242071989;1.0150163574383309;0.008649714896782644;7.48175677956236e-05;1.0150163574383309;0.02275039480024388;7.481493365734108;1.0328990536824028;2.3810686928977622;-0.3984884780558952;0.08337535663842564;0.7993788939593613;0.0;53.733225014285715;86.84687987142856
0.0091771183848271;0.028251186755446876;0.0122361578464362;-0.1060467013357805;0.020220487254345148;-0.0774956663607627;0.992265962638087;0.008669680629250793;7.516336221320642e-05;1.0150163574383309;0.02275039480024388;7.481493365734108;1.3575381931995596;3.064777780350431;-0.5143799775734997;0.0795905930066734;0.6989044977311262;0.0;53.73323212857143;86.8466309857143
-0.0050983991026817;0.028876929251567884;0.0122361578464362;-0.0897318242071989;0.023086664642317303;-0.0734169470786173;0.9982420675231091;0.008787990595810383;7.722877871205171e-05;1.0150163574383309;0.02275039480024388;7.481493365734108;1.7794532035400543;3.3170319922236873;-0.6582749537274392;0.0668041828983766;0.5811550174995698;0.0;53.73323951428572;86.84636408571428
-0.0438462322830631;0.028674758580745724;0.0112164780258998;-0.0897318242071989;0.018874244491297827;-0.0734169470786173;1.009337784757134;0.01003327151170488;0.00010066653722758871;1.0150163574383309;0.026402721334811807;7.329974115739696;1.1530229048668983;3.165512742229275;-0.6706042283625395;0.059910645527703366;0.6715335381306833;0.0;53.733246428571434;86.84608208571429
-0.0632201488732537;0.02905405918330925;0.0112164780258998;-0.0774956663607627;0.010830205758835454;-0.0734169470786173;1.0063077512540446;0.01037285699555201;0.00010759616225017227;1.0166469886560972;0.028033352552578106;6.135104025488007;0.42990015879171056;1.9706426519775864;-0.8232137489244824;0.03781817284601532;0.5938180221291545;0.0;53.7332537;86.84577484285715
-0.0418068726419904;0.026133839746272168;0.0112164780258998;-0.0734169470786173;0.008426141597971884;-0.0734169470786173;1.0109800177117847;0.010575243745970233;0.00011183578028668252;1.0166469886560972;0.028033352552578106;5.504413690197058;0.2637342504137546;1.3399523166866372;-1.068524513104887;0.015725948539719446;0.3485072579487498;0.0;53.73325964285714;86.84545530000001
0.0112164780258998;0.024415347610361855;0.0112164780258998;-0.0948302233098807;0.008560222142993528;-0.0734169470786173;0.988613636103519;0.010372485486718024;0.00010758845517217603;1.0166469886560972;0.028033352552578106;5.504413690197058;0.2691245463611415;1.3399523166866372;-1.1978673720152566;0.008155066890607835;0.21916439903838025;0.0;53.73326518571429;86.84514632857143
-0.0096869582950953;0.023728887455686954;0.0112164780258998;-0.0907515040277353;0.01085532063673643;-0.0734169470786173;1.0166469886560972;0.010952806381879222;0.00011996396763893419;1.0166469886560972;0.028033352552578106;5.943304712872522;0.39737376314324385;1.7788433393621013;-1.213284475304626;0.006512633016539632;0.20374729574901096;0.0;53.73327028571428;86.84483691428571
-0.0336494340776996;0.01839835638038746;0.0112164780258998;-0.0948302233098807;0.012934459139991129;-0.0734169470786173;0.9911513399509431;0.011207440371726433;0.00012560671968580355;1.0166469886560972;0.028033352552578106;6.630379621618378;0.574338638464524;2.4659182481079567;-1.239429971227009;0.005785459589398038;0.24116858816989595;0.0;53.733274400000006;86.84450091428572
-0.0346691138982359;0.017736553722815934;0.0112164780258998;-0.0917711838482716;0.008740517372937557;-0.0907515040277353;1.0051048697091005;0.011523049551513944;0.00013278067096664573;1.0166469886560972;0.028033352552578106;6.630379621618378;0.25760614646586066;1.5090262303629451;-1.3413955482821631;0.0022800226485780416;0.13920301111474176;0.0;53.73327628571428;86.84418097142859
-0.0285510349750178;0.013199223520613439;0.0010196798205363;-0.1050270215152442;0.008936580278159356;-0.0907515040277353;1.014319550257147;0.01004691252869796;0.00010094045135930805;1.0166469886560972;0.025495648705154084;6.630379621618378;0.27000118823182695;1.5090262303629451;-1.0879731400147774;0.015964075807623483;0.39262541938212747;0.0;53.73327632857143;86.84387015714286
-0.0152951973080452;0.013389163564335529;0.0010196798205363;-0.1152238197206077;0.011572783060321213;-0.078515346181299;0.9979212099459474;0.008790962376190179;7.728101949959128e-05;1.014319550257147;0.023168210306203862;6.630379621618378;0.42983563774493544;2.122347506905993;-0.8907704995166572;0.045246586237576915;0.5898280598802477;0.0;53.73327411428571;86.84357902857143
0.0010196798205363;0.012694423862613331;0.0010196798205363;-0.1009483022330988;0.014545656520745938;-0.0739267869888855;1.0135037802879838;0.007565446526211836;5.723598114097074e-05;1.014319550257147;0.017622166198159372;6.630379621618378;0.6961006335700368;2.434449360770129;-0.5511792126729814;0.11492584201736734;0.9294193467239235;0.0;53.73327214285715;86.84329179999999
-0.0209034363209952;0.011657504028590782;0.0010196798205363;-0.092790863668808;0.014802927644496672;-0.0739267869888855;0.9966973840589876;0.008833775068270006;7.803558195678876e-05;1.0173609812042823;0.020663597145294754;6.630379621618378;0.728880919644837;2.434449360770129;-0.342928394422813;0.19750491277574256;1.137670164974092;0.0;53.73326960000001;86.84298937142856
-0.0356887937187723;0.011507891946627198;0.0010196798205363;-0.078515346181299;0.019505402665612282;-0.0550627103089629;0.9989375992922951;0.010076595581624385;0.00010153777851561206;1.0211980132567557;0.024500629197768187;6.630379621618378;1.2962683520304965;3.5395083325904833;-0.2318183884523179;0.24478584866831554;1.248780170944587;0.0;53.733266642857146;86.84267555714284
-0.0214132762312633;0.011674480470137576;0.0010196798205363;-0.0739267869888855;0.014818806583444309;-0.0550627103089629;1.0103793504063359;0.009360719434438922;8.762306833028252e-05;1.0211980132567557;0.024500629197768187;5.7163261221651895;0.7298784734965061;2.625454833137295;-0.0831103292146159;0.2312565304787696;1.3000421757173775;0.0;53.733264757142855;86.84238110000001
-0.0142755174875089;0.017279128564998577;0.020393596410727;-0.0866727847455898;0.013100386796048668;-0.0550627103089629;1.0173609812042823;0.009700869787278861;9.410687462973982e-05;1.0211980132567557;0.024500629197768187;5.341877129174738;0.5956671904647685;2.2510058401468434;0.0448468799912833;0.17501124478918495;1.1328200200060607;0.0;53.73326815714285;86.84205535714285
-0.0081574385642908;0.017708966111112293;0.020393596410727;-0.0550627103089629;0.010991863790944308;-0.0550627103089629;1.0211980132567557;0.008598173336626382;7.392858472667284e-05;1.0211980132567557;0.022260413964460657;4.887165642677728;0.4003202615912049;1.796294353649834;0.2642882876120849;0.1482174973941843;1.155058787128742;0.0;53.73328184285714;86.84170332857143
-0.0112164780258998;0.013642386214193765;0.020393596410727;-0.0764759865402263;0.011433434364791571;-0.0550627103089629;1.0032877390689832;0.006168536048066279;3.8050836976293147e-05;1.0211980132567557;0.01791027418777258;4.887165642677728;0.42463647673480026;1.796294353649834;0.4083003459879404;0.11434828912159978;0.9594795586609218;0.0;53.733319085714285;86.84129805714285
0.020393596410727;0.012120288304613076;0.020393596410727;-0.0622004690527174;0.011413388524202097;-0.0550627103089629;1.0166908369033862;0.012667417402922617;0.0001604634636598668;1.0211980132567557;0.035436027872268405;4.887165642677728;0.4300073577658374;1.796294353649834;0.4083003459879404;0.08844592993515948;0.7512287404107534;0.0;53.733373485714274;86.84089165714286
0.0020393596410727;0.01846584640311124;0.0356887937187723;-0.0805547058223717;0.009071303283042755;-0.0550627103089629;1.0198093116513958;0.012596328265430733;0.00015866748577048924;1.0211980132567557;0.035436027872268405;4.530511488426381;0.2864466547482004;1.4396401993984864;0.4083003459879404;0.06233345744811025;0.6401187344402584;0.0;53.73344671428571;86.84050042857143
-0.0101967982053635;0.024793910506657385;0.0499643112062812;-0.0622004690527174;0.007032940147459108;-0.0622004690527174;1.0145019960272244;0.011947994410013561;0.00014275457042171532;1.0198093116513958;0.03404732626690843;4.530511488426381;0.1713347554416371;1.023003440285731;0.4083003459879404;0.0336909147481473;0.4914106752025563;0.0;53.7335393;86.8401249
-0.0101967982053635;0.023307574270916634;0.0499643112062812;-0.0734169470786173;0.008906056238332702;-0.0622004690527174;0.9857619853844873;0.01392609699244405;0.00019393617744295922;1.0198093116513958;0.03404732626690843;4.965255190780549;0.29162824379392993;1.457747142639899;0.4625864299345767;0.01833339792939209;0.41773954994329343;0.0;53.73364715714286;86.83976829999999
0.0356887937187723;0.024549075930597464;0.0499643112062812;-0.0672988681553992;0.010652743841152553;-0.0622004690527174;1.0164203026868104;0.014181337241125542;0.00020111032594653417;1.0198093116513958;0.03404732626690843;5.370422008829115;0.417675177366892;1.8553368310728064;0.4625864299345767;0.005448470855663818;0.19829814232249182;0.0;53.733764057142864;86.83944634285714
0.0499643112062812;0.025576343723799255;0.0499643112062812;-0.0723972672580809;0.010610831243848642;-0.0622004690527174;1.0041661705964318;0.012768218676416995;0.00016302740816880374;1.0164203026868104;0.030658317302323046;5.370422008829115;0.41867911811187897;1.8553368310728064;0.4625864299345767;0.00660499851131971;0.22752708276926972;0.0;53.73388162857143;86.839147
0.0275313551544814;0.027057907873828738;0.0499643112062812;-0.0856531049250535;0.009722034133630039;-0.0672988681553992;0.9896187031220507;0.01192040841646469;0.0001420961368153222;1.0164203026868104;0.034008669633505906;5.370422008829115;0.3332487900034507;1.5739963859963155;0.4625864299345767;0.02842444747613447;0.4971745475930711;0.0;53.73398065714286;86.83886934285714
-0.0050983991026817;0.025544382361587775;0.0499643112062812;-0.092790863668808;0.011198807313034704;-0.061180789232181;0.9914151357506924;0.011325630589878437;0.0001282699082583902;1.0164203026868104;0.034008669633505906;5.370422008829115;0.43875187157128553;1.849330689425197;0.4625864299345767;0.08901665973038946;0.828327937153853;0.0;53.73406667142857;86.83857867142856
-0.0081574385642908;0.02360624591408759;0.0499643112062812;-0.0713775874375446;0.014389516170532909;-0.0499643112062812;0.9896611223717363;0.01899471467800669;0.00036079918569888273;1.0392763617168128;0.056864728663508335;5.370422008829115;0.7559047141791734;2.61480454964637;0.4625864299345767;0.18180849939774593;1.108665334027524;0.0;53.734135671428575;86.83825635714287
-0.0193739165901906;0.023032987135041785;0.0275313551544814;-0.0672988681553992;0.015727312847650693;-0.0499643112062812;0.9824116330533045;0.01886422675237142;0.0003558590509648855;1.0392763617168128;0.056864728663508335;5.370422008829115;0.8942485614551949;2.61480454964637;0.4625864299345767;0.35779090324645696;1.5933886894613423;0.0;53.734195442857136;86.83784435714286
0.0142755174875089;0.022882020236864434;0.0142755174875089;-0.061180789232181;0.015043466086155642;-0.0499643112062812;0.9961708241032049;0.019213574357835352;0.00036916143960406817;1.0392763617168128;0.056864728663508335;5.370422008829115;0.8243891222887535;2.61480454964637;0.4460871832622251;0.5414190022917382;2.034177539668031;0.0;53.73425374285714;86.83740894285714
0.0091771183848271;0.02365652997762887;0.0142755174875089;-0.0499643112062812;0.00897045071968109;-0.0489446313857448;1.0392763617168128;0.01985632585739703;0.0003942736765551339;1.0392763617168128;0.056864728663508335;4.135949465388016;0.3247151319548757;1.3893541082745435;0.235059347165307;0.6333317917318235;2.132439743424317;0.0;53.73432257142857;86.83695845714286
-0.0418068726419904;0.02442877871977882;0.0142755174875089;-0.0545528703986948;0.006877216563908011;-0.0489446313857448;0.9996124944162665;0.03039199856544746;0.0009236735768021605;1.0725771577411904;0.09016552468788597;3.928051341858308;0.21590678925742313;1.2035213012976937;-0.0345881176584944;0.6348321824572922;2.092478050170885;0.0;53.734413857142854;86.83650482857145
-0.0438462322830631;0.024510725860506965;0.0142755174875089;-0.0509839910268175;0.008664421757779055;-0.0326297542571632;1.0137550930362198;0.026116934091458138;0.0006820942463375682;1.0725771577411904;0.07640633363798555;3.5210913194039177;0.2682162250314442;1.7030172210769334;-0.3657415072192763;0.5639110920093766;1.9688798992045857;0.0;53.7345285;86.8360635857143
-0.0336494340776996;0.018741302448622765;0.0091771183848271;-0.0489446313857448;0.01984200414895557;0.0010196798205363;1.0214082424595379;0.024200812922911326;0.0005856793461297518;1.0725771577411904;0.0729646633249239;3.1284151280326693;1.2339415270435437;3.1863281422945913;-0.6460789040929473;0.5428109477066898;2.169229294832345;0.0;53.73467807142857;86.83561704285715
-0.0387478331803813;0.010187082340169877;-0.0163148771285816;-0.0509839910268175;0.02088151533023122;0.0010196798205363;1.0725771577411904;0.027749673240185357;0.0007700443649370593;1.0725771577411904;0.08746406621444447;3.1284151280326693;1.357641247259061;3.1863281422945913;-1.1308022595267655;0.5003800793955292;2.071341227429029;30.0;53.734860042857136;86.83517364285714
-0.0163148771285816;0.03453747667180625;-0.0163148771285816;-0.0326297542571632;0.019967929142337918;0.0010196798205363;1.028484471090412;0.026881652929391604;0.0007226232642162683;1.0725771577411904;0.08746406621444447;2.8827478687489885;1.2116440709513994;2.9406608830109104;-1.5880903564058055;0.3888553518589884;1.6140531305499888;0.0;53.735071385714285;86.83480715714288
-0.0265116753339451;0.03632612555145003;-0.0163148771285816;0.0010196798205363;0.018082468183884745;0.0010196798205363;1.0088122827678603;0.02716342718732492;0.0007378517765611026;1.0725771577411904;0.08746406621444447;2.7465953571134727;0.971035446161621;2.8045083713753947;-1.89738039625901;0.2772822814579244;1.3047630906967844;0.0;53.73531292857143;86.8344599
-0.0428265524625267;0.035526803364260486;-0.0163148771285816;-0.0193739165901906;0.015834378641146854;0.0010196798205363;0.985113091526746;0.02715553922812348;0.0007374233107701533;1.0725771577411904;0.08746406621444447;2.724530040560614;0.7230105546903891;2.782443054822536;-2.1270661678293794;0.1916039295438355;1.075077319126415;0.0;53.735577785714284;86.83413595714286
-0.1213418986438258;0.035253995111489814;-0.0163148771285816;-0.020393596410727;0.010759112056928236;0.0010196798205363;1.0341634765643721;0.01731767454564971;0.0002999018516690439;1.0341634765643721;0.049050385037626154;1.8180740983269843;0.36523724810925157;1.8759871125889065;-2.334621406423862;0.10706745470383157;0.9244273531936926;30.0;53.73586025714286;86.8338406
-0.0764759865402263;0.030287850179008067;-0.0265116753339451;-0.0295707147955541;0.009805704244897283;0.0010196798205363;1.0097585042897559;0.017248874054150272;0.00029752365613593845;1.0341634765643721;0.049050385037626154;1.6781432511810923;0.3133547889002106;1.7360562654430145;-2.815308198925292;0.030206547290569263;0.539929630445446;0.0;53.73616988571428;86.83358337142856
-0.0540430304884266;0.025928182775249848;-0.0428265524625267;-0.020393596410727;0.004516508015842188;-0.0163148771285816;1.0233506882107253;0.01802205976835101;0.0003247946382940161;1.0341634765643721;0.049050385037626154;1.6781432511810923;0.0693583986969691;0.7626621473013994;-3.046826700545325;0.009307699312587013;0.308411128825413;0.0;53.73649481428571;86.83338167142857
-0.0693382277964719;0.031783461365302926;-0.0173345569491179;-0.0214132762312633;0.014913310191697221;0.0152951973080452;0.9988668187984335;0.014590506930667504;0.00021288289249385647;1.0341634765643721;0.04217012362977568;1.6781432511810923;0.7193581007264278;2.545191354296701;-2.9668646879560097;0.016668968066593102;0.38837314141472845;0.0;53.736841142857145;86.83324525714285
-0.0550627103089629;0.025494908717865333;-0.0173345569491179;-0.0265116753339451;0.015524923259436411;0.0152951973080452;0.9919933529345965;0.01668307200973517;0.00027832489168200914;1.0233506882107253;0.04684180905055357;1.6781432511810923;0.7917770645931954;2.545191354296701;-2.7758216385436465;0.03828341549200185;0.5794161908270916;0.0;53.73720525714286;86.83315954285715
-0.0825940654634444;0.024847769179374434;-0.0173345569491179;-0.0163148771285816;0.015014227857777247;0.0152951973080452;1.0211170660196882;0.016642151593288412;0.0002769612096539921;1.0233506882107253;0.04684180905055357;1.6754450455517007;0.7455741781305244;2.5424931486673095;-2.611500350405997;0.07457095879213058;0.7437374789647411;0.0;53.737579200000006;86.83310925714285
-0.0173345569491179;0.025720159609740754;-0.0173345569491179;0.0152951973080452;0.01708715430068545;0.0152951973080452;1.0107671052130887;0.014913112640303344;0.00022240092862237538;1.0211170660196882;0.04460818685951651;1.6754450455517007;0.9711296243531143;2.5424931486673095;-2.4431804785821374;0.11865918257412474;0.9120573507886007;0.0;53.73796131428571;86.83307811428571
-0.0224329560517997;0.03274562813553877;-0.0173345569491179;-0.0285510349750178;0.017746670059878438;0.0152951973080452;0.9765088791601717;0.0365613343308281;0.0013367311680505898;1.0884212814259258;0.11191240226575405;1.6754450455517007;1.038248669557538;2.5424931486673095;-2.298227724219876;0.14867328788957615;1.0570101051508622;0.0;53.73835834285715;86.83308017142856
-0.0285510349750178;0.03624220538595695;-0.0122361578464362;-0.0081574385642908;0.016461405053389163;0.0152951973080452;1.0089004007281528;0.036933176938248005;0.0013640595587519342;1.0884212814259258;0.11191240226575405;1.6754450455517007;0.8935865870721195;2.5424931486673095;-2.196338140030761;0.12748688822920962;0.9788838416686589;0.0;53.73876065714286;86.83314602857142
-0.0652595085143265;0.04390942270645917;0.0356887937187723;0.0081574385642908;0.01581717160568114;0.0152951973080452;0.9912735443472369;0.03673598974882994;0.0013495329428261382;1.0884212814259258;0.11191240226575405;1.6754450455517007;0.8329285762903379;2.5424931486673095;-2.0361160069841246;0.10893134300156722;0.930748680971885;0.0;53.73915497142857;86.83325874285715
-0.1040073416947078;0.04455862478478652;0.0356887937187723;0.0081574385642908;0.013779607951311288;0.0081574385642908;1.0884212814259258;0.03752420735473798;0.0014080661376013716;1.0884212814259258;0.11191240226575405;1.6754450455517007;0.6349289579640977;2.1469517043145423;-1.8307464800527964;0.1072190957198207;0.9450751584908501;0.0;53.73958654285714;86.83345625714286
-0.0122361578464362;0.04552322681379101;0.0356887937187723;-0.0183542367696543;0.011036255109251828;0.0081574385642908;0.9883159538952175;0.033981637348081635;0.0011547516768565366;1.0884212814259258;0.10010532753070822;1.0641139174910694;0.3922819427795803;1.535620576253911;-1.8307464800527964;0.08547690268117097;0.7807538703532007;0.0;53.7400051;86.83369195714286
0.0356887937187723;0.046997016538138627;0.0356887937187723;-0.0010196798205363;0.011437222868862534;0.0081574385642908;1.008076119763835;0.033768219332143024;0.0011402926368637178;1.0884212814259258;0.10010532753070822;1.0641139174910694;0.4223335018403877;1.535620576253911;-1.7818063860872055;0.06523323260041379;0.6613740924949318;0.0;53.74041034285714;86.83397285714285
-0.058121749770572;0.046248329520859895;0.0356887937187723;0.0010196798205363;0.011293462306404316;0.0081574385642908;1.0304978303274528;0.03238695646113568;0.0010489149488154984;1.0884212814259258;0.10010532753070822;1.0641139174910694;0.4074918396595549;1.4935351214581858;-1.6904462284161612;0.05108497692190426;0.6077814958037147;0.0;53.7408019;86.83429858571428
-0.0683185479759355;0.03530521958179761;0.0356887937187723;-0.0173345569491179;0.011428561585629458;0.0061180789232181;1.0119406520328493;0.01431823696029886;0.0002050119096512683;1.0304978303274528;0.042181876432235255;1.3430793712340012;0.42611340232134737;1.68546336974827;-1.5444408698333316;0.04643234146116559;0.6518972701974295;0.0;53.741209157142855;86.83468024285715
-0.0101967982053635;0.03534323899472149;0.0356887937187723;0.0061180789232181;0.010766012610533617;0.0061180789232181;1.0238275994690964;0.017021849634986572;0.00028974336499609245;1.0304978303274528;0.052196875383550445;1.3430793712340012;0.3754383468281885;1.68546336974827;-1.1916523283980536;0.07430126281287953;0.8444636785860711;0.0;53.74160211428572;86.83505491428572
-0.0173345569491179;0.025485925267933272;0.0010196798205363;-0.0142755174875089;0.010343834440495312;0.0061180789232181;1.002596780714919;0.017022224069976832;0.0002897561122884986;1.0304978303274528;0.052196875383550445;1.3430793712340012;0.3461485723389026;1.68546336974827;-1.1916523283980536;0.0754178909162037;0.6712808853119256;0.0;53.74199667142857;86.83542752857143
0.0010196798205363;0.02455336135891507;0.0010196798205363;-0.023452635872336;0.009390444215225455;0.0061180789232181;1.0005813147095255;0.013806697173195472;0.00019062488683232383;1.0238275994690964;0.04552664452519406;1.3430793712340012;0.2847755867861965;1.68546336974827;-1.1401477371488538;0.089004746708136;0.7227854765611255;0.0;53.74234312857143;86.8357557
-0.0280411950647496;0.02028252515260689;0.0010196798205363;-0.0071377587437544;0.013673200119873921;0.0183542367696543;0.9783009549439023;0.013807987267793562;0.00019066051238754913;1.0238275994690964;0.04552664452519406;1.3430793712340012;0.6058798998831688;2.382333552792267;-0.8952203674332169;0.10414673034205633;0.8865860186539887;0.0;53.742686357142865;86.83608430000001
-0.0183542367696543;0.019881266283911358;0.0010196798205363;-0.0071377587437544;0.016682493717831447;0.0214132762312633;1.0076361243531085;0.010917471775371522;0.0001191911899660338;1.0119545228931741;0.03365356794927177;1.3430793712340012;0.9102442345396861;2.574601902204093;-0.8060469417576117;0.10195850443993597;0.8843992866585495;0.0;53.743023185714286;86.83640284285715
-0.0530233506678902;0.01911956311545369;0.0010196798205363;-0.0091771183848271;0.01949873832876301;0.0285510349750178;1.004806899298356;0.011491876422961669;0.0001320632237206223;1.0119545228931741;0.03365356794927177;1.3430793712340012;1.254569594901854;2.99556353575365;-0.8060469417576117;0.07333949443728877;0.7383939280757199;0.0;53.743355699999995;86.83670975714287
-0.0509839910268175;0.024162067934139313;0.0173345569491179;0.0183542367696543;0.015669359025472698;0.0285510349750178;1.0119545228931741;0.012176231025138632;0.00014826060197754856;1.0119545228931741;0.03365356794927177;0.5233020019221872;0.8128033463267355;2.175786166441836;-0.8060469417576117;0.03382235050254754;0.44851117370879745;0.0;53.74365818571429;86.83696469999998
-0.0418068726419904;0.030072941120554975;0.0173345569491179;0.0214132762312633;0.01420249645883967;0.0285510349750178;0.9963153721065653;0.009115297290824375;8.308864470011018e-05;1.0119545228931741;0.024688535640661646;0.5233020019221872;0.6653677506604129;2.175786166441836;-0.8060469417576117;0.029205132562038567;0.44851117370879745;0.0;53.74395475714285;86.83719909999999
-0.0336494340776995;0.032098905000365524;0.0173345569491179;0.0285510349750178;0.013867359931753254;0.0316100744366268;0.9900734005512752;0.010990554414699951;0.00012079228634248057;1.0171304932055762;0.02986450595306378;0.5233020019221872;0.6244477664961601;2.3042096944985984;-0.5935522564940819;0.02823929396968503;0.5465954806547718;0.0;53.74424785714286;86.83740077142856
0.0173345569491179;0.029486878397557627;0.0173345569491179;0.0112164780258998;0.008827882445513286;0.0316100744366268;0.9872659872525125;0.012473827534615985;0.00015559637336334388;1.0171304932055762;0.02986450595306378;-0.4671633753850246;0.2523544233228631;1.3137443171913865;-0.5788109462921707;0.023165213568763665;0.4025914239207289;0.0;53.7445358;86.83756437142858
0.0173345569491179;0.02390636385385378;0.0173345569491179;0.0081574385642908;0.010410631113478378;0.0336494340776996;1.0004893463391293;0.01324186362741128;0.00017534695232695782;1.0171780260474097;0.029912038794897233;-0.4671633753850246;0.3451406459241819;1.4285936402572939;-0.5788109462921707;0.02259382588420961;0.4025914239207289;0.0;53.74482489999999;86.8376889
0.0061180789232181;0.018952778441429015;0.023452635872336;0.0316100744366268;0.011056424949610882;0.0336494340776996;1.0171304932055762;0.012895711639421686;0.00016629937868711594;1.0171780260474097;0.029912038794897233;-0.4671633753850246;0.39000496266681056;1.4285936402572939;-0.5289676048162479;0.029356447315936746;0.4524347653966516;0.0;53.7451237;86.8377829
0.0050983991026817;0.011843429102142639;0.023452635872336;0.0132558376669725;0.017046539615033034;0.0540430304884266;1.0167199827969757;0.013058256171698278;0.00017051805424569616;1.0262635421616737;0.038997554909161236;-0.4671633753850246;0.8996082307245498;2.5514281748953276;-0.452227238259769;0.03673320983985446;0.5291751319531306;0.0;53.74542957142857;86.8378400857143
0.0010196798205363;0.03601471292806391;0.023452635872336;0.0336494340776996;0.016470425825855513;0.0540430304884266;1.0171780260474097;0.009034586275417379;8.162374916796006e-05;1.0262635421616737;0.025774195822544366;-0.4671633753850246;0.8411765045173202;2.5514281748953276;-0.3337766759513454;0.029203276811177823;0.5410440279191926;0.0;53.745774371428574;86.83788865714284
0.023452635872336;0.03464339814696742;0.023452635872336;0.0112164780258998;0.01630880647641666;0.0540430304884266;1.0077790278641139;0.008622723020543682;7.435135228901395e-05;1.0262635421616737;0.02387419369205057;-0.5245641307511802;0.8245189090211126;2.494027419529172;-0.2354829319190224;0.02400989216558017;0.4375088108857642;0.0;53.74611944285715;86.83793384285715
-0.0112164780258998;0.03464339814696742;0.023452635872336;0.0540430304884266;0.016022436449406874;0.0540430304884266;1.0262635421616737;0.011072642159489119;0.00012260340439209584;1.0262635421616737;0.03286719914995184;-0.5245641307511802;0.7940396734392207;2.494027419529172;-0.2328933108463685;0.029555803818204513;0.4400984319584181;30.0;53.746464957142855;86.83799044285715
-0.0836137452839808;0.03556162742657689;0.023452635872336;0.0173345569491179;0.016127159371039028;0.0540430304884266;1.0039440456193673;0.010782381178102875;0.00011625974386990716;1.0262635421616737;0.03286719914995184;-0.5245641307511802;0.8043493030485794;2.494027419529172;-0.2328933108463685;0.027517774803940107;0.4400984319584181;30.0;53.74686584285714;86.83812069999999
-0.0020393596410727;0.03608818789424943;0.023452635872336;0.0091771183848271;0.016014709206879106;0.0540430304884266;1.0023893484696231;0.01019903150417266;0.00010402024362310641;1.0262635421616737;0.03286719914995184;-0.5245641307511802;0.7958138445907791;2.494027419529172;-0.2328933108463685;0.012367228911868753;0.29607429396987944;30.0;53.74726054285714;86.83829597142858
0.0061180789232181;0.03294479692264228;0.0071377587437544;0.020393596410727;0.015607621653313388;0.0540430304884266;0.9933963430117219;0.010502949521093272;0.0001103119486426334;1.0262635421616737;0.03286719914995184;-0.5245641307511802;0.7554637652034383;2.494027419529172;-0.2328933108463685;0.011209152576130662;0.27560500289367046;30.0;53.747652800000004;86.83852731428571
-0.037728153359845;0.033731548330960454;0.0071377587437544;0.0122361578464362;0.016630474589884862;0.0571020699500356;1.0133185895926267;0.007610789854937967;5.792412221602669e-05;1.0146968334018749;0.021300490390153026;-0.5245641307511802;0.9107639539275342;2.7492503544385642;-0.2328933108463685;0.015433948113377909;0.3081276533542617;0.0;53.74805025714286;86.83882602857143
0.0071377587437544;0.015480610159246804;0.0071377587437544;0.0326297542571632;0.017049443872591365;0.0571020699500356;1.0090163336884688;0.00760715937200781;5.786887371112625e-05;1.0146968334018749;0.021300490390153026;-0.5245641307511802;0.9565815530370712;2.7492503544385642;-0.2328933108463685;0.015670923406372647;0.3081276533542617;0.0;53.748395442857145;86.83914927142858
-0.0005098399102681;0.015466211076817936;0.0071377587437544;0.0152951973080452;0.015507372854992214;0.0571020699500356;1.0146968334018749;0.007932744555135802;6.292843617703671e-05;1.0146968334018749;0.021300490390153026;-0.6918823440297405;0.7942904529574147;2.5819321411600042;-0.2328933108463685;0.013589437247015832;0.3081276533542617;0.0;53.748737528571425;86.83949867142857
0.0020393596410727;0.01468960935913695;0.0071377587437544;0.0571020699500356;0.015617135596076394;0.0571020699500356;0.9999004444739221;0.012095214230851609;0.00014629420729019528;1.0146968334018749;0.035599229017086786;-0.6918823440297405;0.8021730838542044;2.5819321411600042;-0.2205477843996241;0.014215962528254349;0.3204731798010061;30.0;53.749075285714284;86.839873
-0.0091771183848271;0.0057261821762892235;0.0071377587437544;0.0367084735393086;0.015912746866420042;0.0571020699500356;1.0040781549217734;0.011198787734759906;0.0001254128467282089;1.0146968334018749;0.035599229017086786;-0.6144788291189763;0.8292571459907078;2.6593356560707684;-0.0702995346782632;0.027547720171434698;0.47072142952236695;30.0;53.74934835714286;86.84020824285714
-0.0025491995513408;0.008139969982539718;0.0050983991026817;0.0356887937187723;0.015912746866420042;0.0571020699500356;0.9989075442173196;0.010684170299777085;0.00011415149499463876;1.0146968334018749;0.035599229017086786;-0.6144788291189763;0.8307205968606309;2.6593356560707684;0.1587519323503166;0.06302700314874278;0.6997728965509468;30.0;53.74962081428572;86.84053189999999
-0.0050983991026817;0.008020483322123375;0.0050983991026817;0.0193739165901906;0.014611034403363518;0.0571020699500356;0.9790976043847881;0.009587838140827596;9.192664021470837e-05;1.0099716294120138;0.030874025027225693;-0.6144788291189763;0.69593230222956;2.6593356560707684;0.1587519323503166;0.06446473406971485;0.6997728965509468;30.0;53.749889814285716;86.84083015714285
0.0050983991026817;0.008180924156932497;0.0050983991026817;0.0107066381156316;0.011265478948562304;0.0438462322830631;0.998336976802909;0.009854508420871134;9.711133621702008e-05;1.0099716294120138;0.030874025027225693;-0.6144788291189763;0.41745161870195463;1.9211526308946052;0.1587519323503166;0.04109408036427286;0.5744858294619741;30.0;53.750150871428566;86.84109852857144
-0.0193739165901906;0.010021089009759156;0.0050983991026817;0.0326297542571632;0.010913886288459879;0.0438462322830631;0.9949117955531416;0.011483104258445774;0.00013186168341033547;1.013240604436901;0.03414300005211279;-0.6144788291189763;0.3925329838154408;1.9211526308946052;0.1587519323503166;0.0337379157409526;0.4903501663071757;30.0;53.750412371428574;86.84136368571428
-0.0071377587437544;0.014102791759343111;0.0193739165901906;0.0305903946160905;0.012320335822371171;0.0438462322830631;1.0099716294120138;0.011485542152840346;0.00013191767854467244;1.013240604436901;0.03414300005211279;-0.6144788291189763;0.500027400238377;1.9211526308946052;0.1587519323503166;0.04984254523927032;0.6326681289497786;30.0;53.75066841428572;86.84161972857143
0.003059039461609;0.014176326367582474;0.0193739165901906;0.0438462322830631;0.01263284515851714;0.0438462322830631;0.9910841997926763;0.008089508142937917;6.544014199465888e-05;1.013240604436901;0.022156404644224637;-0.6144788291189763;0.5284505698890553;1.9211526308946052;0.1587519323503166;0.09219347398404965;0.8297179869302953;30.0;53.75091891428571;86.84187022857144
-0.020393596410727;0.013914142271348125;0.0193739165901906;0.0316100744366268;0.01088720123588389;0.0438462322830631;1.013240604436901;0.0091019243905507;8.284502761130172e-05;1.013240604436901;0.022156404644224637;-0.6449414681521246;0.3945789304264318;1.8906899918614568;0.1587519323503166;0.18198072745957838;1.1817348039801359;30.0;53.75117748571428;86.84211051428572
0.0193739165901906;0.012649491165637074;0.0193739165901906;0.0112164780258998;0.011587747411529011;0.0438462322830631;0.9964786808993656;0.009766861731675637;9.539158808567003e-05;1.013240604436901;0.022315749593328382;-0.6449414681521246;0.4500558271294563;1.8906899918614568;0.0661008980696787;0.21663127935442708;1.23501228865885;30.0;53.75144867142857;86.8423561
0.0010196798205363;0.01584024040369988;0.0193739165901906;0.0163148771285816;0.012368966607148727;0.0438462322830631;1.0004394616528294;0.00937842411058676;8.795483879803506e-05;1.013240604436901;0.022315749593328382;-0.6449414681521246;0.5093742281564467;1.8906899918614568;-0.0490390224137184;0.22037728686730984;1.275061847000213;30.0;53.7517244;86.84259525714286
0.0015295197308045;0.01929036033299982;0.0193739165901906;0.0265116753339451;0.011380806703447773;0.0397675130009177;1.0123805739383303;0.014383677229140305;0.00020689017063208934;1.013240604436901;0.04125839378842533;-0.6449414681521246;0.4366751597987149;1.619470864603932;-0.3315982339568591;0.21293260396267488;1.2495065678894344;30.0;53.75199975714286;86.84283038571428
0.0107066381156316;0.02164411893681231;0.0193739165901906;0.0387478331803813;0.012563577806447856;0.0428265524625267;0.9909248548435725;0.013131876816502583;0.00017244618872379802;1.0123805739383303;0.04039836328985469;-0.6449414681521246;0.5276711119485563;1.8026334584680852;-0.473916196599462;0.21655314700632636;1.2928059582242888;0.0;53.7522809;86.84306398571428
-0.0244723156928724;0.01936592872936106;0.0107066381156316;0.0397675130009177;0.009303040068511716;0.0428265524625267;1.006488033666958;0.019911525553632438;0.0003964688498729576;1.0371226564152576;0.06514044576678202;-0.9344044053006054;0.28995753571672706;1.5131705213196045;-0.6709660545799787;0.19143944973259297;1.2447890214818982;0.0;53.7525649;86.8433041
-0.0316100744366268;0.02625528215234951;0.0107066381156316;0.037728153359845;0.0062144325504236795;0.0428265524625267;0.9719822106484756;0.023675424626508835;0.000560525731245501;1.0376603745506556;0.06567816390218006;-1.5006024566087195;0.1424690124987241;0.9469724700114903;-1.0229828716298193;0.1688434840954275;1.125526272977667;30.0;53.7528495;86.84355212857143
-0.0346691138982359;0.0428472127588878;0.0107066381156316;0.0428265524625267;0.0067344466091124235;0.0428265524625267;1.0028404587769837;0.027644629028284167;0.0007642255141114516;1.0458699392197255;0.07388772857124992;-1.3407865866843174;0.1740190813974869;1.1067883399358924;-1.1689113905891713;0.13537915959558347;0.979597754018315;0.0;53.753133142857145;86.8438248
-0.0326297542571632;0.03979676045792375;-0.0050983991026817;0.0356887937187723;0.006555624051523089;0.0428265524625267;1.0371226564152576;0.028260428270374196;0.000798651806024965;1.0458699392197255;0.07388772857124992;-1.3407865866843174;0.1632561088652036;1.1067883399358924;-1.3241008694139316;0.09170765045230528;0.8244082751935546;30.0;53.75340382857143;86.84411377142858
-0.0693382277964719;0.0399891333764201;-0.0050983991026817;0.0275313551544814;0.02213522906687534;0.0428265524625267;1.0376603745506556;0.03065556701744558;0.0009397637891610973;1.0458699392197255;0.07388772857124992;1.3097278137105894;1.6362944517763454;3.7573027403307995;-1.5811048018462934;0.0416081313207402;0.5674043427611928;0.0;53.75366755714286;86.8444287
-0.1254206179259712;0.04000955731122307;-0.0050983991026817;0.0244723156928724;0.029479321427102974;0.0428265524625267;1.0458699392197255;0.026021625675968458;0.0006771250028202209;1.0458699392197255;0.0644250661613468;1.6593740763815688;2.799470749525259;4.106949003001779;-1.7667221548237508;0.01661001398638889;0.3817869897837354;0.0;53.75396435714286;86.8448023
-0.0050983991026817;0.039390976269120755;-0.0050983991026817;0.0346691138982359;0.027605886919803;0.0356887937187723;0.9866528589892688;0.025612685540835057;0.0006560096606137012;1.0458699392197255;0.0644250661613468;1.6593740763815688;2.432019244026425;3.67305383955223;-1.915755076061877;0.007538422511629692;0.2682675994267021;0.0;53.75425812857143;86.84519481428572
-0.0224329560517997;0.04009300143027941;-0.0050983991026817;-0.0224329560517997;0.025657520262557562;0.0346691138982359;0.9814448730583787;0.024147623500047427;0.0005831077207000427;1.0458699392197255;0.0644250661613468;1.6593740763815688;2.1185196643154875;3.67305383955223;-2.038476519436912;0.00940705479303077;0.27130392733212183;0.0;53.754563485714286;86.84560622857144
-0.0652595085143265;0.04087889127391502;-0.0050983991026817;-0.0295707147955541;0.0335897895390912;0.0346691138982359;1.0211766315913304;0.022481659877277495;0.0005054250308375888;1.0458699392197255;0.0644250661613468;3.3417055084152154;3.6845216139192547;5.3553852715858765;-2.038476519436912;0.02351698855161856;0.3998772405580633;0.0;53.754880414285715;86.84602921428572
-0.0509839910268175;0.020732793169930375;-0.0050983991026817;-0.003059039461609;0.034492289776793986;0.0346691138982359;1.0087375568290906;0.015446345267679417;0.00023858958212836235;1.0211766315913304;0.039731758532951744;3.3417055084152154;3.9118256497726276;5.3553852715858765;-2.038476519436912;0.047595315020457475;0.5819093462999301;0.0;53.755249442857135;86.84652258571428
-0.0254919955134087;0.017264078617103912;-0.0198837565004588;0.0193739165901906;0.030311544161811612;0.0193739165901906;1.0201823988328487;0.023229572857685447;0.0005396130551505164;1.0553902883862363;0.07394541532785759;3.4341963553053225;2.87852945263678;4.522345285531713;-2.038476519436912;0.0732964927805872;0.6959813925171519;0.0;53.75562801428572;86.84702184285713
-0.0198837565004588;0.020716069801070804;-0.0061180789232181;-0.058121749770572;0.03043543160237262;0.0193739165901906;0.9971015390950644;0.025604952417169348;0.0006556135882855064;1.0553902883862363;0.08373600164373507;3.4341963553053225;2.9312827248037157;4.522345285531713;-2.05762607093151;0.09060084237089805;0.8283641276491935;0.0;53.756009528571425;86.84752404285715
-0.0428265524625267;0.016624891457962167;-0.0061180789232181;-0.0499643112062812;0.033561033993073745;0.0193739165901906;1.0055206390968916;0.02556668790460354;0.0006536555304114008;1.0553902883862363;0.08373600164373507;3.953137041440415;3.5497064633475794;5.041285971666806;-2.184022675488579;0.09550988303449252;0.8511668467024642;0.0;53.75634795714286;86.84799778571427
-0.0499643112062812;0.014521809769972;-0.0061180789232181;-0.0632201488732537;0.02987223510608704;0.0193739165901906;1.0553902883862363;0.025613944697284872;0.0006560741629555677;1.0553902883862363;0.08373600164373507;3.953137041440415;2.800762635236436;5.041285971666806;-2.3097804467690337;0.09328255888516905;0.8312918062568864;0.0;53.756674999999994;86.84847477142856
-0.0061180789232181;0.01906250708420189;0.0025491995513408;-0.0418068726419904;0.01265193726067723;-0.037728153359845;0.9716542867425012;0.025578128268283814;0.0006542406457087795;1.0553902883862363;0.08373600164373507;3.953137041440415;0.4698161103911764;1.826753841575806;-2.438353759994975;0.07805645973336549;0.748880860621111;0.0;53.7569856;86.84894994285715
-0.0316100744366268;0.030079731708429473;0.0025491995513408;-0.0703579076170082;0.012354948507242744;-0.037728153359845;1.0205594248358536;0.024716698907040126;0.0006109152048612785;1.0553902883862363;0.08373600164373507;3.953137041440415;0.43750833637021863;1.826753841575806;-2.620385865736842;0.05633705428865476;0.6197475240233477;0.0;53.75728451428572;86.84941342857142
-0.0326297542571632;0.03424215378413609;0.0025491995513408;-0.037728153359845;0.012659761588735368;-0.037728153359845;1.0168253101135822;0.027354072714179195;0.0007482452940526027;1.0553902883862363;0.08373600164373507;3.953137041440415;0.4523984667704705;1.826753841575806;-2.7344579119540637;0.04519401871079106;0.6124926160160133;0.0;53.7575281;86.84981792857143
0.0025491995513408;0.04604810223526413;0.0025491995513408;-0.0397675130009177;0.011461007647657902;-0.037728153359845;1.0194392751860186;0.020134545494781855;0.0004053999222814403;1.0205594248358536;0.048905138093352396;3.953137041440415;0.3953889426474119;1.826753841575806;-2.8859901985807035;0.02206866702154685;0.4609603293893736;0.0;53.757757614285715;86.85023395714286
-0.0887121443866625;0.044600412582921814;0.0025491995513408;-0.0479249515652085;0.013768824377505144;-0.0275313551544814;1.0185647007461314;0.014223435855218387;0.00020230612752751199;1.0205594248358536;0.03657420968208225;3.953137041440415;0.5831690584881614;2.370182016293625;-3.019203858693753;0.013642309973229813;0.327746669276324;0.0;53.75796578571429;86.85067618571428
-0.078515346181299;0.04399405123634005;0.0025491995513408;-0.0428265524625267;0.009379893150977429;-0.0275313551544814;0.9839852151537714;0.01544396077658778;0.00023851592446878182;1.0194392751860186;0.03545406003224727;3.106033835322842;0.2855568330833785;1.523078810176052;-3.019203858693753;0.011813216141629251;0.327746669276324;0.0;53.75814471428572;86.85113671428573
-0.1213418986438258;0.04021799687702773;0.0025491995513408;-0.0550627103089629;0.0093163358307177;-0.0275313551544814;1.0162177384434548;0.01863096612649375;0.0003471128988065575;1.0343650394233213;0.0503798242695499;3.106033835322842;0.27192411336229805;1.523078810176052;-3.019203858693753;0.01915227417548375;0.40144082200223075;0.0;53.758273671428576;86.85161310000001
-0.1009483022330988;0.018916169839619613;-0.0683185479759355;-0.0275313551544814;0.011152288478068964;-0.0275313551544814;0.9966367466678476;0.018021463659074956;0.00032477315241535935;1.0343650394233213;0.0503798242695499;3.588510416227698;0.3884233840447536;2.005555391080908;-3.019203858693753;0.02294406907628026;0.40144082200223075;0.0;53.75835142857143;86.85208217142856
-0.1029876618741715;0.02649018985508309;-0.0418068726419904;-0.0520036708473539;0.017950557840051895;-0.0275313551544814;0.988706183327802;0.0172793021446449;0.00029857428260592983;1.0343650394233213;0.0503798242695499;4.884927878447666;1.033343643372484;3.301972853300876;-3.019203858693753;0.027203592048113744;0.4078382655336119;0.0;53.75836367142857;86.85259544285714
-0.0683185479759355;0.034127190099021605;-0.0275313551544814;-0.0499643112062812;0.025463817354203395;-0.0275313551544814;1.0343650394233213;0.0177264152563027;0.0003142257978388812;1.0343650394233213;0.05250973301188566;6.140558829184321;2.2415825400971268;4.55760380403753;-3.019203858693753;0.04079993582941029;0.5666213218064855;0.0;53.75833477142857;86.85309682857142
-0.0734169470786173;0.03208675571042015;-0.0270215152442133;-0.0632201488732537;0.02525760549192151;-0.0275313551544814;1.0100617050116445;0.01781131203433202;0.00031724283638434055;1.0343650394233213;0.05250973301188566;6.140558829184321;2.1982670355584935;4.55760380403753;-3.019203858693753;0.048405763794482186;0.6746218817142644;0.0;53.758278542857134;86.85356357142857
-0.0418068726419904;0.031129275076582048;-0.0178443968593861;-0.0856531049250535;0.020543870390070995;-0.0499643112062812;1.005851476953294;0.018569014930519517;0.0003448083154898568;1.0343650394233213;0.05250973301188566;6.140558829184321;1.504765129931224;3.37184711011488;-3.2470118892956727;0.029988777196376003;0.4732821415104804;0.0;53.75822135714286;86.85399644285715
-0.0275313551544814;0.023579751360960948;-0.0152951973080452;-0.1050270215152442;0.019035215507023574;-0.0499643112062812;0.9818553064114356;0.01861506303107688;0.0003465205716509651;1.0343650394233213;0.05250973301188566;6.140558829184321;1.311065465272084;3.37184711011488;-3.39579451709941;0.018426004073325748;0.32449951370674324;0.0;53.75818244285715;86.85438541428572
-0.0270215152442133;0.021272637311640565;-0.0122361578464362;-0.0616906291424492;0.015938395680124826;-0.0616906291424492;0.9888364446429576;0.014316247834615263;0.00020495495206212621;1.019490652382668;0.037635345971232304;6.140558829184321;0.89942305424447;2.563718995842723;-3.1644647963257686;0.037159501822305104;0.5558292344803846;0.0;53.75818157142857;86.85473928571427
-0.0178443968593861;0.011257785074535528;-0.0122361578464362;-0.0856531049250535;0.022165684317711203;-0.0356887937187723;0.9868574091021246;0.017223318064075475;0.00029664268513630854;1.0245657643201462;0.04271045790871064;6.140558829184321;1.718257691968675;4.1443658424618075;-2.853737333009363;0.09681305844347678;0.8665566977967902;0.0;53.75821868571428;86.85508360000001
-0.0152951973080452;0.02853347131050556;-0.0122361578464362;-0.0642398286937901;0.021774118238468407;-0.0356887937187723;0.9882391520634558;0.019957272850450743;0.0003982927396273383;1.0245657643201462;0.053979468410842446;6.140558829184321;1.6930006993137559;4.1443658424618075;-2.7664632071448074;0.15676314625094123;0.9538308236613458;0.0;53.75830954285715;86.85537925714287
-0.0122361578464362;0.04351681715812051;-0.0122361578464362;-0.07545630671969;0.018836497605701108;-0.0356887937187723;1.019490652382668;0.020254029383691766;0.0004102257062754495;1.0245657643201462;0.053979468410842446;4.979183342808824;1.233237546200413;2.982990356086311;-2.524620605678147;0.22425817078741694;1.1956734251280063;0.0;53.75843122857143;86.85566917142856
-0.037728153359845;0.04576877350739529;-0.0122361578464362;-0.0356887937187723;0.019779836163200587;-0.0356887937187723;1.0245657643201462;0.020139632882724228;0.000405604812650907;1.0245657643201462;0.053979468410842446;4.979183342808824;1.358935557048128;2.982990356086311;-2.524620605678147;0.2034706410108882;1.1956734251280063;0.0;53.75857345714286;86.85596134285716
-0.0948302233098807;0.04325276649132553;-0.0122361578464362;-0.0805547058223717;0.020946914024853738;-0.0244723156928724;0.9705862959093038;0.025347217429228623;0.0006424814314045913;1.0245657643201462;0.06993522095916938;4.760792476370206;1.467061895652386;3.291832535571826;-2.517889014510434;0.12724867707233953;0.9503109982181863;0.0;53.75872124285714;86.8562481
-0.1213418986438258;0.039331226707810064;-0.0122361578464362;-0.0428265524625267;0.026046307226312546;-0.0081574385642908;0.9792266220939759;0.027583308187797053;0.000760838890582992;1.0245657643201462;0.06993522095916938;4.760792476370206;2.2728705209985787;4.302462828726088;-2.517889014510434;0.05216905530074233;0.6465757818153346;0.0;53.75887317142857;86.85654631428572
-0.0938105434893443;0.032103532091901414;-0.037728153359845;-0.0479249515652085;0.02572112210051128;-0.0061180789232181;0.9967113366569973;0.025384654235425186;0.0006443806706520899;1.0245657643201462;0.06993522095916938;4.760792476370206;2.3007990405129104;4.406623454324093;-2.517889014510434;0.02093769583381001;0.33584831849892893;0.0;53.75903555714286;86.8568623
-0.0418068726419904;0.029808354949574806;-0.0418068726419904;-0.0244723156928724;0.034932317547984156;0.0275313551544814;0.9546305433609769;0.028575096621202657;0.0008165361469110675;1.0376643825862477;0.08303383922527086;4.760792476370206;4.1222665308427;6.28114492518471;-2.517889014510434;0.016411364919099426;0.301029834250258;0.0;53.75923541428572;86.85725232857143
-0.0469052717446721;0.035865240771736334;-0.0152951973080452;-0.0081574385642908;0.02682266519636294;0.0275313551544814;1.0197720973847717;0.030590540147102437;0.000935781146491486;1.0376643825862477;0.08303383922527086;2.7560202610707765;2.374145755482068;4.276372709885281;-2.517889014510434;0.015163805707835482;0.301029834250258;60.0;53.759432128571426;86.85764287142857
-0.0795350260018354;0.02890948788611393;-0.0152951973080452;-0.0061180789232181;0.024406473957633196;0.0275313551544814;0.9897600060089634;0.03062148644310467;0.000937675431985243;1.0376643825862477;0.08303383922527086;2.7560202610707765;1.9531332624862945;4.276372709885281;-2.517889014510434;0.011963334594255947;0.301029834250258;60.0;53.7596233;86.85803518571429
-0.0520036708473539;0.03435637250378237;0.0285510349750178;0.0275313551544814;0.019204829335655878;0.0280411950647496;1.0376643825862477;0.03362283860268336;0.0011304952757020942;1.0376643825862477;0.08303383922527086;1.46895994079838;1.2007029945382355;3.027239055827978;-2.48248125571551;0.017304920438879018;0.33643759304518195;60.0;53.7598106;86.85843460000001
-0.0152951973080452;0.03541933012375914;0.0285510349750178;0.0061180789232181;0.02462936645179171;0.0622004690527174;0.9576210536887352;0.02852099550073241;0.0008134471843527985;1.0376643825862477;0.08004332889751253;0.4583296476441175;2.0178598146689537;4.082545423043258;-2.48248125571551;0.01473342683007896;0.33643759304518195;60.0;53.759992471428575;86.85883224285713
-0.0193739165901906;0.03782906774969462;0.0285510349750178;0.0081574385642908;0.02413438852269288;0.0622004690527174;1.006643494859346;0.027792869477948817;0.0007724435938182989;1.0376643825862477;0.08004332889751253;0.3541690220461132;1.9421255891126765;3.978384797445253;-2.48248125571551;0.014095063980472921;0.32075208245007536;60.0;53.760164028571424;86.85921591428571
0.0285510349750178;0.03331226578456823;0.0285510349750178;0.0280411950647496;0.028298684881283596;0.0622004690527174;1.0311632869687413;0.028840415948790506;0.0008317695920992497;1.0376643825862477;0.08004332889751253;1.4758144847211736;2.6222496112035114;5.100030260120313;-2.276744769322355;0.022988407077929388;0.4350447461917524;60.0;53.76031381428571;86.85958512857144
-0.0560823901294993;0.03180370610621504;0.0285510349750178;0.0622004690527174;0.03372127204272753;0.0622004690527174;0.9839927438934991;0.03178867031572631;0.0010105195604419393;1.0311632869687413;0.07777628694787442;2.3292733693049046;3.845745564065815;5.9534891447040446;-2.268263787993824;0.028107683235241567;0.4435257275202833;60.0;53.7604137;86.85988250000001
-0.0703579076170082;0.036432962324292835;0.0285510349750178;-0.0050983991026817;0.033717601180766915;0.0622004690527174;1.008893186681483;0.033972046106774394;0.0011540999166808053;1.0569811365007686;0.10359413647990179;2.3292733693049046;3.8443009192213675;5.9534891447040446;-2.1741502794302945;0.037453932258389055;0.5376392360838129;60.0;53.760498399999996;86.860172
-0.0193739165901906;0.036102419233166864;0.0285510349750178;-0.0265116753339451;0.03572640494116549;0.0622004690527174;1.0293807936518509;0.03393926997150182;0.001151874046198485;1.0569811365007686;0.10359413647990179;2.3292733693049046;4.287406314782939;5.9534891447040446;-2.1741502794302945;0.021802176519040456;0.40815994592058935;60.0;53.760577999999995;86.86046005714286
-0.020393596410727;0.02780358734552804;-0.0193739165901906;-0.0387478331803813;0.037460142419392856;0.0622004690527174;0.9533870000208668;0.03277931525762168;0.0010744835087585492;1.0569811365007686;0.10359413647990179;2.857992410100458;4.726864728364155;6.482208185499598;-2.1741502794302945;0.021115493326441626;0.40815994592058935;60.0;53.76064662857142;86.86072617142857
-0.0744366268991536;0.037659028709224836;0.0183542367696543;0.0040787192821454;0.01945170587211152;0.0040787192821454;1.0569811365007686;0.03565313977657461;0.0012711463759279668;1.0569811365007686;0.10359413647990179;2.857992410100458;1.2617071787094318;3.079088106696224;-2.1741502794302945;0.01738289983882332;0.3468094174796259;60.0;53.76070599999999;86.86098668571428
-0.0260018354236769;0.03538978771627902;0.0183542367696543;-0.0275313551544814;0.05251999237219519;0.1060467013357805;1.0112120361316783;0.037382937858105904;0.0013974840429030076;1.0569811365007686;0.10359413647990179;2.857992410100458;8.704277883962233;8.748590042873257;-2.1741502794302945;0.01670210617907691;0.3468094174796259;60.0;53.760751985714286;86.8612521
-0.0846334251045171;0.04017796670407352;0.0183542367696543;-0.0499643112062812;0.051722522711306285;0.1060467013357805;1.0020781195912372;0.038651984856940366;0.0014939759333811474;1.0569811365007686;0.10359413647990179;2.857992410100458;8.466875961900888;8.748590042873257;-2.1741502794302945;0.01742037540647728;0.3468094174796259;60.0;53.760792228571425;86.8615081142857
0.0183542367696543;0.04079402046307564;0.0183542367696543;-0.0081574385642908;0.049233095246631255;0.1060467013357805;0.9648261973820802;0.035957566202294095;0.0012929465671923624;1.0569811365007686;0.09215493911868844;2.857992410100458;7.585070283733395;8.748590042873257;-2.1741502794302945;0.015066258387115871;0.3468094174796259;60.0;53.76083012857142;86.86175081428573
-0.0458855919241358;0.043263210684744986;0.0183542367696543;0.1060467013357805;0.04959081632118767;0.1060467013357805;1.0332984716571902;0.031378571719758594;0.000984614763172034;1.0426643751658224;0.07783817778374225;2.857992410100458;7.7153012125831255;8.748590042873257;-2.3561435723678903;0.00295905158394256;0.1648161245420301;60.0;53.76086045714285;86.86198228571428
-0.092790863668808;0.04762648642735098;0.0183542367696543;-0.003059039461609;0.04800030936695686;0.1060467013357805;0.9670446877092305;0.031142474711726497;0.0009698537311705244;1.0426643751658224;0.07783817778374225;2.857992410100458;7.239697927876172;8.748590042873257;-2.3335475560981616;0.0038323651308307684;0.18741214081175883;60.0;53.76086595714286;86.86218161428572
-0.0866727847455898;0.05274106678336585;0.0183542367696543;-0.0020393596410727;0.039684008297911265;0.1060467013357805;1.0426643751658224;0.03112210419403314;0.0009685853694642553;1.0426643751658224;0.07783817778374225;0.4844316740906702;4.881035703835443;6.375029306863469;-2.178512920440937;0.015057802504167632;0.3424467764689836;60.0;53.760846571428566;86.86235239999999
-0.0091771183848271;0.047443166739690526;0.0132558376669725;0.0183542367696543;0.040637608265876354;0.1060467013357805;0.9770687820495327;0.029786534691675633;0.000887237648938396;1.0426643751658224;0.07561968745659198;0.8457605253438131;5.099527454824352;6.736358158116612;-1.9612454412983495;0.040750870347481816;0.5379110037973012;60.0;53.76081634285715;86.86248308571429
-0.1080860609768532;0.047993991085107005;0.0132558376669725;0.0285510349750178;0.014956407543410067;0.0285510349750178;1.0065334865990214;0.027810668730991615;0.0007734332952649548;1.0426643751658224;0.07561968745659198;0.8457605253438131;0.7251714745836164;2.4712139033932177;-1.674354914376604;0.0956360535821857;0.8248015307190466;60.0;53.7607914;86.86257151428572
0.0132558376669725;0.05253660522222431;0.0387478331803813;0.0071377587437544;0.014643613887788957;0.0285510349750178;1.0004191952884967;0.023292975147910115;0.0005425626912411583;1.0426643751658224;0.06559559311628971;0.8457605253438131;0.6918673478692562;2.4712139033932177;-1.3104511353818995;0.18841488551242644;1.1760279787498216;60.0;53.76077464285714;86.86262424285714
-0.0142755174875089;0.046745211866475116;0.0387478331803813;-0.0152951973080452;0.015356578640092522;0.0285510349750178;1.0362059385325317;0.020590443065873897;0.00042396634564899447;1.0362059385325317;0.059137156482999;0.8457605253438131;0.7603000358430129;2.4712139033932177;-0.8621439000204394;0.3312003304250865;1.5715956525433847;60.0;53.760763;86.86265648571428
-0.0300805547058223;0.04721524458646373;0.0387478331803813;-0.0040787192821454;0.018958002470866805;0.0285510349750178;1.0028048180768545;0.016177775902030605;0.00026172043313632217;1.0362059385325317;0.04052788329254198;1.7605855086440882;1.166564772434613;3.386038886693493;-0.3220430039984272;0.5376345759531641;2.0115045520997343;60.0;53.760760014285715;86.86267910000001
0.0387478331803813;0.027336214053616324;0.0387478331803813;0.0081574385642908;0.019513967754408425;0.0081574385642908;1.0285997129960838;0.020925202993572232;0.00043786412032220423;1.0362059385325317;0.05726591278598403;2.6268495735940163;1.2825486826500123;3.0812456763460876;0.3172417569779391;0.8228890330757737;2.495754677418876;60.0;53.760770314285715;86.8626967142857
-0.0438462322830631;0.030275382972692104;0.0387478331803813;-0.0081574385642908;0.051792833328332795;0.0081574385642908;1.0267669484479018;0.022986078302007714;0.0005283597957060298;1.0362059385325317;0.05726591278598403;8.461742600206616;9.178085442638894;8.916138702958687;1.0631005872024546;1.203664336118141;3.024346028500804;60.0;53.760797371428566;86.86272377142856
-0.0010196798205363;0.030571573305511534;0.0387478331803813;-0.0305903946160905;0.051922680810902865;0.0081574385642908;0.9956780552399898;0.02002963045452358;0.0004011860961447785;1.0285997129960838;0.049659687249536066;8.461742600206616;9.21746034835458;8.916138702958687;1.922923690968917;1.6981903427516067;3.597278605345521;60.0;53.76082851428571;86.86275857142857
-0.0086672784745589;0.030571573305511534;0.0387478331803813;-0.0448659121035994;0.051922680810902865;0.0081574385642908;0.9789400257465477;0.02002963045452358;0.0004011860961447785;1.0285997129960838;0.049659687249536066;8.461742600206616;9.21746034835458;8.916138702958687;1.922923690968917;1.6981903427516067;3.597278605345521;60.0;53.76082851428571;86.86275857142857
0.0316100744366268;0.030571573305511534;0.0387478331803813;-0.1447945345161619;0.051922680810902865;0.0081574385642908;0.983999480085481;0.02002963045452358;0.0004011860961447785;1.0285997129960838;0.049659687249536066;8.461742600206616;9.21746034835458;8.916138702958687;1.922923690968917;1.6981903427516067;3.597278605345521;60.0;53.76082851428571;86.86275857142857
0.0142755174875089;0.030571573305511534;0.0387478331803813;-0.0132558376669725;0.051922680810902865;0.0081574385642908;1.0178269083114992;0.02002963045452358;0.0004011860961447785;1.0285997129960838;0.049659687249536066;8.461742600206616;9.21746034835458;8.916138702958687;1.922923690968917;1.6981903427516067;3.597278605345521;0.0;53.76082851428571;86.86275857142857
