acc_X;acc_X_std;acc_Z;acc_Z_std;class;lat;lon
3.880704011891248;2.3598444005013604;-0.037728153359845;0.03648434093523322;30.0;53.728628879999995;86.85100711999999
3.044668431833656;2.3598444005013604;-0.040787192821454;0.03648434093523322;30.0;53.728628879999995;86.85100711999999
1.462039478235252;2.3598444005013604;-0.07545630671969;0.03648434093523322;30.0;53.728628879999995;86.85100711999999
-0.4576647921902499;2.3598444005013604;-0.0560823901294993;0.03648434093523322;30.0;53.728628879999995;86.85100711999999
-1.7667472110189777;2.3598444005013604;0.0346691138982359;0.03648434093523322;30.0;53.728628879999995;86.85100711999999
2.171524078944238;2.3598444005013604;-0.0081574385642908;0.03648434093523322;30.0;53.728628879999995;86.85100711999999
5.878761054688518;2.3080457620414725;-0.0509839910268175;0.039015839422954786;30.0;53.72875305;86.85079336999999
4.617213128630143;2.393580035092984;-0.0346691138982359;0.042004675779815995;30.0;53.72889579;86.85057771
4.189764870923652;2.3714332561538023;-0.020393596410727;0.043145833112210895;30.0;53.72905582999999;86.85035887000001
1.4752361692542029;2.156660969050527;-0.0978892627714897;0.04332819417133557;30.0;53.72923256;86.85017208000001
1.957755201365164;1.482099541891207;-0.0825940654634444;0.03336862289937132;30.0;53.72943571;86.84999635
4.357676465462099;1.4456216587775907;-0.092790863668808;0.02849108607965448;30.0;53.72966781;86.84982909
2.424447318637404;1.2108749550577416;-0.0887121443866625;0.03823704911047477;60.0;53.72991570000001;86.8497109
1.829955165028424;1.3651918157006366;-0.0346691138982359;0.038650849679288765;60.0;53.73016746;86.84960170000001
2.725592705160933;1.6538371728490628;-0.0836137452839808;0.03580550189936966;60.0;53.73041217;86.84950592999999
2.8919714440948026;2.0105869097677336;-0.0499643112062812;0.0364244846844997;60.0;53.730652250000006;86.84942601
4.488324314700261;2.0366000998655793;0.0168247170388498;0.03634160910444363;60.0;53.730882810000004;86.84936217
5.540744175800584;2.1445945515793263;-0.0897318242071989;0.03599183301131281;60.0;53.731099670000006;86.84931023
6.231670208358746;1.984976093925034;-0.0744366268991536;0.03586482086894208;60.0;53.73130638;86.84926606
7.801799681285229;1.6745043589536233;-0.1040073416947078;0.03421161296632855;60.0;53.7315011;86.84922014
6.770377066530581;1.462238922213131;-0.0805547058223717;0.03391962023727909;60.0;53.73168504;86.84917112000001
6.654128641615463;1.1654734600555325;-0.0876924645661262;0.033661491262227776;60.0;53.731855180000004;86.84912366
4.925534074087753;1.1073729693942267;-0.0866727847455898;0.015538736889517657;60.0;53.73201112;86.84905943999999
4.369478259654217;1.3794742192519505;-0.058121749770572;0.01904615849375876;60.0;53.732155109999994;86.84898839
4.4484572708982695;1.4570950905902154;-0.0622004690527174;0.022424972289082207;60.0;53.732291090000004;86.84891189
5.90104061755065;1.4603409066480229;-0.0550627103089629;0.02116337217869129;60.0;53.73241669;86.84882757
6.578341559747793;1.4555279355570374;-0.0764759865402263;0.02009226411274798;60.0;53.73253443;86.84873282999999
8.600127791300155;1.4777000923233736;-0.0387478331803813;0.017384469396070086;60.0;53.73264384;86.84860160000001
7.711539826865646;1.3825319216392673;-0.0346691138982359;0.0218422092609567;60.0;53.73274841999999;86.84843738
7.831411435612854;1.147418464319608;-0.0326297542571632;0.028631847576428646;60.0;53.732844060000005;86.84824118
6.556297469225272;0.8358549482311178;-0.0550627103089629;0.028201721399419802;60.0;53.73292309;86.84803604999999
7.195834040199712;1.0036858553017536;-0.0509839910268175;0.028898724748117936;60.0;53.732986700000005;86.84782062
6.648614183443264;1.04489363721803;0.003059039461609;0.02378281592676784;60.0;53.73303657;86.84760169
6.503346417082181;1.0300875385077928;0.0152951973080452;0.027499865546607934;60.0;53.73307509999999;86.84737398
6.262768779047261;1.0814592271181833;-0.0152951973080452;0.04475453606393868;60.0;53.73310129;86.84713137
4.972268757134154;1.0022061189690326;-0.0010196798205363;0.04698356042963078;60.0;53.733116100000004;86.84686714
5.939902403154771;1.0048286863524707;-0.0346691138982359;0.04698356042963078;60.0;53.73313024;86.84657664
4.728555580376116;0.8555342773397295;-0.0693382277964719;0.04828665172542001;60.0;53.73313712;86.84629423999999
4.533573758165349;1.0412512808464782;-0.1386764555929438;0.04833782482871792;60.0;53.73312424000001;86.84602024
4.521024920131091;1.4592388220887016;-0.084123585194249;0.04628071609943008;60.0;53.733089240000005;86.84575484
4.814786917413794;1.453426243858263;-0.0550627103089629;0.04313328001927666;60.0;53.733043980000005;86.84546381999999
4.87105477112944;1.4458338939591833;-0.078515346181299;0.038425419377662084;60.0;53.73299525;86.84514885
2.891071176595765;1.8124127118559827;-0.1060467013357805;0.046891754113237316;60.0;53.73294287;86.84480463
1.2002318992690966;1.8728435296167438;-0.1315386968491893;0.05251874226849805;60.0;53.732887000000005;86.84444155999999
2.3297147063888404;1.9713484278478288;-0.0448659121035994;0.061115897753130706;60.0;53.73276310999999;86.84397974999999
4.854193985587981;2.0750226756054535;-0.0295707147955541;0.05947695871767071;60.0;53.732612970000005;86.84354800999999
-0.1729046767379346;2.8264545490052013;0.0152951973080452;0.06000638021610918;60.0;53.73242687;86.84314943
1.2609309162724551;3.0739934898785233;0.0022942795962067;0.05799390694492226;60.0;53.73221585;86.84277201
0.4447743166253017;3.0245501715055862;0.0713775874375446;0.05698425657395413;60.0;53.731954570000006;86.84241601
-0.3785896376180262;3.0170984544790187;-0.037728153359845;0.044322925097349065;60.0;53.731675010000004;86.84208269000001
-4.800662012526855;2.995181199464149;-0.0071377587437544;0.04597947793826212;60.0;53.7313712;86.84178656
-4.70157359917908;2.2507451109386434;-0.0285510349750178;0.0479641151934327;60.0;53.731038639999994;86.84152567999999
-2.302452657272973;2.2075710054536204;-0.0989089425920261;0.04691389912967884;60.0;53.73067973;86.84130501
1.0512470365018338;1.994332189473456;-0.0305903946160905;0.047380805352887904;60.0;53.730295379999994;86.84111522
-3.143403816530968;1.8356945548770691;-0.0642398286937901;0.03285134866360348;60.0;53.72995526;86.84103878
-1.92659361106145;1.8806721164913707;0.0244723156928724;0.033561083168875606;60.0;53.729622140000004;86.8409591
-1.2333106469871442;2.1376970507145394;-0.0316100744366268;0.0320728523079009;60.0;53.7292988;86.84087128
-0.9107668731755856;2.0218161467750906;-0.0550627103089629;0.034689268376273716;60.0;53.728987329999995;86.84077741
-2.339404664187054;2.2485684543719073;-0.0356887937187723;0.03077582972642581;60.0;53.72872255;86.84068415
-4.536109498862705;2.0479321422096946;-0.058121749770572;0.03097619543929212;60.0;53.728484630000004;86.84058703
-6.344247890153463;2.3148504579975766;-0.0265116753339451;0.03139995798668348;60.0;53.728276019999996;86.84049617999999
-1.7508500157647924;3.556798457061591;0.0020393596410727;0.02310799360196544;60.0;53.72809844000001;86.84041332000001
-5.460279016628323;3.8247954113525;-0.0764759865402263;0.024593809203544675;60.0;53.72794652;86.84033564
-0.1771774574208109;3.8757363435142755;-0.0479249515652085;0.02482943045718407;60.0;53.72781328999999;86.84026897
0.6939220178516556;4.9778814707386445;-0.0683185479759355;0.024871503039516855;60.0;53.727682779999995;86.84020502000001
6.104653869606491;4.7067648970334135;-0.058121749770572;0.025594663133408378;60.0;53.72755226;86.84014106000001
2.830316514954561;4.089940032436605;-0.0163148771285816;0.02639900970195233;60.0;53.72742579;86.84008371
0.7846591187608729;4.046357797547685;-0.0591414295911083;0.045400378046193575;30.0;53.727296030000005;86.84002051
9.113734415205478;3.6766440841489736;-0.0346691138982359;0.04464145884184058;30.0;53.72716405;86.83996533
-0.1146874970151709;3.6343601125803198;-0.0183542367696543;0.046690004630142036;30.0;53.727043189999996;86.83992127
-0.838005891486174;3.700044745003845;-0.0163148771285816;0.04289178387284323;30.0;53.72693912;86.83987864000001
-1.135347763530972;3.700044745003845;0.0815743856429081;0.04289178387284323;30.0;53.72693912;86.83987864000001
-3.169832394365152;3.700044745003845;0.0163148771285816;0.04289178387284323;30.0;53.72693912;86.83987864000001
1.460532009774409;3.700044745003845;0.0326297542571632;0.04289178387284323;30.0;53.72693912;86.83987864000001
4.073087068530231;3.700044745003845;0.0071377587437544;0.04289178387284323;30.0;53.72693912;86.83987864000001
0.4047009908632255;1.8003445053499323;-0.0050983991026817;0.04134924258352305;90.0;53.72859571;86.85092531000001
3.033235341062145;1.8003445053499323;-0.0122361578464362;0.04134924258352305;90.0;53.72859571;86.85092531000001
2.2838884983734498;1.8003445053499323;-0.1284796573875803;0.04134924258352305;90.0;53.72859571;86.85092531000001
0.5566422931069613;1.8003445053499323;-0.0509839910268175;0.04134924258352305;90.0;53.72859571;86.85092531000001
1.5134340563013595;1.8003445053499323;-0.0214132762312633;0.04134924258352305;90.0;53.72859571;86.85092531000001
-0.1144184794259435;1.8003445053499323;-0.0560823901294993;0.04134924258352305;90.0;53.72859571;86.85092531000001
3.5590540571555893;1.6581328315183266;-0.0999286224125624;0.037737185478311966;90.0;53.72872239000001;86.85072175
4.251875828895811;1.689300996290835;-0.0428265524625267;0.033617489546576895;30.0;53.72886787;86.85051394999999
5.357611139146529;1.6934859446175723;-0.0520036708473539;0.02743698844086004;30.0;53.729038779999996;86.85030598
3.26611336388733;1.5503556544956647;-0.1040073416947078;0.028194551669775976;30.0;53.729232939999996;86.85010078
2.40584611828744;1.4873666516782185;-0.0856531049250535;0.03961995214696693;30.0;53.72944386;86.8499021
1.440575232575658;1.101899538956178;-0.0479249515652085;0.041235232218148885;30.0;53.729679929999996;86.84973369000001
2.8908486736203542;1.221776692547029;-0.037728153359845;0.040448156412664485;90.0;53.72992629;86.84961909
3.014740749526595;1.5108237323435085;-0.0836137452839808;0.04483706339949827;90.0;53.73019791;86.84953487
2.921249908412177;1.6038556384631364;-0.1672274905679616;0.04874785303894534;90.0;53.730467;86.84946092
2.1240048213276435;1.7093264920264055;-0.0367084735393086;0.047289037340565124;90.0;53.73072991;86.84939102999999
4.81260488828932;1.664980165481325;-0.0642398286937901;0.04939153347149014;90.0;53.73098255;86.84933647
6.1605246109048775;1.4418210447612274;-0.0061180789232181;0.04939855001201557;90.0;53.731222779999996;86.8492951
5.953956020210569;1.393779795174288;-0.0071377587437544;0.049289095425810836;90.0;53.73144602;86.84925722
5.412102083955931;1.306103757686024;-0.0356887937187723;0.04831078037975709;90.0;53.731655790000005;86.84922891000001
4.643270200699419;1.1256933717139346;0.0010196798205363;0.02696105776833137;90.0;53.73185188;86.8492074
5.088467813048228;0.5194267446051396;-0.0458855919241358;0.026940482040759127;90.0;53.73204127;86.84916383
5.506279640923809;0.48386944109723923;-0.0550627103089629;0.023442535418916017;90.0;53.73221147;86.84910363
5.50718708112869;0.6919328182897676;-0.0254919955134087;0.02927998565648914;90.0;53.73234912;86.84902624
5.198630127080399;1.0074864519774196;0.020393596410727;0.03392962364565561;90.0;53.732475120000004;86.84893464000001
6.09197439784899;1.180542414733861;-0.0122361578464362;0.03453037979001504;90.0;53.73259258;86.84883962
5.860974362535056;1.0687786280699976;-0.0367084735393086;0.036875678999402334;90.0;53.73270327;86.84873526999999
7.181926541839619;1.0126522716143536;-0.0795350260018354;0.038408278294699526;90.0;53.7328055;86.84861478
7.951205993918198;1.0082392000944829;-0.0887121443866625;0.03757047010043098;90.0;53.732894439999995;86.84847844
7.896463595133639;0.9834439046580271;-0.0560823901294993;0.037559398637601354;90.0;53.732970269999996;86.84832130999999
6.535617860211169;0.8924131355438598;0.0173345569491179;0.03551522841665929;90.0;53.73303226;86.84814778
5.646320181818777;0.9060467795266194;0.0005098399102681;0.03496645340112531;90.0;53.73306761;86.84797833
5.55588374669802;0.9157565373059318;-0.0356887937187723;0.039916879944631264;90.0;53.73309204000001;86.8478082
5.828964606151756;0.8843633542568727;-0.0336494340776996;0.04651327990991817;90.0;53.73310717;86.84763389
6.521380209897466;0.7880119299159273;0.0050983991026817;0.05538302498130714;90.0;53.73311579;86.84745051
5.87649645334035;0.6779040603080311;-0.0244723156928724;0.05639076792813167;90.0;53.733124800000006;86.84722400000001
5.7434683498923365;0.6648927148906427;-0.0938105434893443;0.05095001870546449;90.0;53.733133929999994;86.84694641
6.16271347363615;0.6842580127109549;-0.1223615784643621;0.04662810483489265;90.0;53.73313583;86.84666159
4.984715698037944;1.3485233341295226;-0.1458142143366982;0.0464748590312812;90.0;53.733128050000005;86.84636709
4.297732662666831;1.475909288497313;-0.0825940654634444;0.050677619753746246;90.0;53.73310391;86.84606391
4.814252928425796;2.040998490925421;-0.0550627103089629;0.040056245630803;90.0;53.73306597;86.84575205
5.0079050703832575;2.3959607441220694;-0.0764759865402263;0.032420366716246485;90.0;53.73302219999999;86.84540108
1.7952127141538043;2.350127224530535;-0.1019679820536351;0.03671413799016239;60.0;53.732969430000004;86.84497710999999
2.9615686977659963;2.0840421321179243;-0.1549913327215254;0.047468867161653765;60.0;53.732907780000005;86.84452378
-0.2166294520303694;2.2437079088980005;-0.116243499541144;0.06211227573170068;60.0;53.732833240000005;86.844055
-0.4613030911131445;2.331652465740819;-0.0734169470786173;0.0749497423532905;60.0;53.73273400000001;86.84360504
1.263459344727642;2.0738260587258615;-0.0479249515652085;0.07803641636512021;60.0;53.732600520000005;86.8432002
2.435365007281811;1.5181076779819245;0.0040787192821454;0.07731626936649744;60.0;53.73244081;86.84281521
-1.230387766355029;1.4660078941916068;0.0652595085143265;0.0743135272026518;60.0;53.732259279999994;86.84245704
-1.3700212433292132;1.2086241230033257;0.0723972672580809;0.0601175027756717;60.0;53.732058599999995;86.84212579999999
-0.3525032091427396;2.103409750509986;0.0214132762312633;0.05163962161511276;60.0;53.7318365;86.84182178
0.3459721788491509;2.1732417900718;-0.058121749770572;0.05205374212317222;60.0;53.731585270000004;86.84156542999999
-0.30473782708503;2.0497495757116644;-0.0132558376669725;0.0504990361561412;60.0;53.731308979999994;86.84138642
-1.3351182785779188;1.6968883565276174;-0.0295707147955541;0.05067442813767746;60.0;53.730974249999996;86.84123088999999
-5.557003523395443;1.6990170856654503;-0.0571020699500356;0.043421814667246345;60.0;53.730622440000005;86.84110948
-2.4200463917517347;1.6980617265595712;-0.0764759865402263;0.03217983433283117;60.0;53.73026071;86.84101910999999
-0.5286306166563761;2.0669490382466544;-0.0101967982053635;0.02838953353137989;60.0;53.729897689999994;86.84093513
-2.6896695772870305;1.889417889317501;-0.0285510349750178;0.03068014584038632;60.0;53.72953421999999;86.84084302
-1.1387674759676814;2.0108042410276483;-0.040787192821454;0.02910903621652021;60.0;53.729174920000005;86.84074228
-1.5191902315036625;1.9819857538517796;-0.0825940654634444;0.03080884577922093;60.0;53.728820840000004;86.84063396
-5.64015731435298;1.9963910789943562;-0.0887121443866625;0.04552844706801534;60.0;53.72847349;86.84051188999999
-2.832392022663628;2.4800969895036955;-0.0091771183848271;0.04561172705632687;60.0;53.72814046999999;86.84037599000001
0.5547928157602506;3.911368302431234;-0.061180789232181;0.050645694542169016;60.0;53.7278324;86.8402292
-2.2635934747795923;4.587738065936664;-0.0887121443866625;0.05299240263309922;60.0;53.72759284999999;86.84008693000001
1.5317047478087435;4.660537239530593;0.0520036708473539;0.07167445761486278;60.0;53.72737911;86.83993719
3.108591147371538;5.736469344976368;-0.0774956663607627;0.07117344046010847;60.0;53.72719016;86.8397764
8.378852045713469;4.992643520981779;0.0316100744366268;0.07103436020440641;60.0;53.727030815;86.83962729499999
8.071541020745023;4.376730079735831;0.0101967982053634;0.09151174291689652;60.0;53.726903485;86.839497405
4.433674926228187;4.107555195808391;-0.1876210869786886;0.09817105415898433;60.0;53.726804555;86.839385675
12.76184545684619;4.107555195808391;-0.0224329560517997;0.09817105415898433;60.0;53.726804555;86.839385675
6.640595509441681;4.107555195808391;-0.0866727847455898;0.09817105415898433;60.0;53.726804555;86.839385675
5.561419524038707;4.107555195808391;0.1386764555929438;0.09817105415898433;60.0;53.726804555;86.839385675
4.872450301255477;4.107555195808391;0.0922810237585398;0.09817105415898433;60.0;53.726804555;86.839385675
-0.3451509492039705;2.2424528950919806;-0.0010196798205363;0.03772084188390418;30.0;53.72802807000001;86.85200375
1.4055164641269062;2.2424528950919806;-0.0662791883348628;0.03772084188390418;30.0;53.72802807000001;86.85200375
2.0002250658256218;2.2424528950919806;-0.0418068726419904;0.03772084188390418;30.0;53.72802807000001;86.85200375
1.902309585216312;2.2424528950919806;-0.1070663811563169;0.03772084188390418;30.0;53.72802807000001;86.85200375
6.075236302156823;2.2424528950919806;-0.0520036708473539;0.03772084188390418;30.0;53.72802807000001;86.85200375
5.814042209089137;2.2424528950919806;-0.0652595085143265;0.03772084188390418;30.0;53.72802807000001;86.85200375
5.235884070035004;2.1063164136438277;0.020393596410727;0.03497681801025674;30.0;53.72807993;86.85188409
1.3684056278956125;3.1510830010802;-0.0382379932701131;0.035042155821850066;60.0;53.728142760000004;86.85175748
2.017160703550471;3.5282560518995942;-0.0489446313857448;0.034867815245572226;60.0;53.72821572;86.85161796
0.8370328435970942;3.583134300675713;-0.0887121443866625;0.030135904465908258;60.0;53.72829366;86.85146806
0.7222528962269501;3.399629953339128;-0.0831039053737126;0.04208971294439068;60.0;53.728371800000005;86.85131068
-4.671866310103949;3.233907643888532;-0.0438462322830631;0.04199728357157818;60.0;53.72845112;86.85113912
-2.8768073730546364;3.079354215790829;-0.0469052717446721;0.04614609818468242;60.0;53.7285401;86.85096186
3.609986192318441;3.082634056434636;-0.0346691138982359;0.04599259648192579;60.0;53.728637389999996;86.85078011
4.440033445647192;3.121075116294944;-0.1407158152340165;0.048480983008509;60.0;53.72874700999999;86.85059532999999
4.414468572027116;3.150583277974826;-0.0535331905781584;0.04813004569690953;60.0;53.728899;86.8503966
3.813044618926566;3.1976581062527867;0.0397675130009177;0.047889502773245066;60.0;53.72907392;86.85020544
1.816816758758821;2.151581657109988;-0.0683185479759355;0.04756065255158755;60.0;53.72926882;86.85002913999999
3.029209886524156;0.7733081647733113;-0.1070663811563169;0.04727767599438175;60.0;53.72949136;86.84987024
3.142746195814158;0.9404455546558651;-0.0820842255531762;0.05641450217706136;30.0;53.729735860000005;86.84974098
3.925664324781868;1.3365252862955856;-0.0774956663607627;0.048738254007133275;30.0;53.72999687;86.84963590999999
3.063854069538743;1.545815488965947;-0.0550627103089629;0.04999392748025453;30.0;53.73026148;86.84954723999999
3.54644427749946;1.7898325036046143;-0.0703579076170082;0.04104783004472381;30.0;53.73052062000001;86.84947358
5.1643703605398485;1.6542145093728013;0.0346691138982359;0.04238896350732842;30.0;53.730773209999995;86.84940873
6.679563344939412;1.6439504338722581;-0.0295707147955541;0.03828234250667299;30.0;53.73101508999999;86.84935621
6.330265491945503;1.4795342105210565;-0.0101967982053635;0.040568650774235486;30.0;53.73121690000001;86.84933018000001
6.942894069173389;1.3997196749302692;-0.0367084735393086;0.03601666045884408;30.0;53.73140581;86.84930917
6.4749147705692645;1.1232696405154148;-0.0091771183848271;0.03306656738047892;30.0;53.73158467;86.84929091000001
6.94448653417211;0.8781920065508874;0.0020393596410727;0.024739934584246417;30.0;53.73174619;86.84927067
5.005924761483365;0.8445770162956322;0.040787192821454;0.021329487766883846;30.0;53.73189741;86.84924013
4.929030373562322;0.8034418654899024;0.0061180789232181;0.019526861167854757;30.0;53.732043499999996;86.84919422
5.146226123013762;0.8794717912638519;0.0050983991026817;0.019626003896988334;30.0;53.73218733;86.84914093
5.0045509874291225;0.9727188302360847;-0.0132558376669725;0.016865009659842025;30.0;53.73232759;86.84907895
5.79102283090522;1.1273585805901862;-0.0061180789232181;0.018896659921639095;30.0;53.73246381;86.84900525
5.999826028107362;1.0898483311622054;-0.0040787192821454;0.020657011949995894;30.0;53.732594670000005;86.84891594999999
7.051771842731835;1.0693290000836606;-0.0122361578464362;0.016420750252107253;30.0;53.73271836;86.84880156
7.5473311128917775;1.024960649052945;-0.0193739165901906;0.016104270991623024;30.0;53.73282401;86.84866657
7.816649304710916;0.9864096507829279;-0.0285510349750178;0.019239580611472785;30.0;53.73291271000001;86.84850951
6.041046928109289;0.8828629662122129;0.023452635872336;0.019169799830936467;30.0;53.732985299999996;86.8483389
5.220060964833218;0.8674674299218557;0.0183542367696543;0.020277774614205067;30.0;53.73304148;86.84815444
5.382773196471599;0.8997278037198502;-0.003059039461609;0.021776060425404937;30.0;53.7330827;86.84796014
6.795996717601808;0.8965538749525619;-0.0397675130009177;0.023376714321628987;30.0;53.73311469;86.84775661
6.243461198035852;0.8474798373198698;-0.0091771183848271;0.023480266711538068;30.0;53.733139990000005;86.84754127
6.870129259770144;0.7364407727030466;0.0127459977567043;0.026940106816546305;30.0;53.73315989;86.84731285000001
7.487629957383833;0.8607435027772786;-0.0316100744366268;0.023973983589411673;30.0;53.73317359;86.84707567000001
6.217712426772915;1.117932780221305;-0.0356887937187723;0.02151345875987437;30.0;53.73317938;86.84680242
5.8679636263347;1.2136250227126664;0.0010196798205363;0.0253762255691281;30.0;53.733177330000004;86.84652645
5.376827473113266;1.6731234938276347;-0.0540430304884266;0.02776248799013199;30.0;53.73316652;86.84624684
4.748258592642641;3.065136567965742;-0.020393596410727;0.036713547983975484;30.0;53.73314409000001;86.84596841
3.684989063720588;3.430482505331461;-0.0387478331803813;0.0458088629556765;30.0;53.73311106;86.84567938
4.33358612351099;3.1419211150382123;-0.0713775874375446;0.04830743238960711;30.0;53.73306996;86.84538228
1.829092605662772;2.9985772103483166;0.0101967982053635;0.04824093268940949;30.0;53.73302398;86.84507006
-3.036352239551892;2.7395059139984594;-0.1029876618741715;0.044083024145604145;30.0;53.732972170000004;86.84473409
-1.5689533392686017;2.490696080109894;-0.1386764555929438;0.04586673656206175;30.0;53.732910100000005;86.84437762
2.199430309096725;2.3048797825874336;-0.1019679820536351;0.05041091080517214;30.0;53.73283703;86.84401271
0.5404234638614273;2.1596996612345896;-0.0372183134495767;0.05626401617609953;30.0;53.73275201;86.84367681
2.0696044693638163;1.846187720929697;-0.0713775874375446;0.05844012403704315;30.0;53.732656;86.84334016
0.6866637860587703;1.8326214297024455;-0.0224329560517997;0.06273515125395335;30.0;53.732544299999994;86.84300574
3.123897817599119;1.725928575331928;0.0152951973080452;0.059002794778261584;30.0;53.7324164;86.84267816
0.9256620547683037;1.8719074292305016;0.023452635872336;0.0450204326394891;30.0;53.73227409;86.84236945
0.2348095660284889;2.1751462059301057;0.0081574385642908;0.035567561526917785;30.0;53.73212235;86.84208459
-0.4611349790407955;2.1612244050868323;0.0448659121035994;0.03488835164095398;30.0;53.73196296;86.8418356
-2.514322011188638;2.006609691225389;-0.0061180789232181;0.028326795954679986;30.0;53.73179737;86.84163161
-2.5085477170622106;1.969436003520444;-0.0367084735393086;0.033568827458467856;30.0;53.731627460000006;86.84147194
-3.784338550906533;1.570054864566386;-0.040787192821454;0.03685045060681301;30.0;53.731448560000004;86.8413468
-0.1165323895226133;1.3561277281654638;-0.0265116753339451;0.033820490900393387;30.0;53.731260129999995;86.84125053
-0.8216006573981791;1.221464904626083;-0.0224329560517997;0.03189278554246645;30.0;53.73106097;86.84117936999999
-1.2325637180420688;1.1352927927160523;-0.0642398286937901;0.020843246586434546;30.0;53.73085646;86.84112846000001
-3.157593876144791;1.1823146661917747;-0.0693382277964719;0.020001499016298493;30.0;53.73065179;86.84108763
-1.9082670966736368;1.349612332215315;-0.0326297542571632;0.024125479938398076;30.0;53.73042427;86.84104955000001
-0.9347623421278382;1.3188783345375716;-0.0356887937187723;0.02492625344825881;30.0;53.73019318;86.84101302
-1.9149028913840809;1.2377389919489037;-0.0071377587437544;0.025544963834194783;30.0;53.72995188;86.84097396
-0.5661056083246089;1.2130461766803886;-0.0122361578464362;0.02562443644426259;30.0;53.72970064;86.84093264
-3.852168263185129;1.2406888941693595;0.0081574385642908;0.02158897619992584;30.0;53.72944496;86.84088944
0.3633859972741526;1.1949781946430336;-0.0061180789232181;0.025306874596698482;30.0;53.72919081;86.84083753
-1.493229521894753;1.2617975391469478;-0.0091771183848271;0.025069519582240088;30.0;53.72894505000001;86.84078121
-1.863255402395957;1.2359556011925201;-0.0183542367696543;0.024797072114436703;30.0;53.72871358;86.84072126
-2.6514500536986656;1.5326813806066149;-0.0254919955134087;0.02842857261501209;30.0;53.72850056;86.84065672
-2.728086330201935;1.6373114010583905;-0.0836137452839808;0.029679709521312422;30.0;53.728297309999995;86.84058403
-3.030376433240721;1.5476466900279569;-0.0173345569491179;0.02861212007068801;30.0;53.72812352999999;86.84051009
-2.624655002335556;1.4041318542097538;-0.0071377587437544;0.02920912551289832;30.0;53.72795429;86.84043301
0.81983934424744;1.688293724317883;0.0265116753339451;0.03270265251457142;30.0;53.72779696;86.84035759999999
0.3592619868006034;2.8270520253486042;-0.0418068726419904;0.0362905116163218;30.0;53.72764073;86.84027305
-3.1661978771568964;3.3285863885089846;-0.0066279188334863;0.04095664583429885;30.0;53.72749317;86.84018180999999
-1.0917584013850985;3.5762724505334993;0.003059039461609;0.03530573378846722;30.0;53.727358360000004;86.84008796
1.202563370492706;3.5757796540790707;0.0285510349750178;0.03761176708753437;30.0;53.72723608;86.83998616
5.748960014737675;3.3856545100883713;-0.0637299887835219;0.0386186671551647;30.0;53.727123649999996;86.83988397
5.45672321679892;3.3698039511543016;-0.078515346181299;0.039307154498387474;30.0;53.72701771;86.83978827000001
5.598546953739639;3.4835923568118314;-0.0091771183848271;0.04122612579107694;30.0;53.72692821;86.83970645
5.760430147868417;2.7199419240741847;0.0244723156928724;0.04241539177599054;30.0;53.72685639;86.83963463
5.615944889947894;2.0458258805693648;0.0152951973080452;0.04117793331484479;30.0;53.72680401;86.83957457
1.1063731330411188;1.5686153457661363;-0.061180789232181;0.03680280646927329;30.0;53.72676517;86.83951781
6.699885201323298;1.5686153457661363;-0.0632201488732537;0.03680280646927329;30.0;53.72676517;86.83951781
6.044747188055722;1.5686153457661363;-0.058121749770572;0.03680280646927329;30.0;53.72676517;86.83951781
6.425761854078354;1.5686153457661363;-0.0346691138982359;0.03680280646927329;30.0;53.72676517;86.83951781
4.897127425250026;1.5686153457661363;-0.0652595085143265;0.03680280646927329;30.0;53.72676517;86.83951781
3.057067606805398;1.5432268401054894;-0.113184460079535;0.06121288184641727;30.0;53.72853947;86.85139387000001
2.2433786559265103;1.5432268401054894;-0.1223615784643621;0.06121288184641727;30.0;53.72853947;86.85139387000001
4.936771450514109;1.5432268401054894;0.0254919955134087;0.06121288184641727;30.0;53.72853947;86.85139387000001
2.197007280500604;1.5432268401054894;0.0101967982053635;0.06121288184641727;30.0;53.72853947;86.85139387000001
2.7387858648937398;1.5432268401054894;-0.0367084735393086;0.06121288184641727;30.0;53.72853947;86.85139387000001
-1.1160705098008818;1.5432268401054894;-0.061180789232181;0.06121288184641727;30.0;53.72853947;86.85139387000001
1.3560489612677546;1.5270957094780309;-0.0948302233098807;0.06066775976337764;30.0;53.72863288;86.85113656000001
3.1221022386530453;1.543192066877667;-0.0836137452839808;0.05960268661848482;30.0;53.72874544;86.8508856
2.7005508225591743;1.2700638213692443;-0.1662078107474253;0.05036892629204066;30.0;53.728875779999996;86.85063962
2.971330074894783;1.6131112715980775;-0.1223615784643621;0.04075049616417407;30.0;53.729010859999995;86.85041118000001
2.2815656605283943;1.6108130249770205;-0.1040073416947078;0.040219730617216454;30.0;53.72916867;86.85019779000001
3.0659156798769502;1.070251971178044;-0.0326297542571632;0.03963525761516418;30.0;53.72935276;86.850003
2.466675109376315;0.9208619031857357;-0.0591414295911083;0.03957108084164196;30.0;53.729566780000006;86.84983301999999
5.321332432540034;1.0289494830706745;-0.0989089425920261;0.04147199388407037;30.0;53.72980690000001;86.84970194
2.5058634392113173;1.2247908090202277;-0.040787192821454;0.029556256029534704;30.0;53.73006298;86.84959962
4.032661775482233;1.3693186671444364;-0.0713775874375446;0.02681497287422733;30.0;53.730321419999996;86.84953038
3.702505030185227;1.7307758505608275;-0.0907515040277353;0.026581522901300777;30.0;53.73057412000001;86.84947332
4.683152721795872;1.7478898988681602;-0.0479249515652085;0.03754259299468927;30.0;53.73081576;86.84942056
5.677747702742498;1.5321288488933353;-0.0744366268991536;0.041522105732561376;30.0;53.73104457000001;86.84938057000001
5.835073542188339;1.5310445711200311;-0.0326297542571632;0.040184528225495904;30.0;53.73126403;86.84935171
7.973851099050398;1.2327967681532033;-0.0193739165901906;0.04008738213805697;30.0;53.731470779999995;86.84932294000001
6.48569672426341;1.1746093171806673;0.0285510349750178;0.03766287412176146;30.0;53.73166708;86.84929396
5.346662191414162;1.0238711608608901;0.0071377587437544;0.03452820503261194;30.0;53.73184954;86.84926394
5.1194795599883225;1.0960846995757716;0.0132558376669725;0.033107768361064334;30.0;53.73203073;86.84920449
4.881798241199611;1.1774041235985573;-0.0316100744366268;0.026034360417678454;30.0;53.73219754;86.8491281
4.617370086357632;1.1766855202626825;-0.0336494340776996;0.024824079111261457;30.0;53.73235208999999;86.84903433
5.007886673433849;0.9593141761894066;0.0295707147955541;0.025662279790268354;30.0;53.732495740000005;86.84892198
7.2374298736137375;0.9473203411288422;-0.0295707147955541;0.0222314626115821;30.0;53.73263432;86.84879432
7.202556897315669;0.9350131436531846;-0.0244723156928724;0.021480878418598224;30.0;53.73276366;86.84864462
5.90957208555292;0.9014882891666336;-0.0142755174875089;0.021212444834262354;30.0;53.732877310000006;86.84847411
6.279579911369661;0.8273232470232904;-0.0305903946160905;0.02070309989878387;30.0;53.732975210000006;86.84828528999999
6.314094050184065;0.6905091718520381;-0.0050983991026817;0.019396265099859013;30.0;53.7330544;86.84808287999999
5.727984972938504;0.5363545535156433;-0.003059039461609;0.013720915128097975;30.0;53.73311656;86.847866
5.99343007630265;0.5525645161122634;0.0112164780258998;0.01356265733477168;30.0;53.73315357;86.84765468999998
6.235379412444464;0.47880543494698347;-0.0254919955134087;0.01674892867108516;30.0;53.73318340000001;86.8474362
6.894783001656062;0.7576318963248697;-0.0152951973080452;0.020138855723399306;30.0;53.73320651;86.84720331
6.0938542327088525;0.8167340260433216;-0.0040787192821454;0.025253006603508016;30.0;53.73322002;86.84695826
5.262362565392472;0.8657948663230346;0.0035688793718772;0.028403416852369263;30.0;53.73322428;86.84669884
5.370738259006162;1.1864530281497283;-0.0438462322830631;0.036351462452175576;30.0;53.73321835;86.84642667
4.159156020682056;1.1535963208956057;-0.0479249515652085;0.03613498731465057;30.0;53.733202389999995;86.84614959000001
4.69884346406454;1.645215380949109;-0.0652595085143265;0.055415739004617236;30.0;53.73317469;86.84587357000001
4.450970898918726;1.7112510603453857;-0.0652595085143265;0.054350624309206674;30.0;53.73313409;86.84557441000001
2.8831458426627754;1.8038353807732719;-0.1040073416947078;0.052239174591899126;30.0;53.733086490000005;86.84525033
5.117053809162836;2.1423566175094604;0.0096869582950953;0.04782387135585298;90.0;53.73302763;86.84488171
1.0802033990389477;2.0655057978444114;-0.1702865300295707;0.06897708792214105;90.0;53.73294439;86.84446055
1.3947436144679508;2.23825829738175;-0.0356887937187723;0.07621664253923396;90.0;53.732834790000005;86.84402583
0.9248176685074876;2.0204059122657054;-0.0825940654634444;0.07780455118361812;90.0;53.7326941;86.84359330000001
-0.7864672155911284;1.9420140860138129;-0.0428265524625267;0.07760964431566181;90.0;53.73251888;86.84317744
0.6270693540179292;2.1594092755557894;0.0917711838482716;0.08259562154453418;90.0;53.732316600000004;86.84278316
-1.0541043022778045;1.5670908558911796;0.0509839910268175;0.08253186815162235;90.0;53.73208787;86.84241363
2.0293966629299263;2.0024196882443643;-0.0948302233098807;0.06664300857265507;90.0;53.73181976000001;86.8420636
-1.1852159378838831;1.909860339428565;-0.0265116753339451;0.06631221076245968;120.0;53.73151403000001;86.84174507
-2.676378656686788;1.8563935110704561;0.0805547058223717;0.06296645591629492;120.0;53.731177079999995;86.84146444000001
-1.8869060127797657;1.8792426158813613;-0.0591414295911083;0.0685958184838032;120.0;53.73081040999999;86.84124113
-4.46376534209353;1.890699266780024;0.0183542367696543;0.06093140355005387;120.0;53.73042936;86.84108280000001
0.4136490664245087;1.8929336243911785;0.0122361578464362;0.0554641880429703;120.0;53.730044910000004;86.84095947
0.2995483339308253;1.5489749397743444;-0.0520036708473539;0.051593179121864535;120.0;53.72966752;86.84085343999999
0.0509363100189857;1.5527659825516364;-0.0948302233098807;0.05954829269512571;120.0;53.729297470000006;86.84074962999999
-2.6420408966308013;1.4842753058647125;-0.0652595085143265;0.043691822750338644;120.0;53.72893199;86.84064271
-0.8201978044698162;2.5579152149347597;-0.0112164780258998;0.043691822750338644;120.0;53.728568929999994;86.84051005
-1.0348141396179784;2.743366201502008;-0.0560823901294993;0.03765612521738241;120.0;53.72823565;86.84036108999999
-1.003441463809277;3.0384242354415654;-0.1193025390027531;0.0316135462740281;120.0;53.72793011;86.84020403000001
-1.151578654018622;3.0638886549771094;-0.0520036708473539;0.04004917888786326;120.0;53.72764825;86.84004249
5.478635685596103;3.1536499001577347;-0.0591414295911083;0.0478470261361447;120.0;53.727390639999996;86.83987447999999
5.372320289833083;3.000169700772205;-0.0326297542571632;0.04714063612684196;120.0;53.72715427000001;86.83970979
4.636837505608984;2.791125762028381;-0.0275313551544814;0.04827968296840064;120.0;53.72691754;86.83953706
2.411157401651116;2.785354214821345;0.020393596410727;0.04894274305335404;120.0;53.72669614;86.83938478
3.898777859217805;2.7984794354019296;0.0520036708473539;0.037139620236719115;120.0;53.72649355;86.83926411
5.423902721484197;3.462972758946809;-0.0530233506678902;0.03452904149397689;120.0;53.72631363000001;86.83916099000001
2.39357263641557;3.4982698041836233;0.0050983991026817;0.03306696042882025;120.0;53.726164095;86.83909337499999
-0.9952375637159232;3.34543968991383;0.0071377587437544;0.032225440614269574;120.0;53.726038485000004;86.839039445
-1.09281462145391;3.0702782617471236;0.0091771183848271;0.03177815796740511;120.0;53.725943705;86.839006105
-4.644174086926328;3.1122258776931044;-0.0101967982053635;0.03534436552054923;120.0;53.725869175;86.838993015
-1.9421177718412923;3.296813780802278;-0.049454471296013;0.027571242738373726;120.0;53.725813315;86.83899347500001
-1.6381786295869345;3.296813780802278;0.0091771183848271;0.027571242738373726;120.0;53.725813315;86.83899347500001
0.1149107263248899;3.296813780802278;-0.0214132762312633;0.027571242738373726;120.0;53.725813315;86.83899347500001
2.9295092293959577;3.296813780802278;-0.061180789232181;0.027571242738373726;120.0;53.725813315;86.83899347500001
5.214538567670259;3.296813780802278;-0.0254919955134087;0.027571242738373726;120.0;53.725813315;86.83899347500001
