Широта;Долгота;in_current_border_original;point;рекомендованная скорость_min;рекомендованная скорость_max;len;Скорость;Продольный наклон;уклон;Поперечный наклон;Высота;point_route_dist;рекомендованная скорость_turns;Поворот влево;Поворот вправо;подъем;спуск;rec_hole;примечание;рекомендованная скорость_holes;рекомендованная скорость;рекомендованная скорость_add;azimut;путь;centr;radius;время движения по маршруту;nom_point;no_avoid;Объезд слева;Объезд справа;Неровная дорога;Опасность;Грузоподъемность;Модель самосвала;Самосвал;уровень давления впереди,МПа;уровень давления сзади,МПа
53.7257745;86.8448785;1;-;0;0;5;0.3764204545454546;-1.1646785946669058;-0.9500521497615335;-4.190484130761084;-0.40390582921481016;0.0;0.0;0;0;0;0;Нет;-;0;0.0;0.0;1.8895689582988426;5.779300769784521;-;0.0;871.0;-;0;0;0;0;0;240;7530G;95;5.9;10.0
53.7258238;86.844851;1;-;0;0;15;1.1292613636363638;-0.37221370625429906;-0.9655391448369431;-4.337914507290233;-0.36156269123686835;0.0;0.0;0;0;0;0;Нет;-;0;0.0;0.0;2.2287770325519505;9.370245654139913;-;0.0;871.0;-;0;0;0;0;0;240;7530G;95;5.9;10.0
53.7258904;86.844764;1;point_60%;0;0;25;1.8821022727272727;-0.5792398657720321;-0.972347835389817;-4.305920627233002;-0.3749669642449658;19.04199617161967;0.0;0;0;0;0;Нет;-;0;0.0;0.0;2.9595491625332873;10.822314643056238;-;0.0;871.0;1;1;0;0;0;0;240;7530G;95;5.9;10.0
53.725908;86.8446024;1;point_60%;0;0;30;2.2585227272727275;-1.2212836027410132;-0.9277395546634648;-4.1286618271468365;-0.4184330515028945;7.095820878566653;0.0;0;0;0;0;Нет;-;0;0.0;0.0;-2.1050529944986427;4.9022161779322335;-;0.0;871.0;1;1;0;0;0;0;240;7530G;95;5.9;10.0
53.7258701;86.8445645;1;point_60%;0;0;38;2.8607954545454546;-1.587269850620805;-0.7698640720954418;-3.821378708794284;-0.4674382578784694;2.804796547732811;0.0;0;0;0;0;Нет;-;0;0.0;0.0;-2.105053633337242;7.476205243709655;-;0.0;871.0;1;1;0;0;0;0;240;7530G;95;5.9;10.0
53.7258123;86.8445067;1;point_60%;0;0;57;4.291193181818182;-1.2113041491669472;-0.4732605776042924;-3.4431766373931776;-0.49303839831358504;4.568632228428473;0.0;0;0;0;0;Нет;-;0;0.0;0.0;-2.030232849698042;19.41255650047547;-;0.0;871.0;1;1;0;0;0;0;240;7530G;95;5.9;10.0
53.725656;86.844376;1;point_60%;0;0;65;4.893465909090909;-0.09053050507450305;-0.06765582530674978;-3.107784359861195;-0.4616235259267294;6.084827284443274;0.0;0;0;0;0;Нет;-;0;0.0;0.0;-1.718491237540238;7.698192813427193;-;0.0;871.0;1;1;0;0;0;0;240;7530G;95;5.9;10.0
53.7255876;86.8443588;1;point_60%;0;0;72;5.420454545454546;1.3177006798059083;0.37241498427168834;-2.9334675839253292;-0.3500320908759159;5.387976689678472;0.0;0;0;0;0;Нет;-;0;0.0;0.0;-1.8824448515194288;6.572880621575798;-;0.0;871.0;1;1;0;0;0;0;240;7530G;95;5.9;10.0
53.7255314;86.8443282;1;point_60%;0;0;83;6.248579545454546;2.4461794218276474;0.7760523100576731;-2.9709000113194746;-0.1575451057121889;0.0;0.0;0;0;0;0;Нет;-;0;0.0;0.0;-1.8441034435242512;11.249095763249096;-;0.0;871.0;1;1;0;0;0;0;240;7530G;95;5.9;10.0
53.7254341;86.8442821;1;point_60%;0;0;100;7.528409090909091;2.9748610436128535;1.1058992369421152;-3.191331603002769;0.0996106220833967;0.0;0.0;0;0;0;0;Нет;-;0;0.0;0.0;-1.936587469060767;17.309004886352874;-;0.0;871.0;1;1;0;0;0;0;240;7530G;95;5.9;10.0
53.7252889;86.8441881;1;point_60%;0;0;112;8.431818181818182;2.988576647927794;1.3618573984753333;-3.513093413818744;0.38973376381338654;5.657743002984687;0.0;0;0;0;0;Нет;-;0;0.0;0.0;-1.7464121466202962;12.40271899029905;-;0.0;871.0;1;1;0;0;0;0;240;7530G;95;5.9;10.0
53.7251792;86.8441552;1;point_60%;0;0;125;9.410511363636363;2.7963235224761895;1.569124554564096;-3.859343660240402;0.6880584309223446;7.0509906382125225;0.0;0;0;0;0;Нет;-;0;0.0;0.0;-2.1050613190403964;12.598366469912307;-;0.0;871.0;1;1;0;0;0;0;240;7530G;95;5.9;10.0
53.7250818;86.8440578;1;point_60%;0;0;136;10.238636363636363;2.5725621747269924;1.7606875234780075;-4.198060937245068;1.0022422576955243;10.948522344422948;0.0;0;0;0;0;Нет;-;0;0.0;0.0;-1.846458627833504;11.349109991701257;-;0.0;871.0;1;1;0;0;0;0;240;7530G;95;5.9;10.0
53.7249837;86.8440109;1;point_60%;0;0;146;10.991477272727273;2.265930962970271;1.9627312996961865;-4.526334034257336;1.3747977021057043;12.79000542052552;0.0;0;0;0;0;Нет;-;0;0.0;0.0;-2.10506307233495;9.59753441603625;-;0.0;871.0;1;1;0;0;0;0;240;7530G;95;5.9;10.0
53.7249095;86.8439367;1;point_60%;0;0;155;11.669034090909092;1.8282077311111509;2.1980320447957475;-4.84838677198072;1.8622096552407492;12.32927101180934;0.0;0;0;0;0;Нет;-;0;0.0;0.0;-1.9501932972760456;9.407727688257243;-;0.0;871.0;1;1;0;0;0;0;240;7530G;95;5.9;10.0
53.724831;86.8438838;1;point_60%;0;0;176;13.25;1.501462102087364;2.49690248461644;-5.179905782676018;2.630567241828242;10.110108640644938;0.0;0;0;0;0;Нет;-;0;13.25;0.0;-1.8928150675860271;20.665951518035513;-;0.0;871.0;1;1;0;0;0;0;240;7530G;95;5.9;10.0
53.7246549;86.8437845;1;point_60%;0;0;186;13.25;1.252731549970131;2.7559472265298135;-5.438044565093595;3.32587118670507;7.855451213607916;0.0;0;0;0;0;Нет;убрали яму т.к не подтвердилась;0;0.0;0.0;-1.7172411061191672;9.788400181058634;-;0.0;871.0;1;1;0;0;0;0;240;7530G;95;5.9;10.0
53.72456791197627;86.84376281417919;1;point_60%;0;0;192;13.25;1.3101667811109254;2.9772629199042013;-5.632721683362201;3.9328278132139496;16.158563180614863;0.0;0;0;0;0;Нет;;0;0.0;0.0;-1.9931380629831401;5.835226560400241;-;0.0;871.0;1;1;0;0;0;0;240;7530G;95;5.9;10.0
53.7245201;86.8437265;1;-;0;0;205;13.25;2.040957865655176;3.1684399233942413;-5.775548364101395;4.884703529021632;0.0;0.0;0;0;0;0;Нет;добавили новую яму;0;0.0;0.0;-1.9941812723763594;13.113817281038425;-;0.0;871.0;-;0;0;0;0;0;240;7530G;95;5.9;10.0
53.7244127;86.8436447;1;point_60%;0;0;219;13.25;2.981690096241598;3.305354958751549;-5.86915964283269;5.820931609721182;8.729307589554285;13.25;0;1;0;0;Нет;добавили новую яму;0;0.0;0.0;-2.526703714223488;14.183677224253367;[53.724558940708505, 86.84333832649206];25.927458276964725;871.0;2;1;0;0;0;0;240;7530G;95;5.9;10.0
53.7243392;86.8434688;1;point_60%;0;0;221;13.25;3.853453855979409;3.396110463899144;-5.9228661350776814;6.751594439410813;6.441370712373541;13.25;0;1;0;0;Нет;добавили новую яму;0;0.0;0.0;-2.838160960663628;1.7861999644129787;-;0.0;871.0;2;1;0;0;0;0;240;7530G;95;5.9;10.0
53.72433440567109;86.84344292002294;1;point_60%;0;0;229;13.25;4.529663653159062;3.4674214260785967;-5.955713732807571;7.693602271900973;0.0;13.25;0;1;0;0;Нет;;0;13.25;0.0;3.0256336005790105;8.479886465109432;-;0.0;871.0;2;1;0;0;0;0;240;7530G;95;5.9;10.0
53.7243432189812;86.84331503933517;1;point_60%;0;0;231;13.383710878328811;4.648690255572924;3.452411137992937;-5.913647383356572;8.227704711577925;0.0;13.25;0;0;0;0;Нет;-;0;0.0;0.0;2.986560020601961;1.4064028817587024;-;0.0;871.0;2;1;0;0;0;0;240;7530G;95;5.9;10.0
53.72434516978133;86.84329394280991;1;point_60%;0;0;237;13.784843513315243;4.390372071630339;3.4122880958844575;-5.843078231132104;8.470281385241197;0.0;13.25;0;0;0;0;Нет;-;0;0.0;0.0;2.404571213270735;6.0189052709113335;-;0.0;871.0;2;1;0;0;0;0;240;7530G;95;5.9;10.0
53.724381507959095;86.84322627706027;1;point_60%;0;0;246;14.386542465794893;4.251523295149844;3.3844727456185706;-5.763209864803988;8.897332519711291;5.267944657398473;13.25;0;0;0;0;Нет;убрали яму т.к не подтвердилась;0;0.0;0.0;2.2384502711762986;9.529128229093006;-;0.0;871.0;2;1;0;0;0;0;240;7530G;95;5.9;10.0
53.724448727713664;86.84313670176086;1;point_60%;0;0;254;14.921385979110136;4.060990433902306;3.3583764659482793;-5.669328410131005;9.273865136115766;2.010974072147362;13.25;0;0;0;0;Нет;-;0;0.0;0.0;1.7780520891477165;7.910749401018736;-;0.0;871.0;2;1;0;0;0;0;240;7530G;95;5.9;10.0
53.72451826919615;86.84311198715062;1;-;0;0;285;16.993904593206704;3.865082833382715;3.333836088544907;-5.556131290753138;9.787661583456234;0.0;0.0;0;0;0;0;Нет;убрали яму т.к не подтвердилась;0;0.0;0.0;1.3421271424298375;30.451853404144725;-;0.0;871.0;-;0;0;0;0;0;240;7530G;95;5.9;10.0
53.72478469739783;86.8432167906612;1;-;0;0;301;18.06359161983719;3.631422165371861;3.3091394005825396;-5.419211049768701;10.482615075500778;0.0;0.0;0;0;0;0;Нет;-;0;0.0;0.0;1.102490617107116;16.59247903137029;-;0.0;871.0;-;0;0;0;0;0;240;7530G;95;5.9;10.0
53.7249177;86.8433305;1;point_60%;0;0;322;19.467555842289705;3.381737073339063;3.2875122828006154;-5.258427088059813;11.359564346730654;5.887742110865832;0.0;0;0;0;0;Объезд справа;добавили новую яму;0;0.0;0.0;1.1762722275877626;20.83705140614942;-;0.0;871.0;3;0;0;1;0;0;240;7530G;95;5.9;10.0
53.7250905;86.8434521;1;point_60%;0;0;345;21.00523094307103;3.1882441249583255;3.273525390669505;-5.0760744219992375;12.360680243346055;8.145363759618496;0.0;0;0;0;0;Объезд справа;добавили новую яму;0;0.0;0.0;1.229351257777605;22.71861200910714;-;0.0;871.0;3;0;0;0;0;0;240;7530G;95;5.9;10.0
53.7252828;86.8435676;1;point_60%;0;0;369;22.60976148301676;3.141423536770083;3.273482098217083;-4.856669345362467;13.477459597201939;5.103509578961776;0.0;0;0;0;0;Объезд справа;-;0;0.0;0.0;1.3364269023255928;24.561045803464392;-;0.0;871.0;3;0;0;0;0;0;240;7530G;95;5.9;10.0
53.7254974;86.8436542;1;-;0;0;396;24.41485834045571;3.2485636274174703;3.2945697350855023;-4.5668468962982285;14.743230802658692;0.0;0.0;0;0;0;0;Нет;-;0;24.41485834045571;24.41485834045571;1.2029458122650225;26.282331457721277;-;0.0;871.0;-;0;0;0;0;0;240;7530G;95;5.9;10.0
53.7257177;86.8437977;1;-;0;0;422;24.547805705449747;3.4246946490384973;3.331824649618015;-4.158612756494913;16.247398710717626;0.0;0.0;0;0;0;0;Нет;-;0;0.0;0.0;1.2600230184576975;26.190593024619876;-;0.0;871.0;-;0;0;0;0;0;240;7530G;95;5.9;10.0
53.7259417;86.8439193;1;-;0;0;452;24.701206511212096;3.560878304948023;3.3789537939712195;-3.641629555017159;17.923791611906424;0.0;0.0;0;0;0;0;Нет;-;0;0.0;0.0;1.2787917419945194;30.246189528326447;-;0.0;871.0;-;0;0;0;0;0;240;7530G;95;5.9;10.0
53.7262019;86.8440515;1;-;0;0;475;24.8188137956299;3.545684170657176;3.408351586821574;-3.0335552952575093;19.807355539326537;0.0;0.0;0;0;0;0;Нет;-;0;0.0;0.0;1.2303464332943133;22.604301782644434;-;0.0;871.0;-;0;0;0;0;0;240;7530G;95;5.9;10.0
53.7263933;86.8441661;1;-;0;0;491;24.900627558703153;3.422563440547916;3.4158904895673197;-2.5058348271808537;21.416374572812316;0.0;0.0;0;0;0;0;Нет;-;0;0.0;0.0;1.1947402465451034;16.333290626290456;-;0.0;871.0;-;0;0;0;0;0;240;7530G;95;5.9;10.0
53.726529769039;86.84425717629861;1;-;0;0;497;24.931307719855624;3.300478402563728;3.411689566418669;-2.1845203537125384;22.398779571313018;0.0;0.0;0;0;0;0;Нет;;0;0.0;0.0;1.0928853607949396;5.846025934092259;-;0.0;871.0;-;0;0;0;0;0;240;7530G;95;5.9;10.0
53.7265764;86.844298;1;-;0;0;504;24.967101241200172;3.1949438508839982;3.3987766826906403;-2.014926068638119;22.922735577928613;0.0;0.0;0;0;0;0;Нет;-;0;0.0;0.0;1.210189806295262;6.678292535421357;-;0.0;871.0;-;0;0;0;0;0;240;7530G;95;5.9;10.0
53.7266325326528;86.84433377754097;1;-;0;0;511;25.00289476254472;3.0988603986845127;3.3728137282839885;-1.9097708298273797;23.28728242440227;0.0;0.0;0;0;0;0;Нет;;0;0.0;0.0;1.0781584179633088;7.147020311387319;-;0.0;871.0;-;0;0;0;0;0;240;7530G;95;5.9;10.0
53.7266891;86.8443851;1;-;0;0;516;25.02846156350511;2.997831048854984;3.3342470229728187;-1.805625145208778;23.73058490422573;0.0;0.0;0;0;0;0;Нет;-;0;0.0;0.0;1.1975389741958278;4.944909810391043;-;0.0;871.0;-;0;0;0;0;0;240;7530G;95;5.9;10.0
53.72673046155485;86.84441247796232;1;-;0;0;527;25.084708525617973;2.841422532504126;3.2549462944288745;-1.6147490260434982;24.61522109902507;0.0;0.0;0;0;0;0;Нет;-;0;0.0;0.0;1.0962108216237034;11.043310054100216;-;0.0;871.0;-;0;0;0;0;0;240;7530G;95;5.9;10.0
53.7268187;86.8444891;1;point_30%;0;0;554;25.222769250804088;2.7090587599359823;3.1567713610498167;-1.4485233192193183;25.73953361792671;1.9749399804658168;0.0;0;0;0;0;Объезд справа;добавили новую яму;0;0.0;0.0;1.1936403390300245;27.826890191878366;-;0.0;871.0;4;0;0;1;0;0;240;7530G;95;5.9;10.0
53.7270511;86.8446447;1;point_30%;0;0;585;25.381283416758517;2.638438043095984;3.0641940759041644;-1.3812027411222005;27.07149330211695;2.1870751473372665;0.0;0;0;0;0;Объезд справа;добавили новую яму;0;0.0;0.0;1.2306844567421087;30.088230825829395;-;0.0;871.0;4;0;0;0;0;0;240;7530G;95;5.9;10.0
53.7273059;86.8447971;1;point_30%;0;0;592;25.417076938103065;2.595908495192379;2.9921133086971308;-1.3502364779976694;28.261330822515358;0.0;0.0;0;0;0;0;скорость_25.0;добавили новую яму;0;0.0;0.0;1.259366957632464;7.629607212902154;-;0.0;871.0;4;0;0;0;0;0;240;7530G;95;5.9;10.0
53.72737113990738;86.84483259697161;1;-;0;0;600;25.457983819639693;2.566034402172308;2.9514541173216156;-1.3659838840556122;29.267386763801376;0.0;0.0;0;0;0;0;Нет;;0;0.0;0.0;1.2153204264627733;8.14196533231231;-;0.0;871.0;-;0;0;0;0;0;240;7530G;95;5.9;10.0
53.727439706582935;86.84487562262284;1;-;0;0;631;25.616497985594123;2.5694639096883973;2.963104872780918;-1.4121236798696342;30.216917509164126;0.0;0.0;0;0;0;0;Нет;;0;0.0;0.0;1.1238725870245398;30.626196463047705;-;0.0;871.0;-;0;0;0;0;0;240;7530G;95;5.9;10.0
53.7276878;86.8450766;1;-;0;0;645;25.68808502828322;2.5587856467938312;2.984222929661182;-1.4537068171754526;30.83787647725253;0.0;0.0;0;0;0;0;Нет;-;0;0.0;0.0;1.2511473569471196;14.273583633978005;-;0.0;871.0;-;0;0;0;0;0;240;7530G;95;5.9;10.0
53.72780952472875;86.84514470240342;1;-;0;0;658;25.754558710780238;2.584956591302463;3.020786828207986;-1.4898514245286538;31.392176292532582;0.0;0.0;0;0;0;0;Нет;;0;0.0;0.0;1.1386314873595371;12.893689869048837;-;0.0;871.0;-;0;0;0;0;0;240;7530G;95;5.9;10.0
53.7279147;86.8452267;1;-;0;0;687;25.90284615635051;2.765288436480768;3.1077950935064607;-1.4532619021606097;32.40771873804053;0.0;0.0;0;0;0;0;Нет;-;0;0.0;0.0;1.1900072625885658;28.48166018188638;-;0.0;871.0;-;0;0;0;0;0;240;7530G;95;5.9;10.0
53.728152224502175;86.84538742513556;1;-;0;0;706;26.0;2.9712824108375617;3.189685215272485;-1.382019297969982;33.136932372970776;0.0;0.0;0;0;0;0;Нет;;0;26.0;26.0;1.0365672025681185;19.036277186221355;-;0.0;871.0;-;0;0;0;0;0;240;7530G;95;5.9;10.0
53.7282994;86.8455346;1;-;0;0;712;25.920265780730897;3.2522757073542747;3.292499174421166;-1.2730129823169163;33.983879708448086;0.0;0.0;0;0;0;0;Нет;-;0;0.0;0.0;1.2727582603388383;6.201910112546429;-;0.0;871.0;-;0;0;0;0;0;240;7530G;95;5.9;10.0
53.72835265567569;86.84556225230544;1;-;0;0;723;25.774086378737543;3.6341346552011875;3.4243276442219432;-1.1243479494201736;35.071806051202074;0.0;0.0;0;0;0;0;Нет;;0;0.0;0.0;1.036549534558688;11.155305281415703;-;0.0;871.0;-;0;0;0;0;0;240;7530G;95;5.9;10.0
53.7284389;86.8456485;1;point_30%;0;0;749;25.428571428571427;4.008651306656712;3.539663771138354;-0.9599534516048642;35.95391221524325;0.0;0.0;0;0;0;0;Объезд слева;-;0;0.0;0.0;1.20395317778985;26.12903755127989;-;0.0;871.0;5;0;1;0;0;0;240;7530G;95;5.9;10.0
53.728658;86.8457908;1;-;0;0;772;25.122923588039868;4.247376945138029;3.739842937756566;-0.7402275764045929;37.17589390337557;0.0;0.0;0;0;0;0;Нет;-;0;0.0;0.0;1.163495587878743;22.926412074814717;-;0.0;871.0;-;0;0;0;0;0;240;7530G;95;5.9;10.0
53.7288471;86.8459287;1;-;0;0;799;24.764119601328904;4.3059560193574224;4.106035888182471;-0.46316979732038555;39.03145063112458;0.0;0.0;0;0;0;0;Нет;-;0;0.0;0.0;1.1963185611052816;27.366901255152893;-;0.0;871.0;-;0;0;0;0;0;240;7530G;95;5.9;10.0
53.7290759;86.8460807;1;-;0;0;823;24.44518272425249;4.145534759842353;4.5698564284756396;-0.23336051208756806;41.12878442695229;0.0;0.0;0;0;0;0;Нет;-;0;0.0;0.0;1.1582932585820576;23.901802746388;-;0.0;871.0;-;0;0;0;0;0;240;7530G;95;5.9;10.0
53.7292726;86.8462262;1;-;0;0;848;24.11295681063123;4.031458115207197;5.042188822875701;-0.03254919330347028;43.3489253025367;0.0;0.0;0;0;0;0;Нет;-;0;0.0;0.0;1.2695095279568882;25.144657135767154;-;0.0;871.0;-;0;0;0;0;0;240;7530G;95;5.9;10.0
53.7294883;86.8463395;1;-;0;0;870;23.820598006644516;4.2097756117773155;5.411067760297167;0.15863653794608695;45.37386185584404;0.0;0.0;0;0;0;0;Нет;-;0;0.0;0.0;1.169954720452279;21.823392424090667;-;0.0;871.0;-;0;0;0;0;0;240;7530G;95;5.9;10.0
53.7296688;86.8464688;1;point_30%;0;0;891;23.54152823920266;4.801706576689941;5.603349186302584;0.36365045387787287;47.00673420983167;0.0;0.0;0;0;0;0;Нет;-;0;0.0;0.0;1.1058645209873792;20.96028645596011;-;0.0;871.0;6;1;0;0;0;0;240;7530G;95;5.9;10.0
53.7298371;86.8466115;1;point_30%;0;0;905;23.35548172757475;5.661123891752923;5.693495606670593;0.6324291885206166;48.614115293124;0.0;0.0;0;0;0;0;Нет;-;0;0.0;0.0;1.1415692610839727;13.846499031408786;-;0.0;871.0;6;1;0;0;0;0;240;7530G;95;5.9;10.0
53.7299502;86.846699;1;point_30%;0;0;919;23.169435215946844;6.4999931682318906;5.756342037207126;0.9070110495267056;50.50417564650667;0.0;0.0;0;0;0;0;Нет;-;0;0.0;0.0;1.036583598431684;14.18890410902552;-;0.0;871.0;6;1;0;0;0;0;240;7530G;95;5.9;10.0
53.7300599;86.8468087;1;point_30%;0;0;932;22.996677740863788;7.136478374496628;5.820496643606049;1.1132068838014617;52.17921314142811;0.0;0.0;0;0;0;0;Нет;-;0;0.0;0.0;1.0365846255219417;12.960139212557147;-;0.0;871.0;6;1;0;0;0;0;240;7530G;95;5.9;10.0
53.7301601;86.8469089;1;-;0;0;936;22.943521594684384;7.485083773400129;5.865637098442776;1.2334351584888525;53.592983986991925;0.0;0.0;0;0;0;0;Нет;-;0;0.0;0.0;1.0365136633024534;3.271641243146817;-;0.0;871.0;-;0;0;0;0;0;240;7530G;95;5.9;10.0
53.730185393307934;86.84693419741124;1;point_30%;0;0;947;22.79734219269103;7.576696939428337;5.904441044225877;1.2754461803454293;54.860976831923324;0.0;0.0;0;0;0;0;Нет;;0;0.0;0.0;0.7841511969162316;11.618313539113146;-;0.0;871.0;7;1;0;0;0;0;240;7530G;95;5.9;10.0
53.7302591;86.8470591;1;point_30%;0;0;961;22.611295681063122;7.452268838170936;5.957131520595391;1.2564623718095058;56.22955809234098;0.0;0.0;0;0;0;0;Нет;-;0;0.0;0.0;0.7247646075902374;14.188909113035805;-;0.0;871.0;7;1;0;0;0;0;240;7530G;95;5.9;10.0
53.7303436;86.8472204;1;point_30%;0;0;976;22.411960132890364;7.208982421851301;6.037357152471427;1.2043862031980117;57.84292452920459;2.561677972267509;0.0;0;0;0;0;Нет;добавили новую яму;0;0.0;0.0;0.6318388647161844;14.739096188094633;-;0.0;871.0;7;1;0;0;0;0;240;7530G;95;5.9;10.0
53.7304218;86.847401;1;point_30%;0;0;992;22.19933554817276;6.8609021505867265;6.152015968095441;1.14177330439137;59.76100982079542;3.300402617099999;0.0;0;0;0;0;Нет;добавили новую яму;0;0.0;0.0;0.46747930823803263;16.155869223601428;-;0.0;871.0;7;1;0;0;0;0;240;7530G;95;5.9;10.0
53.7304872;86.84762;1;point_30%;0;0;1007;22.0;6.368421335397134;6.263753797775587;1.0581571258434963;61.351083615986;3.144730516712347;0.0;0;0;0;0;Нет;добавили новую яму;0;22.0;22.0;0.42223901344884296;15.103539914385301;-;0.0;871.0;7;1;0;0;0;0;240;7530G;95;5.9;10.0
53.7305428;86.8478292;1;point_30%;0;0;1011;21.984496124031008;5.790772715855915;6.35527763940321;0.9742051909047327;62.743783766682824;0.0;0.0;0;0;0;0;Нет;-;0;0.0;0.0;0.38915728569407504;3.7313319063977546;-;0.0;871.0;7;1;0;0;0;0;240;7530G;95;5.9;10.0
53.730555517225696;86.8478816226181;1;point_30%;0;0;1026;21.926356589147286;5.1642942760076025;6.402555228650707;0.8798206625885505;64.04710284909929;1.9243322658402466;0.0;0;0;0;0;Нет;добавили новую яму;0;0.0;0.0;0.08150521021422508;15.017398451004178;-;0.0;871.0;7;1;0;0;0;0;240;7530G;95;5.9;10.0
53.7305665;86.8481089;1;point_30%;0;0;1048;21.84108527131783;4.616066054311439;6.429829433016819;0.8119444210276564;64.91628086629218;2.721215000009271;0.0;0;0;0;0;Нет;добавили новую яму;0;0.0;0.0;0.4346065017376013;21.58196302360319;-;0.0;871.0;7;1;0;0;0;0;240;7530G;95;5.9;10.0
53.73064812961006;86.84840614999706;1;-;0;0;1051;21.829457364341085;4.194113819610187;6.409174839916465;0.7231204669927667;65.90265041206882;0.0;0.0;0;0;0;0;Нет;;0;0.0;0.0;0.15019058561085852;2.95395508073068;-;0.0;871.0;-;0;0;0;0;0;240;7530G;95;5.9;10.0
53.7306521;86.8484505;1;point_30%;0;0;1078;21.724806201550386;3.951061012043355;6.358820791072379;0.6362949365856208;66.80550644065272;0.0;0.0;0;0;0;0;Нет;добавили новую яму;0;0.0;0.0;0.4148047320940629;27.401587959216133;-;0.0;871.0;8;1;0;0;0;0;240;7530G;95;5.9;10.0
53.7307513;86.8488313;1;point_30%;0;0;1099;21.643410852713178;4.3438261847789885;6.225461620756876;0.4943804661007228;68.32882248482264;1.944888357509735;0.0;0;0;0;0;Нет;-;0;0.0;0.0;0.8230618511468396;20.541681492317117;-;0.0;871.0;8;1;0;0;0;0;240;7530G;95;5.9;10.0
53.7308866;86.8490434;1;point_30%;0;0;1115;21.58139534883721;4.998474803987516;6.069275094703343;0.3522150580682347;69.87458282572096;0.0;0.0;0;0;0;0;Нет;-;0;0.0;0.0;1.10393857600869;16.438440913639187;-;0.0;871.0;8;1;0;0;0;0;240;7530G;95;5.9;10.0
53.73101846423118;86.84915574741632;1;-;0;0;1123;21.550387596899224;5.812851907434743;5.9119365822684475;0.20830808270111614;71.46895131301682;0.0;0.0;0;0;0;0;Нет;;0;0.0;0.0;0.9055586839228499;8.466263302779616;-;0.0;871.0;-;0;0;0;0;0;240;7530G;95;5.9;10.0
53.7310783;86.8492351;1;point_30%;0;0;1143;21.472868217054263;6.672183718907856;5.810541970731753;0.10234924919077398;72.6788214219684;1.1426754509750554;0.0;0;0;0;0;Объезд справа;добавили новую яму;0;0.0;0.0;1.1818965863278916;20.042807851779344;-;0.0;871.0;9;0;0;1;0;0;240;7530G;95;5.9;10.0
53.7312449;86.8493505;1;point_30%;0;0;1159;21.410852713178294;7.271946130131433;5.7640242676369615;-0.0165511769032161;74.02196343343775;4.179578622693192;0.0;0;0;0;0;Объезд справа;добавили новую яму;0;0.0;0.0;1.4171921762019737;15.624234230418256;-;0.0;871.0;9;0;0;0;0;0;240;7530G;95;5.9;10.0
53.7313836;86.8493868;1;point_30%;0;0;1170;21.368217054263567;7.487788620104463;5.792610626906551;-0.12674657328917427;75.29277898710876;4.158306008381406;0.0;0;0;0;0;Объезд справа;добавили новую яму;0;0.0;0.0;1.5825800489713142;11.177442146218416;-;0.0;871.0;9;0;0;0;0;0;240;7530G;95;5.9;10.0
53.731484;86.8493848;1;point_30%;0;0;1182;21.32170542635659;7.632309438289;5.83785887459346;-0.2658953340326827;77.0308281471672;1.3457655132338147;0.0;0;0;0;0;Объезд справа;добавили новую яму;0;0.0;0.0;1.7016916577818746;11.755915081224781;-;0.0;871.0;9;0;0;0;0;0;240;7530G;95;5.9;10.0
53.7315887;86.8493615;1;point_30%;0;0;1195;21.271317829457363;7.350739327215427;5.925399032283407;-0.3654670326247331;78.55425329397855;0.0;0.0;0;0;0;0;скорость_10.0;добавили новую яму;0;0.0;0.0;1.6557054604470478;12.501901608053876;-;0.0;871.0;9;0;0;0;0;0;240;7530G;95;5.9;10.0
53.7317006;86.8493454;1;-;0;0;1210;21.213178294573645;6.829050783720058;6.016538488091578;-0.42923949928107563;79.9431794546781;0.0;0.0;0;0;0;0;Нет;-;0;0.0;0.0;1.6521211141743182;15.078219981245969;-;0.0;871.0;-;0;0;0;0;0;240;7530G;95;5.9;10.0
53.7318356;86.8493268;1;-;0;0;1227;21.147286821705425;6.182066700322119;6.095898229559475;-0.4669128259263486;81.20665922885496;0.0;0.0;0;0;0;0;Нет;-;0;0.0;0.0;1.6650893888066287;17.275897518633762;-;0.0;871.0;-;0;0;0;0;0;240;7530G;95;5.9;10.0
53.7319901;86.8493021;1;point_30%;0;0;1240;21.0968992248062;5.539378808720387;6.162454538584913;-0.4980602171677924;82.35238644494623;3.140006371574934;0.0;0;0;0;0;Объезд справа;добавили новую яму;0;0.0;0.0;1.7766035418508546;13.578931230359085;-;0.0;871.0;10;0;0;0;0;0;240;7530G;95;5.9;10.0
53.73210950532725;86.84925996164714;1;point_30%;0;0;1242;21.089147286821706;5.018330336779902;6.231532588715837;-0.5444590316249744;83.47612797759726;0.0;0.0;0;0;0;0;Объезд справа;-;0;0.0;0.0;1.7040422571720857;1.6167659740480746;-;0.0;871.0;10;0;0;0;0;0;240;7530G;95;5.9;10.0
53.7321239;86.8492567;1;point_30%;0;0;1265;21.0;4.7280257878421486;6.317902489982;-0.6150276076818354;84.69535336814995;2.285217646570321;0.0;0;0;0;0;Объезд справа;добавили новую яму;0;21.0;0.0;1.65878598065878;22.40661833215983;-;0.0;871.0;10;0;0;0;0;0;240;7530G;95;5.9;10.0
53.7323244;86.8492268;1;point_30%;0;0;1282;20.971011337868482;4.786970229566371;6.415872748422224;-0.6969962290236069;86.10095878526752;3.3782821506869816;0.0;0;0;0;0;Объезд справа;добавили новую яму;0;0.0;0.0;1.7872531766325803;17.017391442996985;-;0.0;871.0;10;0;0;0;0;0;240;7530G;95;5.9;10.0
53.7324737;86.8491713;1;point_30%;0;0;1299;20.94202267573696;5.235113330659294;6.503715323894896;-0.7617833453175382;87.72902044169587;6.645182849636518;0.0;0;0;0;0;Объезд справа;добавили новую яму;0;0.0;0.0;2.0544347690242484;17.05075515878751;-;0.0;871.0;10;0;0;0;0;0;240;7530G;95;5.9;10.0
53.7326093;86.8490509;1;point_30%;0;0;1313;20.918149659863946;5.972739025387236;6.555815092088489;-0.7821185630510192;89.5303558714233;0.0;0.0;0;0;0;0;Объезд справа;-;0;0.0;21.0;1.977577801852795;14.363676803345639;-;0.0;871.0;10;0;0;0;0;0;240;7530G;95;5.9;10.0
53.7327278;86.8489646;1;point_30%;0;0;1325;20.897687074829932;6.755824050195023;6.556003375952246;-0.7511206019862471;91.37616749529126;4.408505235706884;0.0;0;0;0;0;Объезд справа;добавили новую яму;0;0.0;0.0;2.237384537444253;12.450324307206026;-;0.0;871.0;10;0;0;0;0;0;240;7530G;95;5.9;10.0
53.7328157;86.8488477;1;point_30%;0;0;1349;20.856761904761903;7.281936928342351;6.512672410890216;-0.6946098605044928;93.1932646869306;3.3887226495233724;0.0;0;0;0;0;Объезд справа;добавили новую яму;0;0.0;0.0;2.227669410583262;23.43372344547099;-;0.0;871.0;10;0;0;0;0;0;240;7530G;95;5.9;10.0
53.7329824;86.8486304;1;point_30%;0;0;1360;20.83800453514739;7.364397137989892;6.4472823134688735;-0.6614301245056415;94.97854344270189;3.252626142546652;0.0;0;0;0;0;Объезд справа;добавили новую яму;0;0.0;0.0;2.603937615861965;11.607697316689528;-;0.0;871.0;10;0;0;0;0;0;240;7530G;95;5.9;10.0
53.7330358;86.848479;1;point_30%;0;0;1374;20.814131519274376;7.030654810562372;6.3739629385358185;-0.7119747941472104;96.93823768028378;3.1587749684898854;0.0;0;0;0;0;Объезд справа;добавили новую яму;0;0.0;0.0;2.7073537941471724;13.12406129964004;-;0.0;871.0;10;0;0;0;0;0;240;7530G;95;5.9;10.0
53.7330854;86.8482982;1;point_30%;0;0;1389;20.78855328798186;6.569286521563221;6.320482464503867;-0.7921150866063869;98.4915339522103;1.6860851110632482;0.0;0;0;0;0;Объезд справа;добавили новую яму;0;0.0;0.0;2.8980981466573112;15.144886459450209;-;0.0;871.0;10;0;0;0;0;0;240;7530G;95;5.9;10.0
53.7331182;86.848075;1;point_30%;0;0;1395;20.778321995464854;6.166689839658769;6.280677862991536;-0.9055886092821218;99.82397331764903;0.0;0.0;0;0;0;0;Объезд справа;добавили новую яму;0;0.0;0.0;3.002528552018852;6.454163879146053;-;0.0;871.0;10;0;0;0;0;0;240;7530G;95;5.9;10.0
53.7331262366239;86.84797793579551;1;-;0;0;1413;20.74762811791383;5.95328166815027;6.2504263355228495;-1.0322710628090033;100.93986270679858;0.0;0.0;0;0;0;0;Нет;;0;0.0;0.0;2.9032526397238847;18.042129938075714;-;0.0;871.0;-;0;0;0;0;0;240;7530G;95;5.9;10.0
53.7331645;86.8477117;1;point_30%;0;0;1434;20.711818594104308;6.161869060356203;6.229709313985521;-1.194962428082723;101.98286544001874;0.0;0.0;0;0;0;0;Объезд справа;-;0;0.0;0.0;3.063075527411285;21.005574324814884;-;0.0;871.0;11;0;0;0;0;0;240;7530G;95;5.9;10.0
53.7331793;86.8473937;1;point_30%;0;0;1449;20.68624036281179;6.353669928785331;6.124109204956444;-1.3845169088215683;104.14833510413574;0.0;0.0;0;0;0;0;Объезд справа;-;0;0.0;0.0;3.040846402298076;14.389129115489288;-;0.0;871.0;11;0;0;0;0;0;240;7530G;95;5.9;10.0
53.7331923;86.8471763;1;point_30%;0;0;1478;20.63678911564626;6.292486247470546;5.943146785941845;-1.5750450998595404;107.31760173718122;2.926405201548407;0.0;0;0;0;0;Объезд справа;-;0;0.0;0.0;3.0590426743755916;29.0275006348055;-;0.0;871.0;11;0;0;0;0;0;240;7530G;95;5.9;10.0
53.7332138;86.846737;1;point_30%;0;0;1492;20.612916099773244;5.9648423620484525;5.735752527830101;-1.6736968900633475;110.43161772483572;0.0;0.0;0;0;0;0;Объезд справа;-;0;0.0;0.0;2.9796849843093502;14.018779745275003;-;0.0;871.0;11;0;0;0;0;0;240;7530G;95;5.9;10.0
53.7332341;86.8465269;1;-;0;0;1522;20.56175963718821;5.295476498406092;5.535666963374038;-1.6873752861617672;113.40202843836056;0.0;0.0;0;0;0;0;Нет;-;0;0.0;0.0;2.944852459536758;30.75328827749989;-;0.0;871.0;-;0;0;0;0;0;240;7530G;95;5.9;10.0
53.7332881;86.8460689;1;-;0;0;1542;20.527655328798186;4.546059976970212;5.407117530126735;-1.6398060152992202;115.46837804542265;0.0;0.0;0;0;0;0;Нет;-;0;0.0;0.0;3.0434935786802333;19.20906214140351;-;0.0;871.0;-;0;0;0;0;0;240;7530G;95;5.9;10.0
53.733305;86.8457786;1;-;0;0;1562;20.493551020408162;4.189357817265778;5.376104377749446;-1.6223588198756493;116.59707491051057;0.0;0.0;0;0;0;0;Нет;-;0;0.0;0.0;3.114196126093816;19.914397220478953;-;0.0;871.0;-;0;0;0;0;0;240;7530G;95;5.9;10.0
53.7333099;86.8454763;1;-;0;0;1580;20.462857142857143;4.0050958210904914;5.364863393245413;-1.6545108200947398;117.69601095880938;0.0;0.0;0;0;0;0;Нет;-;0;20.462857142857143;0.0;-3.122602674655302;18.75790551677375;-;0.0;871.0;-;0;0;0;0;0;240;7530G;95;5.9;10.0
53.7333067;86.8451915;1;-;0;0;1602;20.79714037774918;4.084891606087552;5.363022180359653;-1.777125852118571;119.00531679748909;0.0;0.0;0;0;0;0;Нет;-;0;0.0;20.462857142857143;3.0224541017795623;22.197855513110916;-;0.0;871.0;-;0;0;0;0;0;240;7530G;95;5.9;10.0
53.7333304;86.8448568;1;-;0;0;1620;21.070644842660844;4.391409823212671;5.34385103654183;-1.9517085402310346;120.5169391425375;0.0;0.0;0;0;0;0;Нет;-;0;0.0;0.0;-3.1220160062661693;17.058813570998538;-;0.0;871.0;-;0;0;0;0;0;240;7530G;95;5.9;10.0
53.7333274;86.8445978;1;-;0;0;1636;21.313759922582328;4.781513583582287;5.29130450164739;-2.118543066664612;122.28037583318846;0.0;0.0;0;0;0;0;Нет;-;0;0.0;0.0;3.0835987556512334;16.325695343689457;-;0.0;871.0;-;0;0;0;0;0;240;7530G;95;5.9;10.0
53.7333359;86.8443503;1;-;0;0;1654;21.587264387493992;5.254622756087526;5.216206333165536;-2.240247158730924;123.85959876587813;0.0;0.0;0;0;0;0;Нет;-;0;0.0;0.0;3.1029245888280244;18.142480089554457;-;0.0;871.0;-;0;0;0;0;0;240;7530G;95;5.9;10.0
53.7333422;86.844075;1;-;0;0;1671;21.845574159910566;5.741234531924302;5.120658068442545;-2.3096869052325197;125.53043469404389;0.0;0.0;0;0;0;0;Нет;-;0;0.0;0.0;-3.1079526975005916;17.210151233938877;-;0.0;871.0;-;0;0;0;0;0;240;7530G;95;5.9;10.0
53.733337;86.8438138;1;point_30%;0;0;1689;22.119078624822233;6.057704377972412;5.039749400905921;-2.335658592944443;127.03313959438964;0.0;0.0;0;0;0;0;Объезд слева;-;0;0.0;0.0;-3.0769102682517113;17.56641050904807;-;0.0;871.0;12;0;1;0;0;0;240;7530G;95;5.9;10.0
53.7333268;86.8435476;1;-;0;0;1702;22.316609627258437;6.236320815704606;4.979482741990899;-2.3841510535148642;128.66726675089802;0.0;0.0;0;0;0;0;Нет;-;0;0.0;0.0;-3.124437601042237;13.626686364272048;-;0.0;871.0;-;0;0;0;0;0;240;7530G;95;5.9;10.0
53.7333247;86.8433407;1;-;0;0;1720;22.5901140921701;6.165701216925815;4.962634281251757;-2.508701523369824;130.39375327290975;0.0;0.0;0;0;0;0;Нет;-;0;0.0;0.0;-3.082404190902176;17.501060970956367;-;0.0;871.0;-;0;0;0;0;0;240;7530G;95;5.9;10.0
53.7333154;86.8430754;1;-;0;0;1738;22.863618557081768;5.720399836430021;4.980613649970776;-2.70919554850795;132.40821345882836;0.0;0.0;0;0;0;0;Нет;-;0;0.0;0.0;-3.008604484247364;18.46982532918802;-;0.0;871.0;-;0;0;0;0;0;240;7530G;95;5.9;10.0
53.7332934;86.8427974;1;-;0;0;1763;23.243485869459082;5.0556434599803435;5.018306119892571;-2.9320343202735106;134.3000822091782;0.0;0.0;0;0;0;0;Нет;-;0;0.0;0.0;-2.9637329568085695;24.916213444836032;-;0.0;871.0;-;0;0;0;0;0;240;7530G;95;5.9;10.0
53.7332538;86.842425;1;-;0;0;1792;23.684131951816767;4.419686467739854;5.006055671212691;-3.090566570423624;136.75260432713833;0.0;0.0;0;0;0;0;Нет;-;0;0.0;0.0;3.0485665001939157;28.882276137300256;-;0.0;871.0;-;0;0;0;0;0;240;7530G;95;5.9;10.0
53.7332779;86.8419883;1;-;0;0;1840;24.413477191581208;4.041013361912221;4.936079593569937;-3.13499385483248;139.2475065091735;0.0;0.0;0;0;0;0;Нет;-;0;0.0;0.0;3.0253979816883394;47.628897113419974;-;0.0;871.0;-;0;0;0;0;0;240;7530G;95;5.9;10.0
53.7333275;86.8412699;1;-;0;0;1862;24.747760426473246;4.081327552018504;4.804497058275885;-3.04458216390145;141.559333190191;0.0;0.0;0;0;0;0;Нет;-;0;0.0;0.0;2.890442149187301;22.665967971672167;-;0.0;871.0;-;0;0;0;0;0;240;7530G;95;5.9;10.0
53.7333781;86.8409365;1;-;0;0;1884;25.082043661365283;4.397211980607583;4.641689385106274;-2.883455107561022;143.8456421463733;0.0;0.0;0;0;0;0;Нет;-;0;0.0;0.0;2.9081174949436273;21.26752729673647;-;0.0;871.0;-;0;0;0;0;0;240;7530G;95;5.9;10.0
53.7334223;86.8406223;1;-;0;0;1904;25.385937511267134;4.66379732514004;4.474822546175976;-2.6892687662250454;146.41365782248045;0.0;0.0;0;0;0;0;Нет;-;0;25.385937511267134;25.385937511267134;2.7783043890287287;20.613452438792276;-;0.0;871.0;-;0;0;0;0;0;240;7530G;95;5.9;10.0
53.7334881;86.8403297;1;-;0;0;1946;26.106348754861113;4.7275055641341055;4.342473881718944;-2.4843615336418656;149.00879167918734;0.0;0.0;0;0;0;0;Нет;-;0;0.0;0.0;2.624137907097956;42.08311066489024;-;0.0;871.0;-;0;0;0;0;0;240;7530G;95;5.9;10.0
53.7336751;86.8397743;1;-;0;0;1968;26.483707025315102;4.56624399064773;4.2359071138255615;-2.283025544053899;151.83032661781104;0.0;0.0;0;0;0;0;Нет;-;0;0.0;0.0;2.4502763335345694;22.035523382098198;-;0.0;871.0;-;0;0;0;0;0;240;7530G;95;5.9;10.0
53.7338013;86.8395165;1;-;0;0;1993;26.91252324174009;4.35702444218072;4.182405329749419;-2.107556242432517;154.34477921697862;0.0;0.0;0;0;0;0;Нет;-;0;0.0;0.0;2.452969696063594;24.962976055706523;-;0.0;871.0;-;0;0;0;0;0;240;7530G;95;5.9;10.0
53.7339438;86.8392238;1;-;0;0;2016;27.307034160851078;4.247015885152271;4.1728753221206265;-1.9828155538779948;156.14320733909267;0.0;0.0;0;0;0;0;Нет;-;0;0.0;0.0;2.4231497128463415;22.138717792385698;-;0.0;871.0;-;0;0;0;0;0;240;7530G;95;5.9;10.0
53.7340747;86.8389707;1;-;0;0;2034;27.61578183667707;4.22281286136745;4.130378350732721;-1.9068457689563116;157.75204875473912;0.0;0.0;0;0;0;0;Нет;-;0;0.0;0.0;2.585928658630131;18.866382344864476;-;0.0;871.0;-;0;0;0;0;0;240;7530G;95;5.9;10.0
53.7341641;86.8387273;1;-;0;0;2056;27.993140107131058;4.211585003383116;4.043499525338495;-1.8715624254199188;159.21759001327814;0.0;0.0;0;0;0;0;Нет;-;0;0.0;0.0;2.8952838408877275;21.184616187690725;-;0.0;871.0;-;0;0;0;0;0;240;7530G;95;5.9;10.0
53.7342105;86.8384153;1;-;0;0;2080;28.404803674899046;4.049949842286997;3.886678077271225;-1.863252929204134;160.81169131139666;0.0;0.0;0;0;0;0;Нет;-;0;0.0;0.0;3.042147365416164;23.995802850718917;-;0.0;871.0;-;0;0;0;0;0;240;7530G;95;5.9;10.0
53.7342319;86.8380527;1;point_30%;0;0;2109;28.902230485952032;3.7581302732216644;3.7055387147544145;-1.871199739072824;162.260993199292;0.0;0.0;0;0;0;0;Объезд слева;-;0;0.0;0.0;3.0614433046362537;29.060739825796364;-;0.0;871.0;13;0;1;0;0;0;240;7530G;95;5.9;10.0
53.7342528;86.8376128;1;point_30%;0;0;2140;29.433962594319016;3.445627072781741;3.482178457401262;-1.8734161494716743;163.8754741891812;0.0;0.0;0;0;0;0;Объезд слева;-;0;0.0;0.0;3.116909905647483;31.578139385321442;-;0.0;871.0;13;0;0;0;0;0;240;7530G;95;5.9;10.0
53.7342598;86.8371334;1;-;0;0;2173;30.0;3.2476501307076715;3.220854648229147;-1.8909481273947195;165.54454416363194;0.0;0.0;0;0;0;0;Нет;-;0;30.0;0.0;3.1068961716451033;33.05686458716996;-;0.0;871.0;-;0;0;0;0;0;240;7530G;95;5.9;10.0
53.7342701;86.8366317;1;point_60%;0;0;2209;30.34964627572726;3.094413304802526;2.9113048283759495;-1.943986667536751;167.5706673903964;9.23669471298576;0.0;0;0;0;0;Объезд справа;добавили новую яму;0;0.0;30.0;2.8279608857696834;35.68642529436252;-;0.0;871.0;14;0;0;1;0;0;240;7530G;95;5.9;10.0
53.734369;86.8361162;1;point_60%;0;0;2230;30.553606603234826;3.049695301121689;2.6677266413920284;-1.9963228969114826;169.17476881046247;12.085338867027556;0.0;0;0;0;0;Нет;добавили новую яму;0;0.0;0.0;2.527723832224769;21.081150088576955;-;0.0;871.0;14;1;0;0;0;0;240;7530G;95;5.9;10.0
53.734478084462786;86.8358545091288;1;-;0;0;2238;30.63130577561866;2.929438678444014;2.4738822739472623;-2.066644319741793;170.45956143299628;0.0;0.0;0;0;0;0;Нет;;0;0.0;0.0;2.5053032349452566;7.606095126352464;-;0.0;871.0;-;0;0;0;0;0;240;7530G;95;5.9;10.0
53.734518684504884;86.83576160615206;1;point_60%;0;0;2262;30.864403292770167;2.680865887720614;2.351302427098907;-2.167013797864775;171.26712654868558;15.247752155343628;0.0;0;0;0;0;Нет;;0;0.0;0.0;2.363485237075979;24.69257078728975;-;0.0;871.0;15;1;0;0;0;0;240;7530G;95;5.9;10.0
53.734674382273155;86.83549452530146;1;point_60%;0;0;2289;31.12663799956561;2.262384842532459;2.215129963833975;-2.3011595628628965;172.125212558565;10.705880942855703;0.0;0;0;0;0;Нет;;0;0.0;0.0;2.3034585908669643;27.04700928229836;-;0.0;871.0;15;1;0;0;0;0;240;7530G;95;5.9;10.0
53.734855;86.8352198;1;point_60%;0;0;2330;31.524846258032763;1.777193933781426;2.0264945361296336;-2.484925644947091;173.26114837800043;9.14547771614066;0.0;0;0;0;0;Нет;-;0;0.0;0.0;2.36208089342011;40.3837488083159;-;0.0;871.0;15;1;0;0;0;0;240;7530G;95;5.9;10.0
53.73511;86.8347836;1;point_60%;0;0;2370;31.91334211995194;1.351041848562759;1.7889666201401733;-2.7115915803650834;174.67431711410075;0.0;0.0;0;0;0;0;Нет;-;0;0.0;0.0;2.359283675976359;40.41205695657695;-;0.0;871.0;15;1;0;0;0;0;240;7530G;95;5.9;10.0
53.7353659;86.8343483;1;point_60%;0;0;2445;32.641771861050394;1.2193571538283317;1.5764376487827054;-2.900492068591182;175.94113288377054;3.2974062972754377;0.0;0;0;0;0;Нет;-;0;0.0;0.0;2.2410654096372253;74.5929242969469;-;0.0;871.0;15;1;0;0;0;0;240;7530G;95;5.9;10.0
53.735891;86.8336446;1;point_60%;0;0;2479;32.97199334368169;1.3556075354236121;1.3864239368675264;-3.0332900173078343;177.1426514317811;0.0;0.0;0;0;0;0;Нет;-;0;0.0;0.0;1.8931565610502838;34.487696373612636;-;0.0;871.0;15;1;0;0;0;0;240;7530G;95;5.9;10.0
53.736184845035;86.83347867133777;1;point_60%;0;0;2490;33.07882970570947;1.606600758858097;1.2415690583167065;-3.0991153352090777;178.1535742177062;10.411857394841997;0.0;0;0;0;0;Нет;-;0;0.0;0.0;1.7914140161988987;10.673364029203157;-;0.0;871.0;15;1;0;0;0;0;240;7530G;95;5.9;10.0
53.7362784;86.8334432;1;point_60%;0;0;2532;33.4867503607246;1.7703032931979066;1.146716900301623;-3.108896115844461;178.89947844879453;0.0;0.0;0;0;0;0;Нет;-;0;33.4867503607246;33.4867503607246;1.7883741617321602;42.49129560462794;-;0.0;871.0;15;1;0;0;0;0;240;7530G;95;5.9;10.0
53.7366511;86.8333039;1;point_60%;0;0;2542;33.55515689689345;1.7302734499500723;1.0918196018955562;-3.0865102260129813;179.41152467474444;3.7460575072833247;0.0;0;0;0;0;Нет;-;0;0.0;0.0;1.8316901913273247;9.844442008213496;-;0.0;871.0;15;1;0;0;0;0;240;7530G;95;5.9;10.0
53.73673654004544;86.83326533561754;1;-;0;0;2554;33.63724474029607;1.531269149897713;1.0560302918331317;-3.0579098626712127;179.7688566332821;0.0;0.0;0;0;0;0;Нет;-;0;0.0;0.0;1.7289763220724765;11.719273532531965;-;0.0;871.0;-;0;0;0;0;0;240;7530G;95;5.9;10.0
53.7368405;86.8332373;1;-;0;0;2578;33.8014204271013;1.2559116104782273;1.0219343891931718;-3.027919177629915;180.15193349365012;0.0;0.0;0;0;0;0;Нет;-;0;0.0;0.0;1.7658230147469318;23.954053746028375;-;0.0;871.0;-;0;0;0;0;0;240;7530G;95;5.9;10.0
53.7370516;86.8331668;1;-;0;0;2608;34.006640035607845;1.040126805915181;0.9887875785856123;-2.9985326555697593;180.57454792588072;0.0;0.0;0;0;0;0;Нет;-;0;0.0;0.0;1.7051358995662902;30.431147032853943;-;0.0;871.0;-;0;0;0;0;0;240;7530G;95;5.9;10.0
53.7373225;86.8331049;1;-;0;0;2645;34.259744219432584;0.9430142395325818;0.9643196665192519;-2.9698063468214975;180.99717831176224;0.0;0.0;0;0;0;0;Нет;-;0;0.0;0.0;1.6297130663353228;36.342694659698196;-;0.0;871.0;-;0;0;0;0;0;240;7530G;95;5.9;10.0
53.7376484;86.8330724;1;-;0;0;2657;34.3418320628352;0.9505982838218153;0.9536955310894015;-2.9399337698040173;181.36735738804663;0.0;0.0;0;0;0;0;Нет;-;0;0.0;0.0;1.6431054520869086;12.018647866998913;-;0.0;871.0;-;0;0;0;0;0;240;7530G;95;5.9;10.0
53.73775608139528;86.83305921287514;1;-;0;0;2675;34.46496382793913;1.0122936994678726;0.9625228771585036;-2.905756647043253;181.81201633797687;0.0;0.0;0;0;0;0;Нет;-;0;0.0;0.0;1.5657355308818082;18.047497225482665;-;0.0;871.0;-;0;0;0;0;0;240;7530G;95;5.9;10.0
53.7379182;86.8330606;1;-;0;0;2730;34.841199776867796;1.057569607936661;0.9894714786908362;-2.871165072284284;182.3802283279159;0.0;0.0;0;0;0;0;Нет;-;0;0.0;0.0;1.5262043730268586;55.53778201760497;-;0.0;871.0;-;0;0;0;0;0;240;7530G;95;5.9;10.0
53.7384166;86.8330982;1;-;0;0;2766;35.08746330707565;1.0403250293335686;1.0323405007622997;-2.835983805372818;183.1605305178037;0.0;0.0;0;0;0;0;Нет;-;0;0.0;0.0;1.5812457664930744;35.63643550602323;-;0.0;871.0;-;0;0;0;0;0;240;7530G;95;5.9;10.0
53.73873670464912;86.83309254452071;1;-;0;0;2830;35.52526513855628;0.9832579463791095;1.0843902986140415;-2.8135952167291522;184.01374530554187;0.0;0.0;0;0;0;0;Нет;-;0;35.52526513855628;0.0;1.4876280313127048;64.16426684317989;-;0.0;871.0;-;0;0;0;0;0;240;7530G;95;5.9;10.0
53.7393111;86.8331735;1;-;0;0;2843;35.429010542433794;0.9285785841121676;1.1318921015597914;-2.812869801193891;184.80653223795326;0.0;0.0;0;0;0;0;Нет;-;0;0.0;35.52526513855628;1.3433293786062555;13.211537148573447;-;0.0;871.0;-;0;0;0;0;0;240;7530G;95;5.9;10.0
53.73942672215091;86.83321874985636;1;point_30%;0;0;2881;35.14765095376807;0.9397140241486154;1.150894591958139;-2.8222986850567353;185.4540616275512;4.707735398272608;0.0;0;0;0;0;Объезд справа;добавили новую яму;0;0.0;0.0;1.2429257232936664;37.20134017514767;-;0.0;871.0;16;0;0;1;0;0;240;7530G;95;5.9;10.0
53.7397431;86.8334007;1;point_30%;0;0;2934;34.75522836957641;1.0279268948125893;1.1213586357225664;-2.8095858568503975;186.1504208440382;6.334602637450583;0.0;0;0;0;0;Объезд справа;-;0;0.0;0.0;1.0908869251799596;53.5626378844766;-;0.0;871.0;16;0;0;0;0;0;240;7530G;95;5.9;10.0
53.7401699;86.8337763;1;-;0;0;2978;34.42944358270031;1.1338694969261727;1.0272969882096217;-2.7326954533996197;187.0125391677638;0.0;0.0;0;0;0;0;Нет;-;0;0.0;0.0;1.036692955856438;43.94787933461119;-;0.0;871.0;-;0;0;0;0;0;240;7530G;95;5.9;10.0
53.7405097;86.8341161;1;-;34;0;3036;34.0;1.1887102203437576;0.8653451576709015;-2.562503807773348;188.081067935587;0.0;0.0;0;0;0;0;Нет;-;0;34.0;0.0;1.0869410679200335;57.773378967094416;-;0.0;871.0;-;0;0;0;0;0;240;7530G;95;5.9;10.0
53.74096910308419;86.83452430304722;1;-;0;0;3079;34.22631578947368;1.138614278514365;0.6462447809858539;-2.3058389496417373;189.2228129919499;0.0;0.0;0;0;0;0;Нет;;0;0.0;0.0;1.0367012062313385;43.585130522802224;-;0.0;871.0;-;0;0;0;0;0;240;7530G;95;5.9;10.0
53.7413061;86.8348613;1;-;0;0;3124;34.463157894736845;1.0408900140142001;0.45406613152768516;-2.0694872894700573;190.11341164413233;0.0;0.0;0;0;0;0;Нет;-;0;0.0;0.0;1.0695815779883762;44.13656445660908;-;0.0;871.0;-;0;0;0;0;0;240;7530G;95;5.9;10.0
53.74165381128263;86.8351834099873;1;-;0;0;3132;34.50526315789474;0.9202341528785803;0.3021998994030667;-1.8780739553948183;190.6821272832277;0.0;0.0;0;0;0;0;Нет;;0;0.0;0.0;1.0366959479909297;8.081926372475216;-;0.0;871.0;-;0;0;0;0;0;240;7530G;95;5.9;10.0
53.7417163;86.8352459;1;-;0;0;3175;34.73157894736842;0.8015705343808124;0.19498914405637047;-1.7523458377088172;190.98772605134894;0.0;0.0;0;0;0;0;Нет;-;0;0.0;0.0;1.1029821082712048;43.812845181782365;-;0.0;871.0;-;0;0;0;0;0;240;7530G;95;5.9;10.0
53.7420675836492;86.83554598290813;1;point_30%;0;0;3190;34.810526315789474;0.7003601282356953;0.12302454951040125;-1.6862616733032594;191.1175781357088;0.0;0.0;0;0;0;0;скорость_35.0;добавили новую яму;0;0.0;0.0;1.036707146794389;14.810782250034217;-;0.0;871.0;17;0;0;0;0;0;240;7530G;95;5.9;10.0
53.7421821;86.8356605;1;-;0;0;3202;34.873684210526314;0.6224355793544702;0.08354773394473092;-1.6455969225394447;191.18766590108083;0.0;0.0;0;0;0;0;Нет;-;0;0.0;0.0;1.108279304849674;11.763400779521264;-;0.0;871.0;-;0;0;0;0;0;240;7530G;95;5.9;10.0
53.74227666803344;86.83574022437554;1;point_30%;0;0;3226;35.0;0.6341681499467473;0.031296283071153376;-1.613177036622318;191.26565779624002;0.0;0.0;0;0;0;0;скорость_35.0;;0;35.0;35.0;1.0621770065806795;23.94012354427904;-;0.0;871.0;18;0;0;0;0;0;240;7530G;95;5.9;10.0
53.7424645;86.8359173;1;-;0;0;3283;32.0;0.474836268449618;-0.05749537435933114;-1.629382863537186;191.20576007573067;0.0;0.0;0;0;0;0;Нет;-;0;0.0;0.0;1.0621149977176771;57.127361799585614;-;0.0;871.0;-;0;0;0;0;0;240;7530G;95;5.9;10.0
53.7429127;86.8363399;1;point_30%;0;0;3329;29.578947368421055;0.2413239428259132;-0.16607130499412864;-1.650113041557891;191.13221668809447;0.0;0.0;0;0;0;0;Объезд слева;-;0;0.0;0.0;1.0367217609797394;46.13285050931169;-;0.0;871.0;19;0;1;0;0;0;240;7530G;95;5.9;10.0
53.7432694;86.8366966;1;-;0;0;3343;28.842105263157894;-0.14460602625046817;-0.29733070974694487;-1.6639472607335897;191.05213701203908;0.0;0.0;0;0;0;0;Нет;добавили новую яму;0;0.0;0.0;1.0367298048679028;14.072221051265002;-;0.0;871.0;-;0;0;0;0;0;240;7530G;95;5.9;10.0
53.74337820728702;86.83680540545896;1;point_30%;0;0;3372;27.315789473684212;-0.548885722890274;-0.4108438101387213;-1.6698660996409207;190.98291415204514;7.919081680912683;0.0;0;0;0;0;скорость_25.0;;0;0.0;0.0;0.9856938525403631;28.441806405891363;-;0.0;871.0;20;0;0;0;0;0;240;7530G;95;5.9;10.0
53.7435912;86.837044;1;point_30%;0;0;3381;26.842105263157897;-0.7334924250924563;-0.4358426404344258;-1.656661099484496;190.9900212848697;0.0;0.0;0;0;0;0;скорость_26.0;добавили новую яму;0;0.0;0.0;1.203150824297042;8.757691161439602;-;0.0;871.0;20;0;0;0;0;0;240;7530G;95;5.9;10.0
53.74366461328381;86.83709181145575;1;-;0;0;3382;26.789473684210527;-0.921610477187092;-0.4704937011698852;-1.6647728740740415;190.9338222345276;0.0;0.0;0;0;0;0;Нет;;0;0.0;0.0;1.0366435127996556;1.2657957912197755;-;0.0;871.0;-;0;0;0;0;0;240;7530G;95;5.9;10.0
53.7436744;86.8371016;1;point_30%;25;0;3416;25.0;-1.2725003461989544;-0.5372256110044067;-1.6756551642525004;190.8413202712021;8.629622991231578;0.0;0;0;0;0;Объезд справа;добавили новую яму;0;25.0;0.0;1.1534832470459149;34.00410697140965;-;0.0;871.0;21;0;0;1;0;0;240;7530G;95;5.9;10.0
53.74395364463688;86.83731094275517;1;-;0;0;3426;25.854620008553912;-1.6001485242012268;-0.6113633889436463;-1.7062386296647691;190.69842942827663;0.0;0.0;0;0;0;0;Нет;;0;0.0;0.0;1.0743188236235448;10.40146193261726;-;0.0;871.0;-;0;0;0;0;0;240;7530G;95;5.9;10.0
53.7440358;86.8373862;1;point_30%;0;0;3466;29.273100042769556;-1.9189957037846415;-0.7206612060101147;-1.775747911519477;190.46263353721446;0.0;0.0;0;0;0;0;скорость_29.0;добавили новую яму;0;0.0;0.0;1.1838986988354823;39.57202267972156;-;0.0;871.0;22;0;0;0;0;0;240;7530G;95;5.9;10.0
53.744365;86.837613;1;point_30%;0;0;3516;33.54620008553911;-1.9781817220054971;-0.8324579797804681;-1.8912029423539436;190.1652362459348;2.1146594232705356;0.0;0;0;0;0;Объезд справа;добавили новую яму;0;33.54620008553911;0.0;1.3576900951568693;50.58206873615667;-;0.0;871.0;22;0;0;1;0;0;240;7530G;95;5.9;10.0
53.7448091;86.8377755;1;point_30%;0;0;3525;33.58178564710558;-1.6262812373223978;-0.913796228554313;-2.0382980796494032;189.86674154520458;1.927702108774572;0.0;0;0;0;0;Объезд справа;добавили новую яму;0;0.0;0.0;1.4901874843036695;9.114396188565086;-;0.0;871.0;22;0;0;0;0;0;240;7530G;95;5.9;10.0
53.74489070876925;86.83778664791933;1;-;0;0;3546;33.664818624094025;-1.3181044793523404;-1.0274039161036557;-2.207345573504912;189.45801845214118;0.0;0.0;0;0;0;0;Нет;-;0;0.0;33.54620008553911;1.4136882525726042;20.681209394296214;-;0.0;871.0;-;0;0;0;0;0;240;7530G;95;5.9;10.0
53.7450742;86.8378358;1;-;0;0;3550;33.68063442923468;-1.046023802889693;-1.1056309854523747;-2.327829311675735;189.13973988457093;0.0;0.0;0;0;0;0;Нет;-;0;0.0;0.0;1.5084820215058237;4.121752782461406;-;0.0;871.0;-;0;0;0;0;0;240;7530G;95;5.9;10.0
53.745111153844704;86.83783969892184;1;point_30%;0;0;3551;33.68458838051984;-0.8940886339319618;-1.1477091921403932;-2.392727744131089;188.95868887388508;0.0;0.0;0;0;0;0;скорость_32.0;добавили новую яму;0;0.0;0.0;1.4133195796968951;1.1747497561464648;-;0.0;871.0;23;0;0;0;0;0;240;7530G;95;5.9;10.0
53.745121576044;86.83784249739631;1;-;0;0;3554;33.696450234375334;-0.9558359805158686;-1.1809734010307136;-2.4097200446664067;188.81432062989327;0.0;0.0;0;0;0;0;Нет;;0;0.0;0.0;1.3849911589053923;2.7416861613406;-;0.0;871.0;-;0;0;0;0;0;240;7530G;95;5.9;10.0
53.74514590078601;86.83784901876571;1;-;0;0;3561;33.72412789337148;-1.030658887246111;-1.1922764418974916;-2.410699011807666;188.7609075897714;0.0;0.0;0;0;0;0;Нет;;0;0.0;0.0;1.4136007371937265;6.762576418921041;-;0.0;871.0;-;0;0;0;0;0;240;7530G;95;5.9;10.0
53.7452059;86.8378651;1;-;0;0;3564;33.73598974722697;-1.2360282514481797;-1.206445616071632;-2.3884974440935616;188.70773230987672;0.0;0.0;0;0;0;0;Нет;-;0;0.0;0.0;1.5616505615317615;3.466448099273325;-;0.0;871.0;-;0;0;0;0;0;240;7530G;95;5.9;10.0
53.74523703780351;86.83786558156613;1;-;0;0;3602;33.88623989606319;-1.5085121270656452;-1.2614018233559507;-2.3454293689823773;188.49211286603662;0.0;0.0;0;0;0;0;Нет;;0;0.0;0.0;1.4637362444467674;37.83906441553187;-;0.0;871.0;-;0;0;0;0;0;240;7530G;95;5.9;10.0
53.745575;86.837927;1;point_30%;0;0;3651;34.07998350903621;-1.7107135811221228;-1.3477387317323788;-2.3048442625683156;188.0038265436682;0.0;0.0;0;0;0;0;Объезд слева;-;0;0.0;0.0;1.5353861922750398;48.53314786392599;-;0.0;871.0;24;0;1;0;0;0;240;7530G;95;5.9;10.0
53.7460107;86.8379531;1;point_30%;0;0;3698;34.2658192194389;-1.7476594437941662;-1.4411965903023547;-2.2848783364840157;187.323465032913;2.5261570350544673;0.0;0;0;0;0;Объезд справа;добавили новую яму;0;0.0;0.0;1.513809267698563;47.38851233713571;-;0.0;871.0;24;0;0;1;0;0;240;7530G;95;5.9;10.0
53.7464357;86.8379941;1;point_30%;0;0;3728;34.384437757993815;-1.6344337589670563;-1.5417224320064506;-2.297830489382522;186.37071598027674;4.583559045165438;0.0;0;0;0;0;скорость_32.0;добавили новую яму;0;0.0;0.0;1.5310449621789524;29.365407438112936;-;0.0;871.0;24;0;0;0;0;0;240;7530G;95;5.9;10.0
53.74669928108645;86.83801182744068;1;point_30%;0;0;3739;34.42793122213061;-1.3814033622259445;-1.6033411651539393;-2.346996396901006;185.71732779459552;1.4370443917916427;0.0;0;0;0;0;Нет;;0;0.0;0.0;1.4909128226411112;11.1063695236353;-;0.0;871.0;24;1;0;0;0;0;240;7530G;95;5.9;10.0
53.74679873145037;86.83802529040227;1;point_30%;0;0;3744;34.44770097855643;-1.1741380137127777;-1.633124186981521;-2.38766778735879;185.01319790106473;6.815639945622278;0.0;0;0;0;0;Нет;-;0;0.0;0.0;1.4452008615898022;5.154707794950509;-;0.0;871.0;24;1;0;0;0;0;240;7530G;95;5.9;10.0
53.746844671463066;86.83803509905788;1;point_30%;0;0;3785;34.60981298124814;-1.0048139328884487;-1.6479511233504858;-2.390665609495301;184.18840469814745;0.0;0.0;0;0;0;0;Нет;;0;0.0;0.0;1.3804486038472317;41.43960743314175;-;0.0;871.0;24;1;0;0;0;0;240;7530G;95;5.9;10.0
53.7472102;86.8381542;1;point_30%;0;0;3838;34.81937239936182;-0.9877524085322185;-1.6555655486119054;-2.345588523880025;182.91068072897286;8.353781424272443;0.0;0;0;0;0;Нет;добавили новую яму;0;34.81937239936182;34.81937239936182;1.2321241527146611;52.30899216049755;-;0.0;871.0;24;1;0;0;0;0;240;7530G;95;5.9;10.0
53.7476534;86.8384182;1;point_30%;0;0;3873;34.83400657996908;-1.0250576516273306;-1.6572915794754106;-2.2859122661139075;181.69422879139523;14.01038278688282;0.0;0;0;0;0;Нет;-;0;0.0;0.0;1.2127753369162861;35.48469799751362;-;0.0;871.0;24;1;0;0;0;0;240;7530G;95;5.9;10.0
53.74795194709081;86.83860709350557;1;point_30%;0;0;3890;34.841114610549745;-1.1729820654331335;-1.6609593715415962;-2.2170679265995927;180.46176435283772;0.0;0.0;0;0;0;0;Нет;;0;0.0;0.0;1.1481447415231363;17.31476639151986;-;0.0;871.0;24;1;0;0;0;0;240;7530G;95;5.9;10.0
53.7480937989114;86.83871498272246;1;point_30%;0;0;3943;34.8632749411836;-1.5820915184527675;-1.6601141578881498;-2.140380311129606;179.50011109044905;15.658761612587885;0.0;0;0;0;0;Нет;-;0;0.0;0.0;0.9439762463586905;52.28066616279602;-;0.0;871.0;24;1;0;0;0;0;240;7530G;95;5.9;10.0
53.74847415574909;86.83918084052647;1;point_30%;0;0;3977;34.87749100234494;-2.002605156091999;-1.6599841784933012;-2.08118877519106;178.65806307035365;0.0;0.0;0;0;0;0;Нет;добавили новую яму;0;0.0;0.0;0.8540392446179731;34.08487373397884;-;0.0;871.0;24;1;0;0;0;0;240;7530G;95;5.9;10.0
53.748705;86.839521;1;point_30%;0;0;3986;34.881254077358236;-2.310716131086916;-1.6578742805539832;-2.048803396724315;178.18500399757755;12.406053870879756;0.0;0;0;0;0;Нет;-;0;0.0;0.0;0.9289398061757151;9.047733263447665;-;0.0;871.0;24;1;0;0;0;0;240;7530G;95;5.9;10.0
53.748770100718616;86.83960328692757;1;-;0;0;3988;34.88209031625008;-2.638431422060375;-1.655744063637161;-2.0159888086825277;177.63657613452813;0.0;0.0;0;0;0;0;Нет;;0;0.0;0.0;0.8612005211374315;2.7292762048352035;-;0.0;871.0;-;0;0;0;0;0;240;7530G;95;5.9;10.0
53.7487887;86.8396303;1;-;0;0;4031;34.90006945242471;-2.829646493652007;-1.6580261020981812;-1.9882221240707108;177.19043410578126;0.0;0.0;0;0;0;0;Нет;добавили новую яму;0;0.0;0.0;0.898948481022658;42.2288707972628;-;0.0;871.0;-;0;0;0;0;0;240;7530G;95;5.9;10.0
53.7490856;86.8400296;1;point_30%;0;0;4072;34.9172123497075;-2.9002458738520818;-1.674550986991485;-1.909680466177345;176.41195278736268;11.57298730642752;0.0;0;0;0;0;Нет;добавили новую яму;0;0.0;0.0;0.966551867951732;41.33985374065969;-;0.0;871.0;25;1;0;0;0;0;240;7530G;95;5.9;10.0
53.7493912;86.8403864;1;point_30%;0;0;4117;34.93602772477398;-2.7804744900750067;-1.7228197986392142;-1.7196310918931133;175.00747155692758;9.377578212122108;0.0;0;0;0;0;Нет;добавили новую яму;0;0.0;0.0;0.9723753586771663;45.068856774188006;-;0.0;871.0;25;1;0;0;0;0;240;7530G;95;5.9;10.0
53.7497257;86.8407721;1;point_30%;0;0;4142;34.94648071092202;-2.5391227109420536;-1.7752135830602631;-1.5229305817504906;173.6885372032855;0.0;0.0;0;0;0;0;Нет;-;0;0.0;0.0;1.0367950986452272;24.612629333574766;-;0.0;871.0;25;1;0;0;0;0;240;7530G;95;5.9;10.0
53.74991601366198;86.84096241178054;1;point_30%;0;0;4152;34.95066190538124;-2.077916315233196;-1.8323322597175782;-1.3351956595395142;172.76272786233812;5.568251342660387;0.0;0;0;0;0;Нет;;0;0.0;0.0;1.0367813842824165;10.61603283872215;-;0.0;871.0;25;1;0;0;0;0;240;7530G;95;5.9;10.0
53.7499981;86.8410445;1;-;0;0;4192;34.96738668321811;-1.598254369222193;-1.8994181358902273;-1.1302022545460184;171.87568240619422;0.0;0.0;0;0;0;0;Нет;добавили новую яму;0;0.0;0.0;0.9999213154328549;39.34621504714095;-;0.0;871.0;-;0;0;0;0;0;240;7530G;95;5.9;10.0
53.7502955;86.8413675;1;point_30%;0;0;4230;34.98327522216313;-1.249588129002939;-1.9628296561262626;-0.9459915333854477;171.12637146975368;11.524530140080186;0.0;0;0;0;0;Нет;добавили новую яму;0;0.0;0.0;1.0742080959334637;38.782147725583414;-;0.0;871.0;26;1;0;0;0;0;240;7530G;95;5.9;10.0
53.7506018;86.8416482;1;point_30%;0;0;4270;35.0;-1.141523020799085;-2.007043617742198;-0.8013779130693317;170.07744878938507;2.8777551441542566;0.0;0;0;0;0;скорость_34.0;добавили новую яму;0;35.0;0.0;1.0739880111692512;39.014708685010085;-;0.0;871.0;26;0;0;0;0;0;240;7530G;95;5.9;10.0
53.7509099;86.8419307;1;point_30%;0;0;4308;35.76305220883534;-1.163169775474306;-2.033578219334431;-0.6914805694364055;168.69876356053322;6.607666692239141;0.0;0;0;0;0;скорость_33.0;добавили новую яму;0;0.0;35.0;1.0741519712905507;38.84663675999446;-;0.0;871.0;26;0;0;0;0;0;240;7530G;95;5.9;10.0
53.7512167;86.8422119;1;point_30%;0;0;4346;36.52610441767068;-1.4345634109773606;-2.00832023126006;-0.7127354998654775;167.45245272017314;8.266563437647646;0.0;0;0;0;0;Объезд справа;добавили новую яму;0;0.0;0.0;1.0753346433195512;37.65763226786942;-;0.0;871.0;26;0;0;1;0;0;240;7530G;95;5.9;10.0
53.7515143;86.8424839;1;point_30%;0;0;4396;37.53012048192771;-1.7066087233510068;-1.9417104123512576;-0.8151077850178305;166.3072830110932;3.8958086155291713;0.0;0;0;0;0;скорость_33.0;добавили новую яму;0;0.0;0.0;1.0368118083921154;49.8161757603527;-;0.0;871.0;26;0;0;0;0;0;240;7530G;95;5.9;10.0
53.7518995;86.8428691;1;point_30%;0;0;4436;38.333333333333336;-1.8462329984457566;-1.8512540055878277;-0.9301423827517649;165.17416238653905;7.67071062990719;0.0;0;0;0;0;скорость_34.0;добавили новую яму;0;0.0;0.0;1.146011499770632;39.9283933979028;-;0.0;871.0;26;0;0;0;0;0;240;7530G;95;5.9;10.0
53.7522263;86.8431191;1;point_30%;0;0;4476;39.136546184738954;-1.8606721400411335;-1.6602115665924957;-1.0957921220138696;163.97682310799826;9.446908394373072;0.0;0;0;0;0;скорость_34.0;добавили новую яму;0;0.0;0.0;1.2159816272104333;40.695900771740206;-;0.0;871.0;26;0;0;0;0;0;240;7530G;95;5.9;10.0
53.7525691;86.8433339;1;point_30%;0;0;4519;40.0;-1.860006352161904;-1.3899940643473148;-1.2923443176064446;162.6000316551362;10.742624754756049;0.0;0;0;0;0;скорость_35.0;добавили новую яму;0;40.0;0.0;1.1399177422137783;42.28161607636908;-;0.0;871.0;26;0;0;0;0;0;240;7530G;95;5.9;10.0
53.7529142;86.8436022;1;point_30%;0;40;4542;39.836879432624116;-1.8514008261477506;-1.1398800250475518;-1.4567561222439944;161.47922916009392;5.17390893177021;0.0;0;0;0;0;скорость_35.0;добавили новую яму;0;0.0;0.0;1.1079770021350643;23.722152697438013;-;0.0;871.0;26;0;0;0;0;0;240;7530G;95;5.9;10.0
53.753104877721555;86.84376311164671;1;point_30%;0;0;4550;39.780141843971634;-1.8766554344502104;-0.9416087361551531;-1.5850428278475683;160.7169851004008;3.8423284216952407;0.0;0;0;0;0;Объезд справа;;0;0.0;0.0;1.0061594544296533;7.698604805619379;-;0.0;871.0;26;0;0;1;0;0;240;7530G;95;5.9;10.0
53.7531633;86.8438257;1;point_30%;0;0;4584;39.53900709219858;-1.8124777481554657;-0.7993083662619807;-1.6914151737897813;160.28973185947805;4.56427078319337;0.0;0;0;0;0;скорость_36.0;добавили новую яму;0;0.0;0.0;1.0012306517512677;33.61485852093366;-;0.0;871.0;26;0;0;0;0;0;240;7530G;95;5.9;10.0
53.75341759278678;86.84410110790536;1;point_30%;0;0;4613;39.333333333333336;-1.745101908283761;-0.7522342669230888;-1.7420757448382451;160.22096615097803;2.0324188647194394;0.0;0;0;0;0;Объезд справа;-;0;0.0;0.0;0.984112911645712;28.98045692142677;-;0.0;871.0;26;0;0;0;0;0;240;7530G;95;5.9;10.0
53.75363439172235;86.84434485923147;1;point_30%;0;0;4620;39.283687943262414;-1.5916753133460368;-0.6771669759401161;-1.8209445094607541;160.01761735395087;4.983811839500836;0.0;0;0;0;0;скорость_38.0;;0;0.0;0.0;0.9035587782714971;7.5596718561527885;-;0.0;871.0;26;0;0;0;0;0;240;7530G;95;5.9;10.0
53.753687736174605;86.84441593322582;1;-;0;0;4660;39.0;-1.1934320638769917;-0.5292404570459958;-1.938907561014827;159.73470925200408;0.0;0.0;0;0;0;0;Нет;;0;39.0;0.0;0.8391108758438518;40.09166552987152;-;0.0;871.0;-;0;0;0;0;0;240;7530G;95;5.9;10.0
53.7539557;86.8448229;1;point_30%;0;0;4705;38.84901015613167;-0.7996594888704402;-0.41361790146895716;-2.025201898195678;159.5542778804911;3.90945117795264;0.0;0;0;0;0;Объезд справа;-;0;0.0;39.0;0.8738267007555246;44.68598642294228;-;0.0;871.0;27;0;0;1;0;0;240;7530G;95;5.9;10.0
53.7542635;86.8452587;1;point_30%;0;0;4713;38.82216751722174;-0.3267703687761092;-0.27575408337646296;-2.111022601560209;159.38599745021693;2.9881145519166465;0.0;0;0;0;0;скорость_38.0;-;0;0.0;0.0;0.9684355678529256;7.940426261690075;-;0.0;871.0;27;0;0;0;0;0;240;7530G;95;5.9;10.0
53.754322274980666;86.84532705390868;1;-;0;0;4736;38.74499493035571;0.27920118989724174;-0.08509468254235109;-2.201221025886879;159.2284215572434;0.0;0.0;0;0;0;0;Нет;;0;0.0;0.0;0.8715430158400808;23.145834765963325;-;0.0;871.0;-;0;0;0;0;0;240;7530G;95;5.9;10.0
53.7544814;86.8455534;1;-;0;0;4746;38.7114416317183;0.7237321951552589;0.04775175170359662;-2.2429890097388236;159.18313103343826;0.0;0.0;0;0;0;0;Нет;добавили новую яму;0;0.0;0.0;0.9971896386177304;10.06783206520285;-;0.0;871.0;-;0;0;0;0;0;240;7530G;95;5.9;10.0
53.75455736442671;86.84563640827065;1;-;0;0;4752;38.69130965253586;1.0589009410669403;0.1563461413360439;-2.2659410471545782;159.12926049114944;0.0;0.0;0;0;0;0;Нет;;0;0.0;0.0;0.8582765280399756;5.919096691216857;-;0.0;871.0;-;0;0;0;0;0;240;7530G;95;5.9;10.0
53.7545976;86.8456952;1;-;0;0;4766;38.64433503444349;1.3283225098404565;0.30234204411013826;-2.2917960678311635;159.11517944183498;0.0;0.0;0;0;0;0;Нет;убрали яму т.к не подтвердилась;0;0.0;0.0;0.9963723322327173;13.688453174179918;-;0.0;871.0;-;0;0;0;0;0;240;7530G;95;5.9;10.0
53.75470082837433;86.84580820305155;1;-;0;0;4782;38.59064975662364;1.2667848071320629;0.44552841784385144;-2.3099841406322277;159.21906167355178;0.0;0.0;0;0;0;0;Нет;-;0;0.0;0.0;0.8932311765349744;16.39907988207814;-;0.0;871.0;-;0;0;0;0;0;240;7530G;95;5.9;10.0
53.7548156;86.8459644;1;-;0;0;4821;38.459791891937755;1.0669120481780263;0.667752400632021;-2.3631053926528702;159.4253370967279;0.0;0.0;0;0;0;0;Нет;-;0;0.0;0.0;0.9247119252442957;38.88495596263217;-;0.0;871.0;-;0;0;0;0;0;240;7530G;95;5.9;10.0
53.7550945;86.8463201;1;-;0;0;4864;38.315512707796906;0.8555960486808313;0.9790139793818003;-2.4460760980398546;159.77365935598553;0.0;0.0;0;0;0;0;Нет;-;0;0.0;0.0;0.9010061280919603;43.33482697562489;-;0.0;871.0;-;0;0;0;0;0;240;7530G;95;5.9;10.0
53.75539967359059;86.84672885787184;1;-;0;0;4872;38.28867006888698;0.7115767484240301;1.2875949956489634;-2.53322262202878;160.24193174245175;0.0;0.0;0;0;0;0;Нет;-;0;0.0;0.0;0.8411234186463614;7.112816257480219;-;0.0;871.0;-;0;0;0;0;0;240;7530G;95;5.9;10.0
53.7554473;86.8468009;1;-;0;0;4918;38.13432489515491;0.8151578868347064;1.5416495400490442;-2.591293118979883;160.73132593141816;0.0;0.0;0;0;0;0;Нет;-;0;0.0;0.0;0.9420913365536631;45.98543505754688;-;0.0;871.0;-;0;0;0;0;0;240;7530G;95;5.9;10.0
53.7557814;86.8472118;1;-;0;0;4951;38.02359900965147;1.1756658513963616;1.7399274947015075;-2.6183086641107725;161.2858551419955;0.0;0.0;0;0;0;0;Нет;-;0;0.0;0.0;0.9353399522780038;33.92835962380387;-;0.0;871.0;-;0;0;0;0;0;240;7530G;95;5.9;10.0
53.75602668560541;86.8475177744723;1;-;0;0;4967;37.96991373183162;1.6769076279490336;1.8756592182365688;-2.629837686200692;161.937204719802;0.0;0.0;0;0;0;0;Нет;-;0;0.0;0.0;0.8794339423316204;15.073678661374258;-;0.0;871.0;-;0;0;0;0;0;240;7530G;95;5.9;10.0
53.756131;86.8476638;1;-;0;0;5021;37.78872591918962;2.1434537193093544;1.9818077990595018;-2.6602655670852524;162.7758801286281;0.0;0.0;0;0;0;0;Нет;-;0;37.78872591918962;37.78872591918962;0.8204253537448465;54.029657154983795;-;0.0;871.0;-;0;0;0;0;0;240;7530G;95;5.9;10.0
53.756486;86.8482236;1;-;0;0;5065;37.42025933460731;2.4793065787738433;2.0831346704699687;-2.737016737501753;163.88625758456297;0.0;0.0;0;0;0;0;Нет;-;0;0.0;0.0;0.8050125643803139;44.183417324867946;-;0.0;871.0;-;0;0;0;0;0;240;7530G;95;5.9;10.0
53.7567721;86.8486889;1;-;0;0;5106;37.07691547170106;2.684315563444817;2.19064099928468;-2.857292832807484;165.28178833217163;0.0;0.0;0;0;0;0;Нет;-;0;0.0;0.0;0.8217598331052356;40.768303830399724;-;0.0;871.0;-;0;0;0;0;0;240;7530G;95;5.9;10.0
53.7570403;86.8491107;1;point_30%;0;0;5144;36.758694330470874;2.809371105052368;2.291927289563061;-2.9863837879996784;166.88240815259124;8.63032892723059;0.0;0;0;0;0;Объезд справа;-;0;0.0;0.0;0.8084755725232304;38.434275902299945;-;0.0;871.0;28;0;0;1;0;0;240;7530G;95;5.9;10.0
53.75729;86.849514;1;-;0;0;5183;36.432098948682004;2.8855087679519564;2.3930598659528526;-3.0911241515244527;168.60650233618523;0.0;0.0;0;0;0;0;Нет;-;0;0.0;0.0;0.7747550870426534;39.17912354975498;-;0.0;871.0;-;0;0;0;0;0;240;7530G;95;5.9;10.0
53.7575362;86.8499394;1;-;0;0;5217;36.14737476968658;2.90715556978197;2.4826198692961654;-3.1496516914086428;170.35164732084934;0.0;0.0;0;0;0;0;Нет;-;0;0.0;0.0;0.8661001604681765;33.714428970654076;-;0.0;871.0;-;0;0;0;0;0;240;7530G;95;5.9;10.0
53.75776691835378;86.8502712525287;1;-;0;0;5247;35.89614755292591;2.8019645821591785;2.5805678717655827;-3.1785617118250773;172.2325135800616;0.0;0.0;0;0;0;0;Нет;-;0;0.0;0.0;0.7945123747512541;30.51407732290207;-;0.0;871.0;-;0;0;0;0;0;240;7530G;95;5.9;10.0
53.7579625;86.8505961;1;-;0;0;5285;35.57792641169573;2.6587961521875396;2.6519557353686096;-3.186031366935677;173.68710858910634;0.0;0.0;0;0;0;0;Нет;-;0;0.0;0.0;0.7271426297233984;37.49865495011493;-;0.0;871.0;-;0;0;0;0;0;240;7530G;95;5.9;10.0
53.75818641642809;86.85102176905613;1;-;0;0;5286;35.56955217113703;2.4664839257720645;2.743538854713326;-3.20841815063572;175.04259182722313;0.0;0.0;0;0;0;0;Нет;;0;0.0;0.0;0.6794628979229718;1.1065480200808364;-;0.0;871.0;-;0;0;0;0;0;240;7530G;95;5.9;10.0
53.75819266255429;86.85103484855127;1;-;0;0;5321;35.27645375158292;2.3167154370027045;2.8126478240229567;-3.233439375923126;175.92637278576257;0.0;0.0;0;0;0;0;Нет;;0;35.27645375158292;35.27645375158292;0.6293104632322101;35.46774843421235;-;0.0;871.0;-;0;0;0;0;0;240;7530G;95;5.9;10.0
53.758380189735455;86.85147053200221;1;-;0;0;5328;34.4303490877134;2.1826163194808714;2.9084982379226427;-3.2716903817005374;176.7931989771184;0.0;0.0;0;0;0;0;Нет;;0;0.0;0.0;0.5215137870178757;6.716877680793351;-;0.0;871.0;-;0;0;0;0;0;240;7530G;95;5.9;10.0
53.75841024954696;86.85155902583979;1;point_30%;0;0;5365;29.95808157868879;2.086634878048251;2.985232754009866;-3.3047880728344614;177.41720870959415;6.155881721333761;0.0;0;0;0;0;Объезд справа;;0;0.0;0.0;0.3413353103170045;37.21567065159788;-;0.0;871.0;29;0;0;1;0;0;240;7530G;95;5.9;10.0
53.75852215665191;86.85209188636478;1;-;0;0;5368;29.595465294173284;1.9570692796774862;3.091731509238981;-3.3436374895446033;178.28316570475295;0.0;0.0;0;0;0;0;Нет;;0;0.0;0.0;0.13483608021685822;2.2515018185407683;-;0.0;871.0;-;0;0;0;0;0;240;7530G;95;5.9;10.0
53.758524875483616;86.8521257869338;1;-;0;0;5405;25.123197785148676;1.891722534865508;3.208084872406075;-3.367690369129992;179.13351751940002;0.0;0.0;0;0;0;0;Нет;;0;0.0;0.0;-0.019171902884567604;37.0137809485577;-;0.0;871.0;-;0;0;0;0;0;240;7530G;95;5.9;10.0
53.7585185;86.8526881;1;-;0;0;5436;21.376162845155086;1.8980834696197046;3.3725838001298345;-3.3823047930864627;180.40325111687287;0.0;0.0;0;0;0;0;Нет;убрали яму т.к не подтвердилась;0;0.0;0.0;-0.3242327967718204;31.67306643285444;-;0.0;871.0;-;0;0;0;0;0;240;7530G;95;5.9;10.0
53.7584278565442;86.85314428830237;1;-;0;0;5451;19.563081422577543;2.10458023706554;3.521817644647027;-3.3669672068639995;181.63148951248806;0.0;0.0;0;0;0;0;Нет;убрали яму т.к не подтвердилась;0;0.0;0.0;-0.5514565754917586;14.361613562653766;-;0.0;871.0;-;0;0;0;0;0;240;7530G;95;5.9;10.0
53.75836026419056;86.85333016055014;1;-;0;0;5466;17.75;2.5099582156561553;3.678878529470451;-3.352733657111412;183.11755188251618;0.0;0.0;0;0;0;0;Нет;убрали яму т.к не подтвердилась;0;17.75;0.0;-0.6559272285556395;15.690645313636093;-;0.0;871.0;-;0;0;0;0;0;240;7530G;95;5.9;10.0
53.7582743;86.8535191;1;-;0;0;5491;17.75;3.1095790287643186;3.762605973842328;-3.3549657925315644;184.38192363875413;0.0;0.0;0;0;0;0;Нет;убрали яму т.к не подтвердилась;0;0.0;0.0;-0.6590764810673937;24.849629970040766;-;0.0;871.0;-;0;0;0;0;0;240;7530G;95;5.9;10.0
53.7581376;86.8538176;1;point_30%;0;0;5513;17.75;3.742599391399585;3.792780700449817;-3.401602649936903;185.67707186320317;15.946135522741464;17.75;1;0;0;0;Нет;-;0;0.0;0.0;-0.546681996150038;21.756451509735317;[53.75884703212825, 86.85474136476716];99.66479229106751;871.0;30;1;0;0;0;0;240;7530G;95;5.9;10.0
53.758036;86.8541;1;point_30%;0;0;5531;17.75;4.247040679424938;3.772213961434825;-3.506791120184007;187.1244688934482;2.1402875051096584;17.75;1;0;0;0;Нет;-;0;17.75;0.0;-0.348363819800817;17.707741367338045;-;0.0;871.0;30;1;0;0;0;0;240;7530G;95;5.9;10.0
53.7579817;86.8543529;1;point_90%;0;0;5531;17.75;4.479340253555458;3.701349112618798;-3.6875091855220274;188.82984914107504;648.1121876224829;17.75;1;0;0;0;Нет;-;0;17.75;17.75;0.009101532787880284;0.0;-;0.0;871.0;30;1;0;0;0;0;240;7530G;95;5.9;10.0
