len;Скорость;Широта;Долгота;Высота;X Rotation;Y Rotation;Вес мгновенный;Уровень топлива, литры;Уровень топлива, проценты;путь;ДВС.Расход топлива;Ускорение по оси X;Ускорение по оси Y;Ускорение по оси Z;Статус самосвала;Самосвал;Модель самосвала;Грузоподъемность;Обороты двигателя;Расчетный выходной крутящий момент двигателя (в процентах от эталонного);Текущая нагрузка двигателя;Педаль процент нажатия;Давление в левой передней шине;Температура в левой передней шине;Давление в правой передней шине;Температура в правой передней шине;Давление в левой задней внешней шине;Температура в левой задней внешней шине;Давление в левой задней внутренней шине;Температура в левой задней внутренней шине;Давление в правой задней внутренней шине;Температура в правой задней внутренней шине;Давление в правой задней внешней шине;Температура в правой задней внешней шине;folder;border_lists;время рейса;Расход топлива_средний;Расход топлива;Давление левый передний цилиндр;Давление правый передний цилиндр;Давление левый задний цилиндр;Давление правый задний цилиндр;Поперечный наклон;Продольный наклон;azimut;Давление левый передний цилиндр_;Давление правый передний цилиндр_;Давление левый задний цилиндр_;Давление правый задний цилиндр_;point;уровень давления впереди,МПа;уровень давления сзади,МПа;nom_hole;рекомендованная скорость_turns;Поворот влево;Поворот вправо;centr;radius;подъем;спуск;incline;рекомендованная скорость_min;рекомендованная скорость_max;new_slope;incline_;indicator_slope;mean_slope;shtraf;isin_border
0.0;23.90909090909091;60.65808483333333;59.72908983333333;462.7;79.0545774419845;6.17170166503689;107.0;;47.2;0.0;;-0.099609375;0.9544677734375;0.1380615234375;Груженный движется вперед;32;75131;130;;;;;736.0;31.0;736.0;29.0;744.0;43.0;736.0;42.0;780.0;36.0;740.0;40.0;/home/pi/adviser/route3;['/home/pi/adviser/route3', '/home/pi/adviser/route1', '/home/pi/adviser/route4', '/home/pi/adviser/route2', '/home/pi/adviser/route9'];125;0.0;;10.1;9.7;7.3;5.8;7.116141065262029;-3.906905710258191;0.817303970756979;8.8;8.8;7.2;7.2;-;8.8;7.2;0;0;0;0;-;0;0;0;down;0;23.90909090909091;-3.906905710258191;down;0;0.01;0.0;1
7.0;21.672727272727276;60.65812966666667;59.72917566666667;464.8;81.71321040090413;3.319773218757855;105.0;;47.2;6.8433906592813;;-0.062255859375;1.0791015625;0.12744140625;Груженный движется вперед;32;75131;130;;;;;736.0;31.0;736.0;29.0;744.0;43.0;736.0;42.0;780.0;36.0;740.0;40.0;/home/pi/adviser/route3;['/home/pi/adviser/route3', '/home/pi/adviser/route1', '/home/pi/adviser/route4', '/home/pi/adviser/route2'];125;;;9.8;8.9;8.6;6.2;7.142669897930115;-3.6892513309216044;0.728309869600809;8.8;8.8;7.2;7.2;-;8.8;7.2;0;0;0;0;-;0;0;0;down;0;0.0;-3.6892513309216044;down;0;0.01;0.0;1
13.0;19.436363636363637;60.658169;59.72926566666667;469.6;82.80493914110886;0.2873383904550668;108.0;;46.8;6.578400463372177;;-0.0072021484375;0.9705810546875;0.110595703125;Груженный движется вперед;32;75131;130;;;;;736.0;31.0;736.0;29.0;744.0;43.0;736.0;42.0;780.0;36.0;740.0;40.0;/home/pi/adviser/route3;['/home/pi/adviser/route3', '/home/pi/adviser/route1', '/home/pi/adviser/route4', '/home/pi/adviser/route2'];125;;;9.8;8.4;8.7;6.7;7.1691987305982;-3.4715969515850174;0.6130998010948477;8.8;8.8;7.2;7.2;-;8.8;7.2;0;0;0;0;-;0;0;0;down;0;0.0;-3.4715969515850174;down;0;0.01;0.0;1
18.0;17.200000000000003;60.65819416666667;59.72933866666666;469.7;81.94268472780688;5.083731038440272;111.0;;46.8;4.868897521769403;;-0.09326171875;1.054443359375;0.1033935546875;Груженный движется вперед;32;75131;130;;;;;736.0;31.0;736.0;29.0;744.0;43.0;736.0;42.0;780.0;36.0;740.0;40.0;/home/pi/adviser/route3;['/home/pi/adviser/route3', '/home/pi/adviser/route1', '/home/pi/adviser/route4', '/home/pi/adviser/route2'];125;;;11.2;9.8;7.0;6.7;7.195727563266287;-3.2539425722484308;0.4232554294956907;8.8;8.8;7.2;7.2;-;8.8;7.2;0;0;0;0;-;0;0;0;down;0;0.0;-3.2539425722484308;down;0;0.01;0.0;1
22.0;14.963636363636367;60.658208;59.729401333333335;468.5;79.96681094624032;6.66162753546122;110.0;;46.8;3.7492863675649932;;-0.1201171875;1.0264892578125;0.1275634765625;Груженный движется вперед;32;75131;130;;;;;736.0;31.0;736.0;29.0;744.0;43.0;736.0;42.0;780.0;36.0;740.0;40.0;/home/pi/adviser/route3;['/home/pi/adviser/route3', '/home/pi/adviser/route1', '/home/pi/adviser/route4', '/home/pi/adviser/route2'];125;;;11.2;10.0;9.1;6.4;7.222256395934372;-3.0362881929118437;0.5456254700280836;8.8;8.8;7.2;7.2;-;8.8;7.2;0;0;0;0;-;0;0;0;down;0;0.0;-3.0362881929118437;down;0;0.01;0.0;1
25.0;12.727272727272725;60.658221833333336;59.72944783333333;467.5;86.19348474984909;1.8046806912935531;113.0;;46.8;2.967411409804478;;-0.0357666015625;1.1136474609375;0.0533447265625;Груженный движется вперед;32;75131;130;;;;;736.0;31.0;736.0;29.0;744.0;43.0;736.0;42.0;780.0;36.0;740.0;40.0;/home/pi/adviser/route3;['/home/pi/adviser/route3', '/home/pi/adviser/route1', '/home/pi/adviser/route4', '/home/pi/adviser/route2'];125;;;9.6;10.1;9.1;6.8;7.248785228602458;-2.818633813575257;0.7654347349924039;8.8;8.8;7.2;7.2;-;8.8;7.2;0;0;0;0;-;0;0;0;down;0;0.0;-2.818633813575257;down;0;0.01;0.0;1
28.0;10.727272727272727;60.65824066666666;59.72948783333333;466.0;76.15722173735821;5.1356723338320105;115.0;;46.8;3.025981951337203;;-0.0919189453125;1.00537109375;0.2266845703125;Груженный движется вперед;32;75131;130;;;;;736.0;31.0;736.0;29.0;744.0;43.0;736.0;42.0;780.0;36.0;740.0;40.0;/home/pi/adviser/route1;['/home/pi/adviser/route1', '/home/pi/adviser/route3', '/home/pi/adviser/route4', '/home/pi/adviser/route2'];125;;;9.6;10.4;7.4;6.8;7.275314061270543;-2.6009794342386705;0.8244953743501287;8.8;8.8;7.2;7.2;-;8.8;7.2;0;0;0;0;-;0;0;0;down;0;0.0;-2.6009794342386705;down;0;0.01;0.0;1
30.0;8.818181818181817;60.658251;59.72950733333333;463.3;80.27257979010699;2.7704518877395024;111.0;;46.8;1.5667567182328959;;-0.0518798828125;1.0628662109375;0.172607421875;Груженный движется вперед;32;75131;130;;;;;736.0;31.0;736.0;29.0;744.0;43.0;736.0;42.0;780.0;36.0;740.0;40.0;/home/pi/adviser/route3;['/home/pi/adviser/route3', '/home/pi/adviser/route1', '/home/pi/adviser/route4', '/home/pi/adviser/route2'];125;;;9.8;9.2;7.7;6.1;7.3018428939386295;-2.3833250549020835;0.995296386874433;8.8;8.8;7.2;7.2;-;8.8;7.2;0;0;0;0;-;0;0;0;down;0;0.0;-2.3833250549020835;down;0;0.01;0.0;1
31.0;6.909090909090908;60.65826283333333;59.729523;462.8;84.03621789194429;1.0009343119868737;110.0;;46.4;1.5702362050440095;;-0.01904296875;1.0400390625;0.1026611328125;Груженный движется вперед;32;75131;130;;;;;736.0;31.0;736.0;29.0;744.0;43.0;736.0;42.0;780.0;36.0;740.0;40.0;/home/pi/adviser/route3;['/home/pi/adviser/route3', '/home/pi/adviser/route1', '/home/pi/adviser/route4', '/home/pi/adviser/route2'];125;;;9.7;8.9;7.7;6.7;7.328371726606715;-2.1656706755654964;1.1852373598839891;8.8;8.8;7.2;7.2;-;8.8;7.2;0;0;0;0;-;0;0;0;down;0;0.0;-2.1656706755654964;down;0;0.01;0.0;1
33.0;5.181818181818182;60.65827933333333;59.72953666666667;465.6;83.54173010406137;1.9022677150476472;110.0;;46.4;1.9823287784973924;;-0.0347900390625;1.0379638671875;0.111083984375;Груженный движется вперед;32;75131;130;;;;;736.0;31.0;736.0;29.0;744.0;43.0;736.0;42.0;780.0;36.0;740.0;40.0;/home/pi/adviser/route3;['/home/pi/adviser/route3', '/home/pi/adviser/route1', '/home/pi/adviser/route4', '/home/pi/adviser/route2'];125;;;9.7;9.1;7.7;6.1;7.3549005592748005;-1.9480162962289098;1.2848436780787538;8.8;8.8;7.2;7.2;-;8.8;7.2;0;0;0;0;-;0;0;0;down;0;0.0;-1.9480162962289098;down;0;0.01;0.0;1
34.0;3.7272727272727266;60.6582885;59.72954216666667;466.6;79.8058384039332;1.495918618321296;109.0;;46.4;1.063636653635644;;-0.027099609375;1.0224609375;0.181884765625;Груженный движется вперед;32;75131;130;;;;;736.0;31.0;736.0;29.0;744.0;43.0;736.0;42.0;780.0;36.0;740.0;40.0;/home/pi/adviser/route1;['/home/pi/adviser/route1', '/home/pi/adviser/route3', '/home/pi/adviser/route4', '/home/pi/adviser/route2'];125;;;9.1;9.1;7.8;5.8;7.381429391942886;-1.7303619168923232;1.7001628047199357;8.8;8.8;7.2;7.2;-;8.8;7.2;0;0;0;0;-;0;0;0;down;0;0.0;-1.7303619168923232;down;0;0.01;0.0;1
35.0;2.545454545454545;60.65829791666667;59.72953966666667;467.45;82.69531384273503;-0.4298708134378268;108.0;;46.4;0.8732014859393212;;0.00762939453125;1.02197265625;0.12786865234375;Груженный стоит;32;75131;130;;;;;736.0;31.0;736.0;29.0;744.0;43.0;736.0;42.0;780.0;36.0;740.0;40.0;/home/pi/adviser/route1;['/home/pi/adviser/route1', '/home/pi/adviser/route3', '/home/pi/adviser/route4', '/home/pi/adviser/route2', '/home/pi/adviser/route9'];125;;;9.1;8.9;7.8;6.0;7.407958224610972;-1.5127075375557362;-2.720793202779615;8.8;8.8;7.2;7.2;-;8.8;7.2;0;0;0;0;-;0;0;0;flat;0;0.0;1.6;down;1;0.01;0.0;1
36.0;1.636363636363636;60.65829583333333;59.72953016666666;466.8;82.21569084211441;0.4915883882454664;108.0;;46.4;0.59092960525819;;-0.00927734375;1.047119140625;0.1409912109375;Груженный стоит;32;75131;130;;;;;736.0;31.0;736.0;29.0;744.0;43.0;736.0;42.0;780.0;36.0;740.0;40.0;/home/pi/adviser/route9;['/home/pi/adviser/route9'];125;;;8.4;8.3;7.7;6.0;7.434487057279058;-1.2950531582191496;2.902579355950037;8.8;8.8;7.2;7.2;-;8.8;7.2;0;0;0;0;-;0;0;0;flat;0;0.0;1.6;flat;1;0.01;0.0;0
37.0;0.9999999999999997;60.65829716666666;59.729519;466.9;82.17223404084638;0.0238630481714062;108.0;;46.4;0.6269577955027335;;0.0003662109375;1.03466796875;0.1387939453125;Груженный стоит;32;75131;130;;;;;736.0;31.0;736.0;29.0;744.0;43.0;736.0;42.0;780.0;36.0;740.0;40.0;/home/pi/adviser/route3;['/home/pi/adviser/route3', '/home/pi/adviser/route1', '/home/pi/adviser/route4', '/home/pi/adviser/route2', '/home/pi/adviser/route9'];125;;;8.4;8.1;7.8;6.0;7.461015889947143;-1.0773987788825625;-2.5799576658119383;8.8;8.8;7.2;7.2;-;8.8;7.2;0;0;0;0;-;0;0;0;flat;0;0.0;1.6;flat;1;0.01;0.0;1
38.0;0.5454545454545453;60.658291;59.729499;466.0;82.04887920104156;0.4417406777522639;108.0;;46.4;1.073585927315728;;-0.0078125;1.01507568359375;0.14111328125;Груженный стоит;32;75131;130;;;;;736.0;31.0;736.0;29.0;744.0;43.0;736.0;42.0;780.0;36.0;740.0;40.0;/home/pi/adviser/route9;['/home/pi/adviser/route9'];125;;;8.5;8.3;7.8;5.8;7.487544722615229;-0.8597443995459759;-2.295123761157241;8.8;8.8;7.2;7.2;-;8.8;7.2;0;0;0;0;-;0;0;0;flat;0;0.0;1.6;flat;1;0.01;0.0;0
39.0;0.18181818181818177;60.658285;59.72948816666667;463.3;82.59425136127209;-0.0441266370207465;108.0;;46.4;0.6954433827233217;;0.0009765625;1.0379638671875;0.1339111328125;Груженный стоит;32;75131;130;;;;;736.0;31.0;736.0;29.0;744.0;43.0;736.0;42.0;780.0;36.0;740.0;40.0;/home/pi/adviser/route9;['/home/pi/adviser/route9'];125;;;8.5;8.3;7.7;5.8;7.514073555283314;-0.6420900202093889;-2.501928901662362;8.8;8.8;7.2;7.2;-;8.8;7.2;0;0;0;0;-;0;0;0;flat;0;0.0;1.6;flat;1;0.01;0.0;0
40.0;0.0;60.65828208333333;59.72948016666667;462.1;81.64223659303218;-1.0677216230013433;108.0;;46.4;0.6672772938660261;;0.019287109375;1.0224609375;0.14892578125;Груженный стоит;32;75131;130;;;;;736.0;31.0;736.0;29.0;744.0;43.0;736.0;42.0;780.0;36.0;740.0;40.0;/home/pi/adviser/route9;['/home/pi/adviser/route9'];125;;;8.5;8.3;7.7;5.8;7.540602387951399;-0.424435640872802;-2.3372656210661655;8.8;8.8;7.2;7.2;-;8.8;7.2;0;0;0;0;-;0;0;0;flat;0;0.0;1.6;flat;1;0.01;0.0;0
41.0;0.0;60.65827733333333;59.72947083333333;459.9;82.50673947488434;-0.5773620780010056;108.0;;46.4;0.6950751378401495;;0.010498046875;1.0302734375;0.1353759765625;Груженный стоит;32;75131;130;;;;;736.0;31.0;736.0;29.0;744.0;43.0;736.0;42.0;780.0;36.0;740.0;40.0;/home/pi/adviser/route9;['/home/pi/adviser/route9'];125;;;8.5;8.3;7.7;5.8;7.702533622096467;-0.22220632285374226;-2.0078826705640083;8.8;8.8;7.2;7.2;-;8.8;7.2;0;0;0;0;-;0;0;0;flat;0;0.0;1.6;flat;1;0.01;0.0;0
42.0;0.0;60.65827016666667;59.729464;458.3;82.40359225074602;-0.4489552090144152;108.0;;46.4;0.5198178726508254;;0.008056640625;1.0218505859375;0.1361083984375;Груженный стоит;32;75131;130;;;;;736.0;31.0;736.0;29.0;744.0;43.0;736.0;42.0;780.0;36.0;740.0;40.0;/home/pi/adviser/route3;['/home/pi/adviser/route3', '/home/pi/adviser/route1', '/home/pi/adviser/route4', '/home/pi/adviser/route2', '/home/pi/adviser/route9'];125;;;8.5;8.3;7.7;5.8;7.792146909694821;-0.12784357439471122;-2.4165036299377034;8.8;8.8;7.2;7.2;-;8.8;7.2;0;0;0;0;-;0;0;0;flat;0;0.0;1.6;flat;1;0.01;0.0;1
43.0;0.0;60.65826466666667;59.72945133333333;456.1;82.46572042302077;-0.3164553408786825;108.0;;46.4;0.6695636984556754;;0.0057373046875;1.0269775390625;0.1358642578125;Груженный стоит;32;75131;130;;;;;736.0;31.0;736.0;29.0;744.0;43.0;736.0;42.0;780.0;36.0;740.0;40.0;/home/pi/adviser/route3;['/home/pi/adviser/route3', '/home/pi/adviser/route1', '/home/pi/adviser/route4', '/home/pi/adviser/route2', '/home/pi/adviser/route9'];125;;;8.5;8.3;7.7;5.8;7.786064385098106;-0.12512490564033996;-2.2640965388247882;8.8;8.8;7.2;7.2;-;8.8;7.2;0;0;0;0;-;0;0;0;flat;0;0.0;1.6;flat;1;0.01;0.0;1
44.0;0.1;60.65825891666666;59.72944158333333;455.1;82.20386763219261;-0.3934987306377624;108.0;;46.4;0.6085255413709643;;0.00714111328125;1.02984619140625;0.1407470703125;Груженный стоит;32;75131;130;;;;;736.0;31.0;736.0;29.0;744.0;43.0;736.0;42.0;780.0;36.0;740.0;40.0;/home/pi/adviser/route9;['/home/pi/adviser/route9'];125;;;8.5;8.3;7.7;5.8;8.019043322555131;0.037185140063977655;-2.474598637619815;8.8;8.8;7.2;7.2;-;8.8;7.2;0;0;0;0;-;0;0;0;flat;0;0.0;1.6;flat;1;0.01;0.0;0
46.0;0.5454545454545453;60.65826066666666;59.72943966666666;455.6;82.32511519989362;-0.3232814706417072;107.0;;46.4;0.8431543390853837;;0.005859375;1.0272216796875;0.1383056640625;Груженный стоит;32;75131;130;;;;;736.0;31.0;736.0;29.0;744.0;43.0;736.0;42.0;780.0;36.0;740.0;40.0;/home/pi/adviser/route3;['/home/pi/adviser/route3', '/home/pi/adviser/route1', '/home/pi/adviser/route4', '/home/pi/adviser/route2'];125;;;8.5;8.3;7.7;5.8;8.30905306183138;0.284106427674221;-1.045877378280081;8.8;8.8;7.2;7.2;-;8.8;7.2;0;0;0;0;-;0;0;0;flat;0;0.0;1.6;flat;1;0.01;0.0;1
47.0;1.0909090909090906;60.65825516666666;59.72944616666667;454.6;82.29728527619525;-0.4142641080417244;107.0;;46.4;0.5155243265769521;;0.007568359375;1.0396728515625;0.140380859375;Груженный стоит;32;75131;130;;;;;736.0;31.0;736.0;29.0;744.0;43.0;736.0;42.0;780.0;36.0;740.0;40.0;/home/pi/adviser/route3;['/home/pi/adviser/route3', '/home/pi/adviser/route1', '/home/pi/adviser/route4', '/home/pi/adviser/route2', '/home/pi/adviser/route9'];125;;;8.5;8.3;7.7;5.8;8.002457925569754;0.4897380538408655;1.0965244626032202;8.8;8.8;7.2;7.2;-;8.8;7.2;0;0;0;0;-;0;0;0;flat;0;0.0;1.6;flat;1;0.01;0.0;1
48.0;1.727272727272727;60.65826216666666;59.729453500000005;455.5;82.41754523393641;-0.3532888980355607;107.0;;46.4;0.7322167056274886;;0.00640869140625;1.02984619140625;0.13690185546875;Груженный стоит;32;75131;130;;;;;736.0;31.0;736.0;29.0;744.0;43.0;736.0;42.0;780.0322580645161;36.00806451612903;740.0;40.0;/home/pi/adviser/route3;['/home/pi/adviser/route3', '/home/pi/adviser/route1', '/home/pi/adviser/route4', '/home/pi/adviser/route2'];125;;;8.5;8.3;7.7;5.8;7.8972508958721175;0.5691929706106071;0.9548526092014925;8.8;8.8;7.2;7.2;-;8.8;7.2;0;0;0;0;-;0;0;0;flat;0;0.0;1.6;flat;1;0.01;0.0;1
50.0;3.2727272727272725;60.65827566666667;59.729471833333335;456.2;78.81976064054477;-4.482289023975871;107.0;;46.4;0.8563667412691678;;0.082763671875;1.03955078125;0.18798828125;Груженный стоит;32;75131;130;;;;;736.0;31.0;736.0;29.0;744.0;43.0;736.0;42.0;780.494623655914;36.123655913978496;740.0;40.0;/home/pi/adviser/route3;['/home/pi/adviser/route3', '/home/pi/adviser/route1', '/home/pi/adviser/route4', '/home/pi/adviser/route2'];125;;;8.0;7.9;7.8;5.7;7.8297882797797085;0.8074032308001907;0.8340980957402253;8.8;8.8;7.2;7.2;-;8.8;7.2;0;0;0;0;-;0;0;0;flat;0;0.0;1.6;flat;1;0.01;0.0;1
51.0;4.181818181818181;60.6582835;59.72948633333333;456.5;81.50106340235928;-3.7038366886390417;107.0;;46.4;1.1773029247281523;;0.0677490234375;1.0369873046875;0.1387939453125;Груженный стоит;32;75131;130;;;;;736.0;31.0;736.0;29.0;744.0;43.0;736.0;42.0;780.5806451612902;36.14516129032258;740.0;40.0;/home/pi/adviser/route3;['/home/pi/adviser/route3', '/home/pi/adviser/route1', '/home/pi/adviser/route4', '/home/pi/adviser/route2'];125;;;7.2;7.3;7.8;5.7;8.03413158887566;0.7689906860786802;0.47744850546250217;8.8;8.8;7.2;7.2;-;8.8;7.2;0;0;0;0;-;0;0;0;flat;0;0.0;1.6;flat;1;0.01;0.0;1
53.0;5.09090909090909;60.6582895;59.72951;456.2;80.44177599691415;-3.269866306534653;107.0;;46.4;1.4535525401846148;;0.058837890625;1.0216064453125;0.1611328125;Груженный стоит;32;75131;130;;;;;736.0;31.0;736.0;29.0;744.0;43.0;736.0;42.0;780.6666666666667;36.16666666666667;740.0;40.0;/home/pi/adviser/route3;['/home/pi/adviser/route3', '/home/pi/adviser/route1', '/home/pi/adviser/route4', '/home/pi/adviser/route2'];125;;;7.3;7.5;7.7;5.7;8.159272599820733;0.8081764470746808;0.6765167772070627;8.8;8.8;7.2;7.2;-;8.8;7.2;0;0;0;0;-;0;0;0;flat;0;0.0;1.6;flat;1;0.01;0.0;1
55.0;5.999999999999999;60.6583015;59.7295405;456.1;80.65915497823042;-1.345119539310168;106.0;;46.4;2.1336814506220168;;0.025390625;1.064453125;0.173583984375;Груженный движется вперед;32;75131;130;;;;;736.0;31.0;736.0;29.0;744.0;43.0;736.0;42.0;780.752688172043;36.18817204301075;740.0;40.0;/home/pi/adviser/route1;['/home/pi/adviser/route1', '/home/pi/adviser/route3', '/home/pi/adviser/route4', '/home/pi/adviser/route2'];125;;;7.9;7.5;7.4;5.8;8.112266669932536;0.790158024548766;0.7316695607562178;8.8;8.8;7.2;7.2;-;8.8;7.2;0;0;0;0;-;0;0;0;flat;0;0.0;1.6;flat;1;0.01;0.0;1
57.0;6.999999999999998;60.658316166666665;59.72957383333333;456.2;84.75419080567337;-1.10021388177574;106.0;;46.4;2.4437698621925072;;0.0198974609375;1.0130615234375;0.0872802734375;Груженный движется вперед;32;75131;130;;;;;736.0;31.0;736.0;29.0;744.0;43.0;736.0;42.0;780.8387096774194;36.20967741935484;740.0;40.0;/home/pi/adviser/route3;['/home/pi/adviser/route3', '/home/pi/adviser/route1', '/home/pi/adviser/route4', '/home/pi/adviser/route2'];125;;;7.9;8.3;8.3;5.8;8.176023756518308;0.72042231870621;0.8213642496546834;8.8;8.8;7.2;7.2;-;8.8;7.2;0;0;0;0;-;0;0;0;flat;0;0.0;1.6;flat;1;0.01;0.0;1
60.0;7.999999999999998;60.65833266666667;59.729605166666666;456.0;80.66757133177354;-1.0803097632783896;106.0;;46.4;2.5090338105181944;;0.019287109375;1.01611328125;0.165283203125;Груженный движется вперед;32;75131;130;;;;;736.0;31.0;736.0;29.0;744.0;43.0;736.0;42.0;780.9247311827958;36.23118279569893;740.0;40.0;/home/pi/adviser/route3;['/home/pi/adviser/route3', '/home/pi/adviser/route1', '/home/pi/adviser/route4', '/home/pi/adviser/route2'];125;;;7.7;8.3;8.6;5.2;8.115915231612753;0.8031485220596748;0.8438456586969405;8.8;8.8;7.2;7.2;-;8.8;7.2;0;0;0;0;-;0;0;0;flat;0;0.0;1.6;flat;1;0.01;0.0;1
63.0;8.818181818181817;60.6583525;59.72964116666667;456.3;82.77335501900362;-1.852625945269132;107.0;;46.4;2.954846582243939;;0.0333251953125;0.98095703125;0.10888671875;Груженный движется вперед;32;75131;130;;;;;736.0;31.0;736.0;29.0;744.0;43.0;736.0;42.0;781.010752688172;36.25268817204301;740.0;40.0;/home/pi/adviser/route1;['/home/pi/adviser/route1', '/home/pi/adviser/route3', '/home/pi/adviser/route4', '/home/pi/adviser/route2'];125;;;7.7;7.9;8.6;5.7;8.15739912128092;0.8204557804033124;0.8138187512837226;8.8;8.8;7.2;7.2;-;8.8;7.2;0;0;0;0;-;0;0;0;flat;0;0.0;1.6;flat;1;0.01;0.0;1
65.0;9.454545454545453;60.658371;59.729676833333336;456.4;76.1166415874543;-0.5018658295920839;108.0;;46.4;2.833132119484874;;0.010009765625;1.0294189453125;0.25439453125;Груженный движется вперед;32;75131;130;;;;;736.0;31.0;736.0;29.0;744.0;43.0;736.0;42.0;781.0967741935484;36.274193548387096;740.0;40.0;/home/pi/adviser/route3;['/home/pi/adviser/route3', '/home/pi/adviser/route1', '/home/pi/adviser/route4', '/home/pi/adviser/route2'];125;;;8.9;8.3;8.0;5.8;8.325199653221851;0.8152839952304859;0.7931523500080444;8.8;8.8;7.2;7.2;-;8.8;7.2;0;0;0;0;-;0;0;0;flat;0;0.0;1.6;flat;1;0.01;0.0;1
68.0;9.999999999999996;60.65838883333333;59.72971266666666;456.3;80.07060883540458;0.2058025196098286;108.0;;46.4;2.7860222795363976;;-0.0032958984375;1.0247802734375;0.1767578125;Груженный движется вперед;32;75131;130;;;;;736.0;31.0;736.0;29.0;744.0;43.0;736.0;42.0;781.1827956989248;36.295698924731184;740.0;40.0;/home/pi/adviser/route3;['/home/pi/adviser/route3', '/home/pi/adviser/route1', '/home/pi/adviser/route4', '/home/pi/adviser/route2'];125;;;9.2;8.3;7.8;5.8;8.325800798412521;0.8614146431034413;0.8375597283830144;8.8;8.8;7.2;7.2;-;8.8;7.2;0;0;0;0;-;0;0;0;flat;0;0.0;1.6;flat;1;0.01;0.0;1
72.0;10.545454545454543;60.6584115;59.72975433333333;456.4;83.54985788661747;0.1976223215608123;106.0;;46.4;3.396021666684899;;-0.00390625;1.0123291015625;0.1116943359375;Груженный движется вперед;32;75131;130;;;;;736.0;31.0;736.0;29.0;744.0;43.0;736.0;42.0;781.2688172043011;36.317204301075265;740.0;40.0;/home/pi/adviser/route1;['/home/pi/adviser/route1', '/home/pi/adviser/route4', '/home/pi/adviser/route3', '/home/pi/adviser/route2'];125;;;9.2;7.8;7.8;5.8;8.255977361068913;0.9056539618386895;0.7474671315149628;8.8;8.8;7.2;7.2;-;8.8;7.2;0;0;0;0;-;0;0;0;flat;0;0.0;1.6;flat;1;0.01;0.0;1
75.0;10.999999999999998;60.6584305;59.72979616666667;456.3;76.41652724381615;-0.2725004698022122;105.0;;46.4;3.1114427992203804;;0.005126953125;1.0242919921875;0.2484130859375;Груженный движется вперед;32;75131;130;;;;;736.0;31.0;736.0;29.0;744.0;43.0;736.0;42.0;781.3548387096774;36.33870967741936;740.0;40.0;/home/pi/adviser/route3;['/home/pi/adviser/route3', '/home/pi/adviser/route4', '/home/pi/adviser/route1', '/home/pi/adviser/route2'];125;;;9.0;7.5;7.7;6.9;8.399917988780384;0.9472086650781504;0.7296368478922505;8.8;8.8;7.2;7.2;-;8.8;7.2;0;0;0;0;-;0;0;0;flat;0;0.0;1.6;flat;1;0.01;0.0;1
78.0;11.363636363636363;60.65845;59.72984066666667;456.3;80.82564333245442;1.180164375218641;106.0;;46.4;3.2564821074878036;;-0.020263671875;0.977783203125;0.1556396484375;Груженный движется вперед;32;75131;130;;;;;736.0;31.0;736.0;29.0;744.0;43.0;736.0;42.0;781.4408602150538;36.36021505376344;740.0;40.0;/home/pi/adviser/route3;['/home/pi/adviser/route3', '/home/pi/adviser/route1', '/home/pi/adviser/route4', '/home/pi/adviser/route2'];125;;;9.1;7.5;7.7;6.9;8.40789744280652;1.0172759558940474;0.7911557666867665;8.8;8.8;7.2;7.2;-;8.8;7.2;0;0;0;0;-;0;0;0;flat;0;0.0;1.6;flat;1;0.01;0.0;1
81.0;11.727272727272727;60.65846916666667;59.729879333333336;455.8;79.30196606616406;-0.8622586396018992;104.0;;46.4;3.0002270714568113;;0.0164794921875;1.065673828125;0.1990966796875;Груженный движется вперед;32;75131;130;;;;;736.0;31.0;736.0;29.0;744.0;43.0;736.0;42.0;781.5268817204301;36.38172043010753;740.0;40.0;/home/pi/adviser/route4;['/home/pi/adviser/route4', '/home/pi/adviser/route3', '/home/pi/adviser/route1', '/home/pi/adviser/route2'];125;;;9.1;7.4;6.0;6.9;8.391208873525327;0.8381047483728749;0.75976696561736;8.8;8.8;7.2;7.2;-;8.8;7.2;0;0;0;0;-;0;0;0;flat;0;0.0;1.6;flat;1;0.01;0.0;1
84.0;12.090909090909088;60.65848716666667;59.729918;455.3;87.05949985585644;-1.650171329667265;103.0;;46.4;2.909296650042001;;0.0286865234375;1.0230712890625;0.0408935546875;Груженный движется вперед;32;75131;130;;;;;736.0;31.0;736.0;29.0;744.0;43.0;736.0;42.0;781.6129032258065;36.403225806451616;740.0;40.0;/home/pi/adviser/route3;['/home/pi/adviser/route3', '/home/pi/adviser/route4', '/home/pi/adviser/route1', '/home/pi/adviser/route2'];125;;;8.3;7.4;7.0;6.8;8.178696115926439;0.9294548956804529;0.8732560168679286;8.8;8.8;7.2;7.2;-;8.8;7.2;0;0;0;0;-;0;0;0;flat;0;0.0;1.6;flat;1;0.01;0.0;1
87.0;12.363636363636363;60.65851133333334;59.72995933333333;455.1;84.28753053361746;0.1484396343380294;106.0;;46.4;3.510153280523056;;-0.0025634765625;1.037841796875;0.1029052734375;Груженный движется вперед;32;75131;130;;;;;736.0;31.0;736.0;29.0;744.0;43.0;736.0;42.0;781.6989247311828;36.424731182795696;740.0;40.0;/home/pi/adviser/route3;['/home/pi/adviser/route3', '/home/pi/adviser/route4', '/home/pi/adviser/route1', '/home/pi/adviser/route2'];125;;;8.0;7.8;7.5;6.6;8.341532067021928;0.8776276295580747;0.9295071350455751;8.8;8.8;7.2;7.2;-;8.8;7.2;0;0;0;0;-;0;0;0;flat;0;0.0;1.6;flat;1;0.01;0.0;1
91.0;12.545454545454543;60.65853966666667;59.7300025;455.6;85.6336442802359;0.3847232804423239;107.0;;46.4;3.9361128918931256;;-0.009765625;1.0911865234375;0.0721435546875;Груженный движется вперед;32;75131;130;;;;;736.0;31.0;736.0;29.0;744.0;43.0;736.0;42.0;781.7849462365591;36.446236559139784;740.0;40.0;/home/pi/adviser/route3;['/home/pi/adviser/route3', '/home/pi/adviser/route1', '/home/pi/adviser/route4', '/home/pi/adviser/route2'];125;;;8.3;8.4;7.5;6.8;8.336459920280422;0.9000683410748371;0.8341025167148817;8.8;8.8;7.2;7.2;-;8.8;7.2;0;0;0;0;-;0;0;0;flat;0;0.0;1.6;flat;1;0.01;0.0;1
95.0;12.636363636363633;60.65856316666667;59.730046;455.5;82.08941468911924;-5.342459839664068;104.0;;46.4;3.5318953194256064;;0.0946044921875;1.010498046875;0.10107421875;Груженный движется вперед;32;75131;130;;;;;736.0;31.0;736.0;29.0;744.0;43.0;736.0;42.0;781.8709677419355;36.46774193548387;740.0;40.0;/home/pi/adviser/route3;['/home/pi/adviser/route3', '/home/pi/adviser/route4', '/home/pi/adviser/route1', '/home/pi/adviser/route2'];125;;;9.1;8.7;7.9;6.8;8.562874276125436;0.8600461406731744;0.7552149233182371;8.8;8.8;7.2;7.2;-;8.8;7.2;0;0;0;0;-;0;0;0;flat;0;0.0;1.6;flat;1;0.01;0.0;1
99.0;12.727272727272727;60.658587;59.730097666666666;455.6;72.3726419356455;2.763532594131144;107.0;;46.4;3.870711557654177;;-0.0518798828125;1.0084228515625;0.316650390625;Груженный движется вперед;32;75131;130;;;;;736.0;31.0;736.0;29.0;744.0;43.0;736.0;42.0;781.9569892473119;36.48924731182795;740.0;40.0;/home/pi/adviser/route3;['/home/pi/adviser/route3', '/home/pi/adviser/route4', '/home/pi/adviser/route1', '/home/pi/adviser/route2'];125;;;9.7;8.7;8.7;5.3;8.625093267219594;0.6337876724745961;0.48124638172901424;8.8;8.8;7.2;7.2;-;8.8;7.2;0;0;0;0;-;0;0;0;flat;0;0.0;1.6;flat;1;0.01;0.0;1
102.0;12.818181818181817;60.6586015;59.73015433333333;455.5;78.46523730630143;-1.723000926305843;107.0;;46.4;3.4871804991516564;;0.0291748046875;0.9716796875;0.1964111328125;Груженный движется вперед;32;75131;130;;;;;736.0;31.0;736.0;29.0;744.0;43.0;736.0;42.0;782.0430107526881;36.51075268817205;740.0;40.0;/home/pi/adviser/route3;['/home/pi/adviser/route3', '/home/pi/adviser/route4', '/home/pi/adviser/route1', '/home/pi/adviser/route2'];125;;;9.7;9.0;9.0;4.9;8.674417979405009;0.5599961797274059;0.4559870644490729;8.8;8.8;7.2;7.2;-;8.8;7.2;0;0;0;0;-;0;0;0;flat;0;0.0;1.6;flat;1;0.01;0.0;1
106.0;12.909090909090907;60.658616;59.73021466666667;455.9;83.47570949310075;1.086196331600647;106.0;;46.4;3.665643403979071;;-0.018310546875;1.0296630859375;0.1097412109375;Груженный движется вперед;32;75131;130;;;;;736.0;31.0;736.0;29.0;744.0;43.0;736.0;42.0;782.1290322580645;36.53225806451613;740.0;40.0;/home/pi/adviser/route3;['/home/pi/adviser/route3', '/home/pi/adviser/route4', '/home/pi/adviser/route1', '/home/pi/adviser/route2'];125;;;9.1;9.0;9.0;4.9;8.601497452200972;0.47613826357573424;0.1934636425837961;8.8;8.8;7.2;7.2;-;8.8;7.2;0;0;0;0;-;0;0;0;flat;0;0.0;1.6;flat;1;0.01;0.0;1
109.0;12.909090909090907;60.658622;59.73027716666667;455.6;79.97223542718349;2.3251413409757618;105.0;;46.4;3.4741137882281743;;-0.041259765625;0.99951171875;0.1729736328125;Груженный движется вперед;32;75131;130;;;;;736.0;31.0;736.0;29.0;744.0;43.0;736.0;42.0;782.2150537634409;36.553763440860216;740.0;40.0;/home/pi/adviser/route3;['/home/pi/adviser/route3', '/home/pi/adviser/route4', '/home/pi/adviser/route1', '/home/pi/adviser/route2'];125;;;9.4;8.0;9.0;4.7;8.68150882246289;0.47169473090906566;0.13286530101665162;8.8;8.8;7.2;7.2;-;8.8;7.2;0;0;0;0;-;0;0;0;flat;0;0.0;1.6;flat;1;0.01;0.0;1
113.0;12.909090909090907;60.65862633333333;59.73034333333333;456.1;83.13111196269945;-2.288224032912076;105.0;;46.4;3.641407272134919;;0.0426025390625;1.058349609375;0.109130859375;Груженный движется вперед;32;75131;130;;;;;736.0;31.0;736.0;29.0;744.0;43.0;736.0;42.0;782.3010752688172;36.575268817204304;740.0;40.0;/home/pi/adviser/route4;['/home/pi/adviser/route4', '/home/pi/adviser/route3', '/home/pi/adviser/route1', '/home/pi/adviser/route2'];125;;;9.4;8.0;8.4;7.3;8.94878657998595;0.4176484615752941;0.09128440992093534;8.8;8.8;7.2;7.2;-;8.8;7.2;0;0;0;0;-;0;0;0;flat;0;0.0;1.6;flat;1;0.01;0.0;1
116.0;12.909090909090907;60.65862916666666;59.7304065;456.1;81.06548329580497;-0.6152661623607841;103.0;;46.4;3.4600726678442997;;0.0115966796875;1.05029296875;0.161865234375;Груженный движется вперед;32;75131;130;;;;;736.0;31.0;736.0;29.0;744.0;43.0;736.0;42.0;782.3870967741935;36.596774193548384;740.0;40.0;/home/pi/adviser/route1;['/home/pi/adviser/route1', '/home/pi/adviser/route4', '/home/pi/adviser/route3', '/home/pi/adviser/route2'];125;;;9.7;8.0;6.7;7.3;9.029683739737537;0.3244786173459446;0.03335212189593961;8.8;8.8;7.2;7.2;-;8.8;7.2;0;0;0;0;-;0;0;0;flat;0;0.0;1.6;flat;1;0.01;0.0;1
120.0;12.909090909090907;60.65863016666667;59.73046766666667;455.2;75.56680535562872;-0.8970527122980759;103.0;;46.4;3.338425428185787;;0.01318359375;1.106689453125;0.279052734375;Груженный движется вперед;32;75131;130;;;;;736.0;31.0;736.0;29.0;744.0;43.0;736.0;42.0;782.4731182795699;36.61827956989247;740.0;40.0;/home/pi/adviser/route1;['/home/pi/adviser/route1', '/home/pi/adviser/route4', '/home/pi/adviser/route3', '/home/pi/adviser/route2'];125;;;9.7;8.0;7.8;6.1;9.248979937521517;0.25709582822246135;0.14325508120969044;8.8;8.8;7.2;7.2;-;8.8;7.2;0;0;0;0;-;0;0;0;flat;0;0.0;1.6;flat;1;0.01;0.0;1
123.0;12.90909090909091;60.65863466666666;59.73053133333333;455.2;81.47940153623884;-2.099673457808527;100.0;;46.4;3.5088835193561474;;0.03125;1.0858154296875;0.14306640625;Груженный движется вперед;32;75131;130;;;;;736.0;31.0;736.0;29.0;744.0;43.0;736.0;42.0;782.5591397849462;36.63978494623656;740.0;40.0;/home/pi/adviser/route4;['/home/pi/adviser/route4', '/home/pi/adviser/route1', '/home/pi/adviser/route3', '/home/pi/adviser/route2'];125;;;6.8;7.7;7.8;5.2;9.152866171987744;0.2877122944997564;0.005385036957352707;8.8;8.8;7.2;7.2;-;8.8;7.2;0;0;0;0;-;0;0;0;flat;0;0.0;1.6;flat;1;0.01;0.0;1
127.0;12.999999999999996;60.65863483333333;59.7305945;454.9;84.4484645685017;-1.9088527272776064;101.0;;46.4;3.445715907742352;;0.0380859375;1.1329345703125;0.1038818359375;Груженный движется вперед;32;75131;130;;;;;736.0;31.0;736.0;29.0;744.0;43.0;736.0;42.0;782.6451612903226;36.66129032258064;740.0;40.0;/home/pi/adviser/route4;['/home/pi/adviser/route4', '/home/pi/adviser/route1', '/home/pi/adviser/route3', '/home/pi/adviser/route2'];125;;;8.7;7.7;10.2;4.7;9.327234759218697;0.2898658334226289;-0.07388222415130818;8.8;8.8;10.44;7.2;point_30%;8.8;7.2;1;0;0;0;-;0;0;0;flat;0;0.0;1.6;flat;1;0.01;0.0;1
130.0;13.09090909090909;60.6586325;59.73065883333334;454.4;77.30197325961132;-1.6877605477809023;110.0;;46.4;3.5189062225872507;;0.030517578125;1.015625;0.225341796875;Груженный движется вперед;32;75131;130;;;;;736.0;31.0;736.0;29.0;744.0;43.0;736.0;42.0;782.7311827956989;36.682795698924735;740.0;40.0;/home/pi/adviser/route1;['/home/pi/adviser/route1', '/home/pi/adviser/route4', '/home/pi/adviser/route3', '/home/pi/adviser/route2'];125;;;10.2;7.5;10.2;9.4;9.299904604897456;0.24566827675468564;-0.07695427077829486;8.8;8.8;10.44;10.44;point_30%;8.8;7.2;1;0;0;0;-;0;0;0;flat;0;0.0;1.6;flat;1;0.01;0.0;1
134.0;13.27272727272727;60.65863;59.730725;454.1;81.34058472170531;-2.705719327562355;112.0;;46.4;3.620026429254116;;0.0540771484375;1.056884765625;0.1495361328125;Груженный движется вперед;32;75131;130;;;;;736.0;31.0;736.0;29.0;744.0;43.0;736.0;42.0;782.8172043010752;36.704301075268816;740.0;40.0;/home/pi/adviser/route4;['/home/pi/adviser/route4', '/home/pi/adviser/route1', '/home/pi/adviser/route3', '/home/pi/adviser/route2'];125;;;10.3;7.5;7.5;9.4;9.124140648351396;0.2760374139886036;-0.034998333512826774;8.8;8.8;7.2;10.44;point_30%;8.8;7.2;1;0;0;0;-;0;0;0;flat;0;0.0;1.6;flat;1;0.01;0.0;1
138.0;13.45454545454545;60.65862883333333;59.730793;454.1;80.72744900796408;5.367049276424;112.0;;46.4;3.711592079217109;;-0.0994873046875;1.007080078125;0.124267578125;Груженный движется вперед;32;75131;130;;;;;736.0;31.0;736.0;29.0;744.0;43.0;736.0;42.0;782.9032258064516;36.725806451612904;740.0;40.0;/home/pi/adviser/route4;['/home/pi/adviser/route4', '/home/pi/adviser/route1', '/home/pi/adviser/route3', '/home/pi/adviser/route2'];125;;;10.3;7.9;7.5;9.5;9.062801285086524;0.4016426483415144;0.004735467974967156;8.8;8.8;7.2;10.44;point_30%;8.8;7.2;1;0;0;0;-;0;0;0;flat;0;0.0;1.6;flat;1;0.01;0.0;1
142.0;13.636363636363631;60.658629;59.730864833333335;454.4;85.97233866616786;-3.3378363317917845;109.0;;46.4;3.918466869771682;;0.0615234375;1.0474853515625;0.0107421875;Груженный движется вперед;32;75131;130;;;;;736.0;31.0;736.0;29.0;744.0;43.0;736.0;42.0;782.989247311828;36.74731182795699;740.0;40.0;/home/pi/adviser/route4;['/home/pi/adviser/route4', '/home/pi/adviser/route1', '/home/pi/adviser/route3', '/home/pi/adviser/route2'];125;;;9.2;9.0;8.4;9.5;9.19145023604322;0.393485712870319;-0.23592681721432585;8.8;8.8;7.2;10.44;point_30%;8.8;7.2;1;0;0;0;-;0;0;0;flat;0;0.0;1.6;flat;1;0.01;0.0;1
145.0;13.636363636363633;60.6586215;59.7309285;453.8;76.53009961830716;1.2960356739967642;111.0;;46.4;3.571889846235363;;-0.0234375;1.00927734375;0.2393798828125;Груженный движется вперед;32;75131;130;;;;;736.0;31.0;736.0;29.0;744.0;43.0;736.0;42.0;783.0752688172042;36.76881720430107;740.0;40.0;/home/pi/adviser/route4;['/home/pi/adviser/route4', '/home/pi/adviser/route1', '/home/pi/adviser/route3', '/home/pi/adviser/route2'];125;;;9.2;9.0;8.4;7.0;9.50719540211164;0.3538323573330747;-0.07908720800371949;8.8;8.8;7.2;7.2;-;8.8;7.2;0;0;0;0;-;0;0;0;flat;0;13.636363636363633;1.6;flat;1;0.01;0.0;1
149.0;13.636363636363633;60.658618833333335;59.73099716666667;453.9;82.46830003559782;-1.093832378088729;111.0;;46.4;3.757431055979961;;0.0191650390625;0.9962158203125;0.12939453125;Груженный движется вперед;32;75131;130;;;;;736.0;31.0;736.0;29.0;744.0;43.0;736.0;42.0;783.1612903225806;36.79032258064516;740.0;40.0;/home/pi/adviser/route4;['/home/pi/adviser/route4', '/home/pi/adviser/route1', '/home/pi/adviser/route3', '/home/pi/adviser/route2'];125;;;8.4;10.4;9.1;7.0;9.61791154660309;0.3751287607095559;-0.11652065898151664;8.8;8.8;7.2;7.2;-;8.8;7.2;0;0;0;0;-;0;0;0;flat;0;0.0;1.6;flat;1;0.01;0.0;1
153.0;13.636363636363633;60.658615;59.731064;454.6;74.87385669704749;0.4845058707844841;106.0;;46.4;3.6705700660839486;;-0.0098876953125;1.093505859375;0.2950439453125;Груженный движется вперед;32;75131;130;;;;;736.0;31.0;736.0;29.0;744.0;43.0;736.0;42.0;783.247311827957;36.81182795698925;740.0;40.0;/home/pi/adviser/route4;['/home/pi/adviser/route4', '/home/pi/adviser/route1', '/home/pi/adviser/route3', '/home/pi/adviser/route2'];125;;;8.4;10.4;9.1;3.5;9.751698787287847;0.45488178567020826;-0.22601596236903543;8.8;8.8;7.2;7.2;-;8.8;7.2;0;0;0;0;-;0;0;0;flat;0;0.0;1.6;flat;1;0.589644361752694;1.8727999081837516;1
157.0;13.636363636363631;60.658607;59.731135;454.6;77.6829962228206;2.984240426577216;103.0;;46.4;3.974040256110497;;-0.0523681640625;0.9556884765625;0.2105712890625;Груженный движется вперед;32;75131;130;;;;;736.0;31.0;736.0;29.0;744.0;43.0;736.0;42.0;783.3333333333333;36.83333333333333;740.0;40.0;/home/pi/adviser/route4;['/home/pi/adviser/route4', '/home/pi/adviser/route1', '/home/pi/adviser/route3', '/home/pi/adviser/route2'];125;;;9.2;8.0;8.6;5.0;9.787559252697305;0.37866299640633005;-0.4137955674124978;8.8;8.8;7.2;7.2;-;8.8;7.2;0;0;0;0;-;0;0;0;flat;0;0.0;1.6;flat;1;0.01;1.927347478325026;1
160.0;13.54545454545454;60.65859283333333;59.73120083333333;454.2;80.6044079653164;-1.2687174279817588;107.0;;46.4;3.9221593620614357;;0.0244140625;1.0877685546875;0.17822265625;Груженный движется вперед;32;75131;130;;;;;736.0;31.0;736.0;29.0;744.0;43.0;736.0;42.0;783.4193548387098;36.85483870967742;740.0;40.0;/home/pi/adviser/route4;['/home/pi/adviser/route4', '/home/pi/adviser/route1', '/home/pi/adviser/route3', '/home/pi/adviser/route2'];125;;;9.2;6.7;8.4;9.1;9.590994362422164;0.443729504135731;-0.558047524908706;8.8;8.8;7.2;7.2;-;8.8;7.2;0;0;0;0;-;0;0;0;flat;0;0.0;1.6;flat;1;0.01;1.8552971053035296;1
164.0;13.36363636363636;60.6585755;59.7312575;453.9;81.70197865443512;-0.5025550735294934;107.0;;46.4;3.6439214919521854;;0.010498046875;1.04296875;0.11865234375;Груженный движется вперед;32;75131;130;;;;;736.0;31.0;736.0;29.0;744.0;43.0;736.0;42.0;783.505376344086;36.876344086021504;740.0;40.0;/home/pi/adviser/route4;['/home/pi/adviser/route4', '/home/pi/adviser/route1', '/home/pi/adviser/route3', '/home/pi/adviser/route2'];125;;;9.6;7.5;5.8;9.1;9.470292696633162;0.4508553138983671;-0.492388401696382;8.8;8.8;7.2;7.2;-;8.8;7.2;0;0;0;0;-;0;0;0;flat;0;0.0;1.6;flat;1;0.01;1.8552971053035296;1
168.0;13.18181818181818;60.658559333333336;59.731319;453.6;78.00292937265631;-1.198482961310101;100.0;;46.4;3.807007671987642;;0.021240234375;1.0220947265625;0.218017578125;Груженный движется вперед;32;75131;130;;;;;736.0;31.0;736.0;29.0;744.0;43.0;736.0;42.0;783.5913978494624;36.89784946236559;740.0;40.0;/home/pi/adviser/route4;['/home/pi/adviser/route4', '/home/pi/adviser/route1', '/home/pi/adviser/route3', '/home/pi/adviser/route2'];125;;;9.6;8.5;8.1;5.7;9.531416184552088;0.38931772727939246;-0.7604908786043807;8.8;8.8;7.2;7.2;-;8.8;7.2;0;0;0;0;-;0;0;0;flat;0;0.0;1.6;flat;1;0.01;1.9851679026747768;1
171.0;12.909090909090907;60.6585375;59.731365833333335;452.9;75.69183338930677;0.6833130062387238;98.0;;46.4;3.5261806203424535;;-0.0140380859375;1.0826416015625;0.272705078125;Груженный движется вперед;32;75131;130;;;;;736.0;31.0;736.0;29.0;744.0;43.0;736.0;42.0;783.6774193548388;36.91935483870968;740.0;40.0;/home/pi/adviser/route4;['/home/pi/adviser/route4', '/home/pi/adviser/route1', '/home/pi/adviser/route3', '/home/pi/adviser/route2'];125;;;8.4;7.3;8.1;6.1;9.429955589065637;0.42226344029939267;-0.7493299965598559;8.8;8.8;7.2;7.2;-;8.8;7.2;0;0;0;0;-;0;0;0;flat;0;0.0;1.6;flat;1;0.01;2.0256815333416087;1
175.0;12.636363636363635;60.65851683333333;59.73141116666667;452.4;77.63539334632111;1.994295096290146;103.0;;46.4;3.3775914383904198;;-0.0328369140625;0.9425048828125;0.201171875;Груженный движется вперед;32;75131;130;;;;;736.0;31.0;736.0;29.0;744.0;43.0;736.0;42.0;783.763440860215;36.94086021505376;740.0;40.0;/home/pi/adviser/route4;['/home/pi/adviser/route4', '/home/pi/adviser/route1', '/home/pi/adviser/route3', '/home/pi/adviser/route2'];125;;;8.4;8.3;11.4;6.6;9.467300106886054;0.3662773133297741;-0.7295519131919064;8.8;8.8;10.44;7.2;point_30%;8.8;7.2;2;0;0;0;-;0;0;0;flat;0;0.0;1.6;flat;1;0.01;1.927347478325026;1
178.0;12.363636363636363;60.658495;59.731461;452.4;75.96303811572525;0.3710060958058161;108.0;;46.4;3.6464900513728447;;-0.008056640625;1.1396484375;0.2825927734375;Груженный движется вперед;32;75131;130;;;;;736.0;31.0;736.0;29.0;744.0;43.0;736.0;42.0;783.8494623655914;36.96236559139785;740.0;40.0;/home/pi/adviser/route1;['/home/pi/adviser/route1', '/home/pi/adviser/route4', '/home/pi/adviser/route3', '/home/pi/adviser/route2'];125;;;10.3;8.6;11.4;6.6;9.342835223603053;0.3301539687388966;-0.7935649308766393;8.8;8.8;10.44;7.2;point_30%;8.8;7.2;2;0;0;0;-;0;0;0;flat;0;0.0;1.6;flat;1;0.01;1.8381184284025711;1
182.0;12.18181818181818;60.65847333333333;59.7315045;452.4;79.46811711139759;-1.5122092167428212;105.0;;46.4;3.3835106712541725;;0.0283203125;1.03369140625;0.19140625;Груженный движется вперед;32;75131;130;;;;;736.0;31.0;736.0;29.0;744.0;43.0;736.0;42.0;783.9354838709678;36.983870967741936;740.0;40.0;/home/pi/adviser/route1;['/home/pi/adviser/route1', '/home/pi/adviser/route4', '/home/pi/adviser/route3', '/home/pi/adviser/route2'];125;;;10.3;8.7;9.0;7.9;9.165781483143409;0.25059162866451473;-0.9936372579526758;8.8;8.8;7.2;7.2;point_30%;8.8;7.2;2;0;0;0;-;0;0;0;flat;0;0.0;1.6;flat;1;0.01;1.8906360977855017;1
185.0;12.09090909090909;60.658449;59.73153683333334;452.2;74.01017681570445;0.1347357351550352;106.0;;46.4;3.2324193791204374;;-0.0030517578125;1.048828125;0.300537109375;Груженный движется вперед;32;75131;130;;;;;736.0;31.0;736.0;29.0;744.0;43.0;736.0;42.0;784.0;37.0;740.0;40.0;/home/pi/adviser/route1;['/home/pi/adviser/route1', '/home/pi/adviser/route4', '/home/pi/adviser/route3', '/home/pi/adviser/route2'];125;;;10.1;8.7;8.1;7.9;9.0941113898064;0.19921408798210447;-1.0142199755725443;8.8;8.8;7.2;7.2;point_30%;8.8;7.2;2;0;0;0;-;0;0;0;flat;0;0.0;1.6;flat;1;0.01;1.8727999081837516;1
188.0;11.999999999999996;60.65842366666666;59.731569;452.4;84.23568437050889;1.6561416916029386;106.0;;46.0;3.3214520423659026;;-0.026611328125;0.9332275390625;0.087890625;Груженный движется вперед;32;75131;130;;;;;736.0;31.0;736.0;29.0;744.0;43.0;736.0;42.0;784.0;37.0;740.0;40.0;/home/pi/adviser/route1;['/home/pi/adviser/route1', '/home/pi/adviser/route4', '/home/pi/adviser/route3', '/home/pi/adviser/route2'];125;;;10.1;8.6;8.1;8.4;9.040838277521315;0.07802978333976321;-1.0437968888018285;8.8;8.8;7.2;7.2;point_30%;8.8;7.2;2;0;0;0;-;0;0;0;flat;0;0.0;1.6;flat;1;0.01;1.8727999081837516;1
191.0;11.818181818181817;60.658402333333335;59.73159433333333;452.1;82.33789537568786;-1.2746819985215032;104.0;;46.0;2.747657766567458;;0.0205078125;1.0126953125;0.1337890625;Груженный движется вперед;32;75131;130;;;;;736.0;31.0;736.0;29.0;744.0;43.0;736.0;42.0;784.0;37.0;740.0;40.0;/home/pi/adviser/route1;['/home/pi/adviser/route1', '/home/pi/adviser/route4', '/home/pi/adviser/route3', '/home/pi/adviser/route2'];125;;;8.9;8.6;10.4;8.4;8.815444791777157;0.016317124910979287;-1.2652602386571332;8.8;8.8;10.44;7.2;point_30%;8.8;7.2;2;0;0;0;-;0;0;0;flat;0;0.0;1.6;flat;1;0.01;1.9088152910334393;1
195.0;11.636363636363633;60.65837333333333;59.731613;451.8;82.3961702196013;-2.96480835842742;108.0;;46.0;3.385097738344431;;0.05322265625;1.0189208984375;0.1243896484375;Груженный движется вперед;32;75131;130;;;;;736.0;31.0;736.0;29.0;744.0;43.0;736.0;42.0;784.0;37.0;740.0;40.0;/home/pi/adviser/route1;['/home/pi/adviser/route1', '/home/pi/adviser/route4', '/home/pi/adviser/route3', '/home/pi/adviser/route2'];125;;;10.6;8.6;10.4;7.0;8.753641948729417;-0.027947393341535662;-1.1389892104607724;8.8;8.8;10.44;7.2;point_30%;8.8;7.2;2;0;0;0;-;0;0;0;flat;0;0.0;1.6;flat;1;0.01;1.8381184284025711;1
198.0;11.363636363636363;60.65834816666667;59.73163666666667;451.6;74.82530517506865;-0.5930797690524534;108.0;;46.0;3.08473243920189;;0.010498046875;0.9725341796875;0.263427734375;Груженный движется вперед;32;75131;130;;;;;736.0;31.0;736.0;29.0;744.0;43.0;736.0;42.0;784.0;37.0;740.0;40.0;/home/pi/adviser/route1;['/home/pi/adviser/route1', '/home/pi/adviser/route4', '/home/pi/adviser/route3', '/home/pi/adviser/route2'];125;;;10.6;9.2;9.8;7.0;8.685774955021484;0.08711313319996344;-1.371034587692325;8.8;8.8;10.44;7.2;point_30%;8.8;7.2;2;0;0;0;-;0;0;0;flat;0;0.0;1.6;flat;1;0.01;1.8381184284025711;1
201.0;11.18181818181818;60.658320333333336;59.731648166666666;451.5;76.87120184529697;-0.341610596938199;107.0;;46.0;3.1613110991612436;;0.005859375;1.016357421875;0.2352294921875;Груженный движется вперед;32;75131;130;;;;;736.0;31.0;736.0;29.0;744.0;43.0;736.0;42.0;784.0;37.0;740.0;40.0;/home/pi/adviser/route1;['/home/pi/adviser/route1', '/home/pi/adviser/route4', '/home/pi/adviser/route3', '/home/pi/adviser/route2'];125;;;10.2;9.2;8.4;5.3;8.839343359045298;-0.06384098124189444;-1.5959918758422837;8.8;8.8;7.2;7.2;-;8.8;7.2;0;0;0;0;-;0;0;0;flat;0;0.0;1.6;flat;1;0.01;1.8552971053035296;1
204.0;10.818181818181817;60.658291166666665;59.73164666666667;451.4;80.40848883625117;-0.5543416770858551;105.0;;46.0;3.247904314692774;;0.0107421875;1.0404052734375;0.1724853515625;Груженный движется вперед;32;75131;130;;;;;736.0;31.0;736.0;29.0;744.0;43.0;736.0;42.0;784.0;37.0;740.0;40.0;/home/pi/adviser/route1;['/home/pi/adviser/route1'];125;;;10.2;7.4;8.4;7.4;8.626966589307296;-0.10328768453256754;-1.6697566121622516;8.8;8.8;7.2;7.2;-;8.8;7.2;0;0;0;0;-;0;0;0;flat;0;0.0;1.6;flat;1;0.01;1.8906360977855017;1
207.0;10.545454545454543;60.658265666666665;59.7316415;451.4;81.39802492262895;-2.2471265432592022;105.0;;46.0;2.852651881680015;;0.04150390625;1.02490234375;0.1490478515625;Груженный движется вперед;32;75131;130;;;;;736.0;31.0;736.0;29.0;744.0;43.0;736.0;42.0;784.0;37.0;740.0;40.0;/home/pi/adviser/route1;['/home/pi/adviser/route1'];125;;;9.0;7.4;7.5;7.4;8.656307838292388;-0.1682018396071271;-1.7327058502576853;8.8;8.8;7.2;7.2;-;8.8;7.2;0;0;0;0;-;0;0;0;flat;0;0.0;1.6;flat;1;0.01;1.8906360977855017;1
210.0;10.18181818181818;60.65823816666666;59.73163233333333;451.2;81.79934762818954;-2.8272397939560827;104.0;;46.0;3.1019068255392304;;0.0545654296875;1.07666015625;0.130615234375;Груженный движется вперед;32;75131;130;;;;;736.0;31.0;736.0;29.0;744.0;43.0;736.0;42.0;784.0;37.0;740.0;40.0;/home/pi/adviser/route1;['/home/pi/adviser/route1'];125;;;9.0;8.4;7.8;6.4;8.429553730546012;-0.0884131793545948;-2.0415109083424654;8.8;8.8;7.2;7.2;-;8.8;7.2;0;0;0;0;-;0;0;0;flat;0;0.0;1.6;flat;1;0.01;1.9088152910334393;1
213.0;9.818181818181815;60.6582165;59.73160983333333;451.3;79.70947598745408;0.6163378390609134;107.0;;46.0;2.7062866615246906;;-0.0118408203125;1.0380859375;0.189697265625;Груженный движется вперед;32;75131;130;;;;;736.0;31.0;736.0;29.0;744.0;43.0;736.0;42.0;784.0;37.0;740.0;40.0;/home/pi/adviser/route1;['/home/pi/adviser/route1'];125;;;9.0;10.6;9.0;6.4;8.175954180195294;0.001070266750154869;-2.3529255786455803;8.8;8.8;7.2;7.2;-;8.8;7.2;0;0;0;0;-;0;0;0;flat;0;0.0;1.6;flat;1;0.01;1.8552971053035296;1
217.0;9.272727272727272;60.65818916666667;59.73155441666667;451.4;82.31212429766077;-1.958152648472835;108.0;;46.0;4.2891470792853;;0.03466796875;1.021240234375;0.1304931640625;Груженный движется вперед;32;75131;130;;;;;736.0;31.0;736.0;29.0;744.0;43.0;736.0;42.0;784.0;37.0;740.0;40.0;/home/pi/adviser/route1;['/home/pi/adviser/route1'];125;;;9.6;10.6;9.0;6.2;8.07965752482408;0.010471732540915726;-2.515827993353592;8.8;8.8;7.2;7.2;-;8.8;7.2;0;0;0;0;-;0;0;0;flat;0;0.0;1.6;flat;1;0.01;1.8381184284025711;1
221.0;8.636363636363635;60.658166916666666;59.73149158333334;451.05;81.28008904850726;3.1169366900268134;103.0;;46.0;4.228830769385614;;-0.0546875;0.994140625;0.142333984375;Груженный движется вперед;32;75131;130;;;;;736.0;31.0;736.0;29.0;744.0;43.0;736.0;42.0;784.0;37.0;740.0;40.0;/home/pi/adviser/route1;['/home/pi/adviser/route1'];125;;;9.0;9.2;8.6;6.4;7.924614459605032;0.10655034561855826;-3.065705672231843;8.8;8.8;7.2;7.2;-;8.8;7.2;0;0;0;0;-;0;0;0;flat;0;0.0;1.6;flat;1;0.01;1.927347478325026;1
224.0;7.909090909090907;60.65816483333333;59.73143566666667;450.8;83.23501269539531;1.2379328113157508;101.0;;46.0;3.0590356619735357;;-0.022216796875;1.022705078125;0.1141357421875;Груженный движется вперед;32;75131;130;;;;;736.0;31.0;736.0;29.0;744.0;43.0;736.0;42.0;784.0;37.0;740.0;40.0;/home/pi/adviser/route1;['/home/pi/adviser/route1'];125;;;9.0;10.6;8.6;7.2;7.778911833821577;0.016598349834065648;-2.538564303672805;8.8;8.8;7.2;7.2;-;8.8;7.2;0;0;0;0;-;0;0;0;flat;0;0.0;1.6;flat;1;0.01;1.9655127749255217;1
226.0;7.181818181818181;60.658155666666666;59.7314085;450.7;82.24070430048207;-0.4406818429146639;103.0;;46.0;1.799285755245782;;0.00830078125;1.017822265625;0.1275634765625;Груженный движется вперед;32;75131;130;;;;;736.0;31.0;736.0;29.0;744.0;43.0;736.0;42.0;784.0;37.0;740.0;40.0;/home/pi/adviser/route1;['/home/pi/adviser/route1'];125;;;8.6;10.6;8.3;7.2;7.5023255858931694;-0.028898115540802752;2.395885478760577;8.8;8.8;7.2;7.2;-;8.8;7.2;0;0;0;0;-;0;0;0;flat;0;0.0;1.6;flat;1;0.01;1.927347478325026;1
229.0;6.363636363636362;60.65817316666666;59.73136983333333;450.8;85.41078003983759;0.5768042091381765;103.0;;46.0;2.871258906843679;;-0.01025390625;1.0130615234375;0.0809326171875;Груженный движется вперед;32;75131;130;;;;;736.0;31.0;736.0;29.0;744.0;43.0;736.0;42.0;784.0;37.0;740.0;40.0;/home/pi/adviser/route4;['/home/pi/adviser/route4', '/home/pi/adviser/route3', '/home/pi/adviser/route2'];125;;;8.6;9.8;8.3;6.2;7.4490266212527;0.01008499424374975;3.0376128978612984;8.8;8.8;7.2;7.2;-;8.8;7.2;0;0;0;0;-;0;0;0;flat;0;0.0;1.6;flat;1;0.01;1.927347478325026;0
231.0;5.636363636363636;60.65817466666667;59.7313405;450.5;81.85304310452807;1.7285045101565255;102.0;;46.0;1.6088102581263817;;-0.0306396484375;1.0067138671875;0.1409912109375;Груженный движется вперед;32;75131;130;;;;;736.0;31.0;736.0;29.0;744.0;43.0;736.0;42.0;784.0;37.0;740.0;40.0;/home/pi/adviser/route4;['/home/pi/adviser/route4', '/home/pi/adviser/route3', '/home/pi/adviser/route2'];125;;;8.9;9.8;6.6;6.7;7.206134758556616;0.049336217348444684;2.3078710135737186;8.8;8.8;7.2;7.2;-;8.8;7.2;0;0;0;0;-;0;0;0;flat;0;0.0;1.6;flat;1;0.01;1.9462430418380163;0
232.0;4.8181818181818175;60.65818483333334;59.731321666666666;450.3;84.79106428310516;-0.404214615288987;102.0;;46.0;1.5285109917778346;;0.00732421875;1.033203125;0.0921630859375;Груженный движется вперед;32;75131;130;;;;;736.0;31.0;736.0;29.0;744.0;43.0;736.0;42.0;784.0;37.0;740.0;40.0;/home/pi/adviser/route4;['/home/pi/adviser/route4', '/home/pi/adviser/route3', '/home/pi/adviser/route2'];125;;;8.9;10.2;6.6;6.9;7.094101356291652;-0.03485927439289371;2.389176987347291;8.8;8.8;7.2;7.2;-;8.8;7.2;0;0;0;0;-;0;0;0;flat;0;0.0;1.6;flat;1;0.01;1.9462430418380163;0
233.0;4.09090909090909;60.65819316666666;59.7313035;450.3;85.00701308637255;2.0902293259196547;102.0;;46.0;1.3574370053687546;;-0.0369873046875;1.005859375;0.0609130859375;Груженный движется вперед;32;75131;130;;;;;736.0;31.0;736.0;29.0;744.0;43.0;736.0;42.0;784.0;37.0;740.0;40.0;/home/pi/adviser/route4;['/home/pi/adviser/route4', '/home/pi/adviser/route3', '/home/pi/adviser/route2'];125;;;8.7;10.2;7.2;6.9;6.677336817358125;0.06278893041214964;-2.609542385323878;8.8;8.8;7.2;7.2;-;8.8;7.2;0;0;0;0;-;0;0;0;flat;0;0.0;1.6;flat;1;0.01;1.9462430418380163;0
234.0;3.3636363636363633;60.65818941666667;59.7312905;450.0;84.77783513954668;0.34875718036896597;102.0;;45.8;0.5962475141225234;;-0.006103515625;1.031982421875;0.086669921875;Груженный движется вперед;32;75131;130;;;;;736.0;31.0;736.0;29.0;744.0;43.0;736.0;42.0;784.0;37.0;740.0;40.0;/home/pi/adviser/route1;['/home/pi/adviser/route1'];125;;;8.7;9.8;7.2;7.0;6.539547347833215;0.044390805215630935;-1.9153662573145556;8.8;8.8;7.2;7.2;-;8.8;7.2;0;0;0;0;-;0;0;0;flat;0;0.0;1.6;flat;1;0.01;1.9462430418380163;1
235.0;3.090909090909091;60.6581835;59.73128616666666;449.7;83.92838249004141;-1.2449902252293588;103.0;;45.6;0.5223558642099771;;0.0224609375;1.024169921875;0.1070556640625;Груженный стоит;32;75131;130;;;;;736.0;31.0;736.0;29.0;744.0;43.0;736.0;42.0;784.0;37.0;740.0;40.0;/home/pi/adviser/route1;['/home/pi/adviser/route1'];125;;;8.3;9.4;6.2;7.4;6.401757878308306;0.025992680019112202;-2.7723114693875868;8.8;8.8;7.2;7.2;-;8.8;7.2;0;0;0;0;-;0;0;0;flat;0;0.0;1.6;flat;1;0.01;1.927347478325026;1
236.0;2.999999999999999;60.65818166666666;59.7312765;449.5;83.99784711599325;1.570051900554528;105.0;;45.6;0.5654297943310028;;-0.0316162109375;1.0513916015625;0.0875244140625;Груженный стоит;32;75131;130;;;;;736.0;31.0;736.0;29.0;744.0;43.0;736.0;42.0;784.0;37.0;740.0;40.0;/home/pi/adviser/route1;['/home/pi/adviser/route1'];125;;;8.3;9.5;6.2;8.0;6.263968408783398;0.007594554822593413;2.81709752358739;8.8;8.8;7.2;7.2;-;8.8;7.2;0;0;0;0;-;0;0;0;flat;0;0.0;1.6;flat;1;0.01;1.8906360977855017;1
237.0;2.999999999999999;60.658186666666666;59.731246166666665;449.3;83.86130876663834;1.643649444789525;107.0;;45.6;1.7457790355554184;;-0.0311279296875;1.0303955078125;0.1025390625;Груженный стоит;32;75131;130;;;;;736.0;31.0;736.0;29.0;744.0;43.0;736.0;42.0;784.0;37.0;740.0;40.0;/home/pi/adviser/route4;['/home/pi/adviser/route4', '/home/pi/adviser/route3', '/home/pi/adviser/route2'];125;;;9.4;9.6;5.8;8.0;6.126178939258489;-0.01080357037392532;-0.8788714616763342;8.8;8.8;7.2;7.2;-;8.8;7.2;0;0;0;0;-;0;0;0;flat;0;0.0;1.6;flat;1;0.01;1.8552971053035296;0
238.0;2.999999999999999;60.65818208333333;59.73125391666667;448.95000000000005;82.98121156540513;2.597776882588981;109.5;;45.6;0.9013013824554748;;-0.0467529296875;1.0169677734375;0.10723876953125;Груженный стоит;32;75131;130;;;;;736.0;31.0;736.0;29.0;744.0;43.0;736.0;42.0;784.0;37.0;740.0;40.0;/home/pi/adviser/route1;['/home/pi/adviser/route1', '/home/pi/adviser/route4', '/home/pi/adviser/route3', '/home/pi/adviser/route2'];125;;;9.4;10.1;8.6;8.0;5.98838946973358;-0.029201695570444053;-0.3849108331615154;8.8;8.8;7.2;7.2;-;8.8;7.2;0;0;0;0;-;0;0;0;flat;0;0.0;1.6;flat;1;0.01;1.8129387239039059;1
241.0;2.9999999999999996;60.65817316666666;59.73129883333333;448.5;81.53792219639467;1.0483347393717404;111.0;;45.6;2.1995220730917158;;-0.018798828125;0.9990234375;0.1474609375;Груженный стоит;32;75131;130;;;;;736.0;31.0;736.0;29.0;744.0;43.0;736.0;42.0;784.0;37.0;740.0;40.0;/home/pi/adviser/route1;['/home/pi/adviser/route1', '/home/pi/adviser/route4', '/home/pi/adviser/route3', '/home/pi/adviser/route2'];125;;;9.0;10.1;8.6;6.8;5.85060000020867;-0.047599820766962786;-0.23932457895163028;8.8;8.8;7.2;7.2;-;8.8;7.2;0;0;0;0;-;0;0;0;flat;0;0.0;1.6;flat;1;0.01;1.7884395519592584;1
242.0;3.0909090909090904;60.6581695;59.7313295;448.2;82.38732650313044;-2.1485199175490868;110.0;;45.6;1.7219320618892828;;0.0401611328125;1.06103515625;0.133544921875;Груженный стоит;32;75131;130;;;;;736.0;31.0;736.0;29.0;744.0;43.0;736.0;42.0;784.0;37.0;740.0;40.0;/home/pi/adviser/route1;['/home/pi/adviser/route1', '/home/pi/adviser/route4', '/home/pi/adviser/route3', '/home/pi/adviser/route2'];125;;;8.6;9.2;6.7;7.8;5.712810530683762;-0.06599794596348152;-0.44242162767232074;8.8;8.8;7.2;7.2;-;8.8;7.2;0;0;0;0;-;0;0;0;flat;0;0.0;1.6;flat;1;0.01;1.8046980933407062;1
244.0;3.2727272727272725;60.658163;59.7313575;447.7;86.09620495668617;0.0312867051204754;112.0;;45.6;1.6901174715017055;;-0.000732421875;1.024658203125;0.0677490234375;Груженный стоит;32;75131;130;;;;;736.0;31.0;736.0;29.0;744.0;43.0;736.0;42.0;784.0;37.0;740.0;40.0;/home/pi/adviser/route1;['/home/pi/adviser/route1', '/home/pi/adviser/route4', '/home/pi/adviser/route3', '/home/pi/adviser/route2'];125;;;7.9;9.1;6.7;7.8;5.575021061158853;-0.08439607116000025;0.2667972601705768;8.8;8.8;7.2;7.2;-;8.8;7.2;0;0;0;0;-;0;0;0;flat;0;0.0;1.6;flat;1;0.01;1.7724713416739077;1
245.0;3.454545454545454;60.6581655;59.73137616666666;447.4;83.84139364700033;-1.5789657990768662;111.0;;45.6;1.05560624119665;;0.0296630859375;1.04638671875;0.1107177734375;Груженный стоит;32;75131;130;;;;;736.0;31.0;736.0;29.0;744.0;43.0;736.0;42.0;784.0;37.0;740.0;40.0;/home/pi/adviser/route1;['/home/pi/adviser/route1', '/home/pi/adviser/route4', '/home/pi/adviser/route3', '/home/pi/adviser/route2'];125;;;7.9;9.1;6.0;8.7;5.437231591633944;-0.10279419635651904;-0.24665232492849243;8.8;8.8;7.2;7.2;-;8.8;7.2;0;0;0;0;-;0;0;0;flat;0;0.0;1.6;flat;1;0.01;1.7884395519592584;1
247.0;3.7272727272727266;60.65816233333334;59.73140183333334;447.3;85.84843881934684;-3.6731493050916986;112.0;;45.6;1.4438028163635588;;0.0665283203125;1.054443359375;0.0245361328125;Груженный движется назад;32;75131;130;;;;;736.0;31.0;736.0;29.0;744.0;43.0;736.0;42.0;784.0;37.0;740.0;40.0;/home/pi/adviser/route1;['/home/pi/adviser/route1', '/home/pi/adviser/route4', '/home/pi/adviser/route3', '/home/pi/adviser/route2'];125;;;7.4;10.0;6.9;8.7;5.299442122109035;-0.12119232155303777;-0.41314903358489374;8.8;8.8;7.2;7.2;-;8.8;7.2;0;0;0;0;-;0;0;0;flat;0;0.0;1.6;flat;1;0.01;1.7724713416739077;1
248.0;4.090909090909091;60.6581575;59.73142433333334;447.2;82.64187700078153;1.7699328995781558;111.0;;45.6;1.340122748118086;;-0.0313720703125;1.02587890625;0.12646484375;Груженный движется назад;32;75131;130;;;;;736.0;31.0;736.0;29.0;744.0;43.0;736.0;42.0;784.0;37.0;740.0;40.0;/home/pi/adviser/route1;['/home/pi/adviser/route1', '/home/pi/adviser/route4', '/home/pi/adviser/route3', '/home/pi/adviser/route2'];125;;;7.8;10.0;8.4;6.8;5.1616526525841255;-0.1395904467495565;-0.5056702125522987;8.8;8.8;7.2;7.2;-;8.8;7.2;0;0;0;0;-;0;0;0;flat;0;0.0;1.6;flat;1;0.01;1.7884395519592584;1
249.0;4.172727272727274;60.65815166666667;59.73144583333333;446.6;84.92182227400235;2.184696363609381;110.0;;45.6;1.340591860802774;;-0.0401611328125;1.0391845703125;0.0838623046875;Груженный движется назад;32;75131;130;;;;;736.0;31.0;736.0;29.0;744.0;43.0;736.0;42.0;784.0;37.0;740.0;40.0;/home/pi/adviser/route1;['/home/pi/adviser/route1', '/home/pi/adviser/route4', '/home/pi/adviser/route3', '/home/pi/adviser/route2'];125;;;8.0;10.2;8.7;6.1;5.023863183059217;-0.1579885719460753;-0.33405659388330355;8.8;8.8;7.2;7.2;-;8.8;7.2;0;0;0;0;-;0;0;0;flat;0;0.0;1.6;flat;1;0.01;1.8046980933407062;1
251.0;4.254545454545456;60.6581475;59.73147033333333;446.0;79.77106408295302;0.7078524733999133;110.0;;45.6;1.4146686622346172;;-0.0123291015625;0.9854736328125;0.1771240234375;Груженный движется назад;32;75131;130;;;;;736.0;31.0;736.0;29.0;744.0;43.0;736.0;42.0;784.0;37.0;740.0;40.0;/home/pi/adviser/route1;['/home/pi/adviser/route1', '/home/pi/adviser/route4', '/home/pi/adviser/route3', '/home/pi/adviser/route2'];125;;;8.0;10.2;8.7;5.8;4.886073713534309;-0.17638669714259403;-0.4050221959174418;8.8;8.8;7.2;7.2;-;8.8;7.2;0;0;0;0;-;0;0;0;flat;0;0.0;1.6;flat;1;0.01;1.8046980933407062;1
252.0;4.336363636363638;60.658143333333335;59.73149016666667;445.6;84.31326419697115;-0.924284266649116;110.0;;45.6;1.1771390955232253;;0.0166015625;1.0189208984375;0.098876953125;Груженный движется назад;32;75131;130;;;;;736.0;31.0;736.0;29.0;744.0;43.0;736.0;42.0;784.0;37.0;740.0;40.0;/home/pi/adviser/route1;['/home/pi/adviser/route1', '/home/pi/adviser/route4', '/home/pi/adviser/route3', '/home/pi/adviser/route2'];125;;;7.8;10.2;7.7;6.7;4.748284244009399;-0.19478482233911276;-0.6486966497596152;8.8;8.8;7.2;7.2;-;8.8;7.2;0;0;0;0;-;0;0;0;flat;0;0.0;1.6;flat;1;0.01;1.8046980933407062;1
254.0;4.418181818181819;60.65813225;59.73152;445.0;83.15357373654055;1.2662420107213483;111.0;;45.400000000000006;1.6689408180726133;;-0.02301025390625;1.026123046875;0.11993408203125;Груженный движется назад;32;75131;130;;;;;736.0;31.0;736.0;29.0;744.0;43.0;736.0;42.0;784.0;37.0;740.0;40.0;/home/pi/adviser/route1;['/home/pi/adviser/route1', '/home/pi/adviser/route4', '/home/pi/adviser/route3', '/home/pi/adviser/route2'];125;;;8.9;10.2;7.7;7.9;4.610494774484491;-0.2131829475356315;-0.46090668414869373;8.8;8.8;7.2;7.2;-;8.8;7.2;0;0;0;0;-;0;0;0;flat;0;0.0;1.6;flat;1;0.01;1.7884395519592584;1
256.0;4.500000000000001;60.65812616666667;59.731545;444.5;85.8003070201248;-3.087655023411393;110.0;;45.2;1.1164758849601335;;0.0552978515625;1.0308837890625;0.0296630859375;Груженный движется назад;32;75131;130;;;;;736.0;31.0;736.0;29.0;744.0;43.0;736.0;42.0;784.0;37.0;740.0;40.0;/home/pi/adviser/route1;['/home/pi/adviser/route1', '/home/pi/adviser/route4', '/home/pi/adviser/route3', '/home/pi/adviser/route2'];125;;;8.9;8.9;7.2;6.7;4.4727053049595815;-0.23158107273215023;1.5707963267948966;8.8;8.8;7.2;7.2;-;8.8;7.2;0;0;0;0;-;0;0;0;flat;0;0.0;1.6;flat;1;0.01;1.8046980933407062;1
